"Hash","File"
"2429428AB481E1E9F1A296081149905AFAE23E10E6991EB3C051572B70D1871F","core\__pycache__\__init__.cpython-314.pyc"
"B6F9E42BD8901596F1973F25DDA35604882A7ADAF095B46BF2BE1B4CE7FBFB7E","core\__pycache__\arcos_solares.cpython-314.pyc"
"1946665C57D8866ADEBD86B2F2EDD8AA763085E15FC85868A56E9A784D79DF77","core\__pycache__\auditoria_manager.cpython-314.pyc"
"E210FB00BDF763CABCC89BBA9108FCA62C800BFFA2BA02B2BC318A7BC045C3F1","core\__pycache__\correccion_geofisica_v26.cpython-314.pyc"
"6FFB3B60AC0A9F3A73E28FCD3EF3D4FC06B4C01D98FCFD6F2AEFF3A50113679B","core\__pycache__\data_model.cpython-314.pyc"
"816CA23C39E82EE17D146B8C4A81487EB53E7CC59B61ADC1780F48E0B8EA2F40","core\__pycache__\feedback_manager.cpython-314.pyc"
"795004BB364BCD6B62A38DA7A12192B05B806B0AE0BD5F9E22FD837D39D0ECE9","core\__pycache__\fiabilidad_manager.cpython-314.pyc"
"7C5A7C11FD900FC1BEBAA080EB54C95B157D8446AB9C150C91C9ADF3F51670B2","core\__pycache__\ideas_master_blocks.cpython-314.pyc"
"A1E281328201DB47D6096AACF4393F8F637798607001657018E46EEC88BA5221","core\__pycache__\logger.cpython-314.pyc"
"404B2F978D8CA437095460926BE5891FEE827D7A836C59878D42B33828691475","core\__pycache__\recomendaciones_motor.cpython-314.pyc"
"1541BC79EA21BA0260180C0BC8E2E0FACEF2587D681ADF0EFAEFDCBBF434FC17","core\__pycache__\system_manager.cpython-314.pyc"
"B538C559BB365812543572572B399D401133C45EA8B4F2EA1368E0985DD7DEEB","core\__pycache__\utils.cpython-314.pyc"
"98C3C5B9206837F7A399BAC2DBF18F837A84F858447179536B5747CDC1BD10CD","core\ai\__pycache__\__init__.cpython-314.pyc"
"C6BEFAFE03E44B9A3CB94CCB75D73045C27A0765088F90A2D6A0F8B4BA1C31CC","core\ai\__pycache__\autoheal.cpython-314.pyc"
"41AC3FC220F61002452E83C53FD4A74DD801F257E776D8358938748065085BB6","core\ai\__pycache__\codegen.cpython-314.pyc"
"001EF44DAD6DF404DE2857DEE24ED8C4B913319DE8808E5E6399D5FDFA6B7C70","core\ai\__pycache__\contracts.cpython-314.pyc"
"804D62527FD0AC3A1B539261A6065AFA4812B64EC61968EF9BC7A3386ED4E45F","core\ai\__pycache__\dialog.cpython-314.pyc"
"AE11D7FB7D8C62AF7081971229AF82BA3F91CAD83DF988341F46C6D1194BF8B9","core\ai\__pycache__\explainer.cpython-314.pyc"
"0362B44546A8B760D7BEA7C101393E0BA5ABC3E498E3C83029D360B9DC2057D1","core\ai\__pycache__\knowledge.cpython-314.pyc"
"4AEF80A8CA8F72657663ED8A5CD258DF4F66058642CEDD5C5FE12250DB7E21EB","core\ai\__pycache__\orchestrator.cpython-314.pyc"
"A54AE6EEE18AA996F2A2365950639E825F42AF579B445C5514BF043D31D5AF79","core\ai\__pycache__\updater.cpython-314.pyc"
"977731F83891D45EEA42CE31D0E5A17067B5E6160373DE1AAE66A73F13805DBB","core\ai\__init__.py"
"AD03F976CAF2929D08F48B46952BCEE9EE5CCA408944266B41FFC66963121884","core\ai\autoheal.py"
"50E02FC798E906FEB71ACC771A4AE4639DAB0304DEB178B792C3AF5CA561CC1C","core\ai\autoheal.py.bak"
"F2076F5D02D77B217F86CFCCC4B85764EDC60A0A9B5FCE12D20642CEB1AF5874","core\ai\codegen.py"
"6B020D421C40F35F7AA893B1569372756A1B68F6282ABD69274E995343BD0252","core\ai\contracts.py"
"48DF9CCA1EDA07514E9733013766C043DB9574D93A75548E8186278141C21B00","core\ai\dialog.py"
"2E413C5C7569B8B949EB3E9482B22462A5AA4C7585297322E95A7750BE583C24","core\ai\explainer.py"
"6B6B61653731C81A0FA0A8F45D7A5B4636B8EB34BB9630AEB9BA9741DF946687","core\ai\knowledge.py"
"9C1B73B9092DE768C2E7A6ADFBC8E9F153C31EC402604D083068D6A5BE32B62F","core\ai\orchestrator.py"
"92B901459AC245CC64F940D83AB51408D6FBAF799C9C672262C267F4726EC3CF","core\ai\orchestrator.py.bak"
"41769D919D0B1B8F118579FF0B95D8AE439DE706F2AEC8D2343DC607E20F122F","core\ai\updater.py"
"069A3D75C70879BDB783B9FA1EC44D2408F7CD0AECC5BD508449BB952B94B259","core\api\__pycache__\api_engine.cpython-314.pyc"
"1A0B3D7C93456AFAB8A745566E672F3E53C77F8BACD86B44C4ECB7A363CE8479","core\api\routers\__pycache__\__init__.cpython-314.pyc"
"12A9FDB8C56247DA77BEB891DC6813F4B209C89973122DABDA9658C4E2C487D3","core\api\routers\__pycache__\admin.cpython-314.pyc"
"BB561F3021ABAA7A5C404D08D8237DC0BBE696CCA3720D3940892D1829D85657","core\api\routers\__pycache__\assistant.cpython-314.pyc"
"5D25457430E96F64D9F8BC80CC986D48862A0DDBA36318AAA1F04A6E793E3547","core\api\routers\__pycache__\config.cpython-314.pyc"
"05871FAF11E2F07FBCD44A77650377A856C0DF265465A3BF0C096A83545605B6","core\api\routers\__pycache__\sensors.cpython-314.pyc"
"899AC4E12B3FF94A404BAA46E1A7B7523B3F54CE3A8E731C2C0D59B10DD14990","core\api\routers\__pycache__\systems.cpython-314.pyc"
"4B7EE137613442C99F67F9AAC997401188CDB0EFDB0A1463622A56DE0ADC7F1B","core\api\routers\__pycache__\voice.cpython-314.pyc"
"35237EED5FBFAF44075AF6EA704B1DB8FF73329480FE53750D59675351A88480","core\api\routers\__init__.py"
"0E860E2B48F96CCDCA24B04E601039C1FA3788E3453CDC09D2DB860AB5C728DA","core\api\routers\admin.py"
"91FCA33D8D9F62992A60EC65671F6E5B6F86D25C7B8E0522EF6A79C6A18946B7","core\api\routers\assistant.py"
"1DDEC733C8498F1BEFA8B8989ED5F7899E0F62AE43553E2665F63BC59EC5FCD9","core\api\routers\config.py"
"B0DB0783E6B485AD86094FF92584AB9B090EF105B3E9D705FC4781BDEDB0BC46","core\api\routers\sensors.py"
"8D4017CDD81671AD211091EF99B58D9F1D267472443083B1E6E9D4806A635F60","core\api\routers\systems.py"
"FDE8AF68C57D7A2684AC5592CA1857A27803FB2EBEB577A2F011E4E9774E4234","core\api\routers\voice.py"
"BDADE98403D357429320C14279276E3F770990187DB0FBD961AC78765337431C","core\api\api_engine.py"
"3BEF031B20AF33F4A265AC86272607B48AEA7C012073E34A463529EF93AF99D1","core\api\api_rest.py"
"4D0A41EA78639E0A2B5156F3250C74E77C611777204C55C85A22F978FECE3025","core\api\api_vector_aproximacion_v26.py"
"B779426F8F80C1B180595FFA0DC7A78D8274E9FB3FA475DD6E6780DE87AFAB91","core\api\api_vector_aproximacion_v26.py.bak"
"735381AE6F3C67606F48ED720CA5582C2D2D1B8C9B67A67BFB32FE4DAE09E758","core\api\services.py"
"1201A3A233DDDC0201BF724C06A1DB6036C2B954F3A31A35CF3DFBCD9286C154","core\architecture\__pycache__\__init__.cpython-314.pyc"
"4AB1655DB9F106174E5F78A5B05ACF7450EC42BF346A1D2A26B24BB502FC7D30","core\architecture\__pycache__\open_architecture.cpython-314.pyc"
"E3B0C44298FC1C149AFBF4C8996FB92427AE41E4649B934CA495991B7852B855","core\architecture\__init__.py"
"09D753E4600E09361E5D30C51CAD8866716C7F58893AE2376D39C136EB1660BC","core\architecture\open_architecture.py"
"04BA8F4C307C193E03697AD2B6D274353230E37FACAD1B080493C0C67B37B4E1","core\atmosphere\__pycache__\isa_calculator.cpython-314.pyc"
"2F9D06118DE8508F1A0994CDBFC39BA6F6A8270AC5E2DA3D8B5362CE07FBC7EE","core\atmosphere\isa_calculator.py"
"64CC53B3FBD86F82B042B8EC59383B1E2FB7DFE91CAD32D488758D760D140BA4","core\auto\__pycache__\__init__.cpython-314.pyc"
"07C61E7192AC4F03CFA66D42F1FEEF7B456E92197BC59FDCB0DC32B1C8325120","core\auto\__pycache__\auto_expansion_engine.cpython-314.pyc"
"5F3A5ADFB3BB362750A58F4A28C54EFC6CD55E9C3F82FF0CCA3E14DDCE4881DC","core\auto\__pycache__\auto_improvement_engine.cpython-314.pyc"
"983FEAA915F397FFF9B12EBD4F49D3DA7DD5FC135DFE407364069CF283E1A9AD","core\auto\__pycache__\auto_repair_engine.cpython-314.pyc"
"161294C385255EE85ADF2E420566E3BA345D2E89F57ECD9869CBF468B14025CA","core\auto\__pycache__\auto_sensor_discovery.cpython-314.pyc"
"E3B0C44298FC1C149AFBF4C8996FB92427AE41E4649B934CA495991B7852B855","core\auto\__init__.py"
"0E90B246ADEFBACE589308FB1ACDF9AE8412AE7A5A5E04A829315AEB07B36C51","core\auto\auto_expansion_engine.py"
"1950C76ABE070EE37FFEA53DE65C0B48CB9B7F870EE1597C4048F0F35495FC2C","core\auto\auto_improvement_engine.py"
"F1A4BE48EC4464D209E0B27CF277ADB0EE969D85C270F65B11ECF1F89EB3C1FC","core\auto\auto_improvement_engine.py.bak"
"20E190B85FD554D02FCC6F0F7678C72B087C3DEFB7DE12CF7387B20F9B7EBAFE","core\auto\auto_repair_engine.py"
"B715C812C09578AF76E08B1CC5B883513DA31C378CFC167DA780CF484937B18D","core\auto\auto_repair_engine.py.bak"
"294BBF2AE886790DB8CBABAFAE6E1B16D8A876F819C5FA361B46EE72DCA42A86","core\auto\auto_sensor_discovery.py"
"80C33A875A7D49E42272632FD6CBA2342F1BCEF176B4B88751A3A56F3D490D0D","core\auto\auto_sensor_discovery.py.bak"
"5496D9C335362B26EE10B04D638B1657C9B1D47B519C16C93733165BB318BD51","core\auto\autocure_engine.py"
"215AA10992F26BD5748F1A0A00B3EA8556DA56BF5135FCF2E5D0A8CCBCEBCBD4","core\bus\__pycache__\__init__.cpython-314.pyc"
"A13F77EB441A504A38DC58C96786ED19F7ABC0C0DA864EA63C615383E25D18A3","core\bus\__pycache__\bus_async_writer.cpython-314.pyc"
"09C2C2BD810B3A8C1436114A264E8F5E6053EAD7E229110CAF7412C7FA6AAA33","core\bus\__pycache__\bus_capas_informacion.cpython-314.pyc"
"EC4677646B06EC3221F2C751E1BF3E3F431AF770757F04CFCE1C66E3A67972AE","core\bus\__pycache__\bus_compactor.cpython-314.pyc"
"9B6ED617B392C99642E2297CF2B3E2B8DF8EA945D2DB45AF5FBC8EE1CE860405","core\bus\__pycache__\bus_grifo_inteligente.cpython-314.pyc"
"FABB12D2CC421BEF2ED80DBCC20C3B72E3D2298F86B86ACA08B100FB3D389D37","core\bus\__pycache__\bus_indexer.cpython-314.pyc"
"1B3F44DB02DEF6DA3A4A4A7A859941AE6014B961FA0D77ECB88DA7B7ED8125D6","core\bus\__pycache__\bus_snapshot.cpython-314.pyc"
"554E45E46C6225F2B7F5632CDCF8B5F0B5E951F7757F199E1D859A97B2B33169","core\bus\__pycache__\bus_v3_adapter.cpython-314.pyc"
"5DAC6F45EAC893763BCC62123A3CDAA57DEFF8E652515B6CA38985899F572825","core\bus\__pycache__\dato_historico.cpython-314.pyc"
"6428DCCF4DFCE94BCB0946BAEA26D74D74B47BD0588A7F96C73FA29D5A6E77DA","core\bus\__pycache__\formula_hierarchy.cpython-314.pyc"
"5FE24DD402BD54EF4823AB96B6BD15D978F0DA5B369B4E647994895EFF621D22","core\bus\__pycache__\monitor_bus.cpython-314.pyc"
"4CC2268146AAA848389B94F72585A90BB11255D340E489EC2287B40449FD511F","core\bus\__pycache__\parametros_canonicos.cpython-314.pyc"
"A5FAA58E5961C68FEDA0ACEF77F1451AA65BA4427E8D4DA92B736E9536C63DC1","core\bus\__pycache__\whitelist_sagrados_v30.cpython-314.pyc"
"8A347894FB83A090205EE3291A68399E927E3FCC1CAE48C5707816076625ABDF","core\bus\__init__.py"
"8C29C07F96E98C7396A21F6B9378F2F378E33B0E80DAAB0E3CF3EFECA3694E7F","core\bus\bus_async_writer.py"
"3688B12FB377CCA091D3BCF739255CF0A9FDA3BF2FBA3CFB2584CD0411ABABF2","core\bus\bus_async_writer.py.bak"
"74700FE31A937356DEB8B11A89F93F3F966558A520840C0F052B6D3AAC2ED9E2","core\bus\bus_capas_informacion.py"
"B2E90DC9262F13C3342CB329693B7863C72F4161B562407E5031F8375FE7C7D5","core\bus\bus_compactor.py"
"E807F54277A40FDF26EDF4E5DB6AFADE63BF9C18AF3DC032847BC351EB7086D0","core\bus\bus_grifo_inteligente.py"
"F57FABB4A233E62951464434EEB394030AF64E797879AA8401DC082044F7941F","core\bus\bus_indexer.py"
"A150907E036EBA33BB28F578A335C556126C27B8CF2D25EFBB5E51EB1B1648E6","core\bus\bus_integration_auditor.py"
"E63F956CB13E1ADEB0D2DF90FD9786A9B3CF19186FEA27F2AE6BC6E2828B94DA","core\bus\bus_snapshot.py"
"9EA0E334BE716E31A370D318E28C98AFBE3CD424E83794BFFF47B9B9A6A16D5E","core\bus\bus_v3_adapter.py"
"8FF91EF439DA2BEE2EDAB0121B0215419E13E5EC8CC77AD9A12158B2FD2C13A3","core\bus\bus_validador_naming.py"
"F881E44733068F3145FBB4D425B03050ED7E784BE06FAC08AA3A1526E1ABC5D2","core\bus\bus_versionador_parametros.py"
"3A7C7C88F8C275A540449C52BE56F81A1A7CA39DFA0FAB398CE4ED3FAD2C0F74","core\bus\dato_historico.py"
"606D3D8AF163F97DDFABA57E8882BA137EAB7B2971D1DB019C32BB9B2A6911BC","core\bus\formula_hierarchy.py"
"418B77FE0E38DAF972BDD31BFAAAF1989FE2A7B9AEF175EC91D53D1FF0DCA0EA","core\bus\metadata_middleware.py"
"BC285639383F8441EC547BCDACD31E92BBF1A0D5CF9F49266F8CB721000160AA","core\bus\monitor_bus.py"
"87116CD82B12386474FA970870CB4AB85AC43A06BEC5A0112B28E694D0DE1C6B","core\bus\parametros_canonicos.py"
"ED1A5DD7EA74F46DBF3BB7C2E57289F0E5ABF7876E2EF8861901DC1A9098D456","core\bus\whitelist_sagrados_v30.py"
"A779B3F5F609FDC560192A76C179CBCB1084C7F0049AEDD5DCF4B360A16EA2B9","core\calibration\__pycache__\bias_detector.cpython-314.pyc"
"4ED673D5E9885BACFB862B9628221AC524297E4CF8466B27F9700EE44BCD5176","core\calibration\__pycache__\calibration_engine.cpython-314.pyc"
"5C1FAFEAD0F75D15BCE31C4CDE0CA89237C3673D4D78F2AFF51A99B449A3FA5F","core\calibration\__pycache__\regression_calibrator.cpython-314.pyc"
"EB78089474716B1EC8C765004DBE2DFA5704B946DD14BE46DF56C0C5DF4E4CC5","core\calibration\__init__.py"
"3FE2125E8BE68A51A6A46BCE901BA9FE28E4CCB1C875B35E567F4030F5CF9942","core\calibration\auto_calibrator.py"
"5EF318275CF466445E002B75CB0E2A91B637BAA629B544E64970F896A6120900","core\calibration\bias_detector.py"
"2D1D5B79A7D9CE791EB221E3B6EC37D13C0A3D088209F0A74DAF4A54B647B793","core\calibration\bias_sensor_bus_publisher.py"
"EFB8D9CF3D6CBD61B8F7FE0D1C6FC8C1F651F7B05700DF46527D6B01906C556A","core\calibration\calibration_engine.py"
"1D17069600FA8902F4ED4B9DE7ED22340BA9345BC05EE1320818BF90158D502E","core\calibration\regression_calibrator.py"
"6A385F836B069E62AC28998A31ADAEB59EE6084440B1AC6FE9FB908B81EF1ADA","core\config\__pycache__\config_loader.cpython-314.pyc"
"27214B5FF567DFBE8868EA52F1FF05686E22D9126168394372213D47B3F22BC2","core\config\__pycache__\config_manager.cpython-314.pyc"
"96CF417B1C4F70D618090CC2D01A0B48C949411F12DBD2E22D99FA5F227461DE","core\config\__pycache__\env_loader.cpython-314.pyc"
"EB4DAD53C621E6EC5AFDD7B754A1DE796C5159ABB57F93D0B3DAA8472D347AF8","core\config\__pycache__\secrets_vault.cpython-314.pyc"
"F6691753576DD787225F49163ADC672EEF3D7F175296564870C7C466B48FF98D","core\config\config_loader.py"
"E19A5306820E5AFAFDFDACDB3695E73455731346423FE9AF4A417ADD08DD4532","core\config\config_manager.py"
"E76FDC5FAB8806E5D374C8996BE44EBB056E9ABB0A3CBB01B340016F416C79E3","core\config\env_loader.py"
"A1FE467383AD98C7CAF80D700B819275ACBE5EC1BC2D8562D1FEE29229912FFD","core\config\secrets_vault.py"
"60D1BAEB97102C4C2C52BC7995A7B0BE3BCB03B9C9E3FD225EA369C118DE853D","core\context\__pycache__\context_engine.cpython-314.pyc"
"2AD7C3B1D2B480C08A4D70658FB054640842925B7AEA8DB088BEB488ED6EB42A","core\context\__pycache__\contexto_maestro_global.cpython-314.pyc"
"6C646B93FCC8595223ABBF6FF651667B3A8928AD24293C35531180B6C4FA0D56","core\context\__pycache__\fallback_universal.cpython-314.pyc"
"34AFF55BDDB0A5F8C0E5B816A46249B35C043D5AFCDB0C7EEF76CA189E7E176F","core\context\context_engine.py"
"EADB2AD129119BC9004D0439D56C5B5CA94B3E498728749CAAE2B9A361035689","core\context\contexto_maestro_global.py"
"49ECFDFB9CA3CA2B5FD59CB6676EEAEE0114C7B018F73708A843B2A8E620CE18","core\context\fallback_universal.py"
"7A07B214AC5EBD56124E174A5ACCB0A82CF82F6D0721ED0FAF91DE46FD1E29D0","core\deployment\canary_rollout_manager.py"
"75D33C01CDFFF22C8838888E7FC3506FD5E326E4FB91131929B74D1B746C5600","core\discovery\__pycache__\__init__.cpython-314.pyc"
"441F384701EF82101FB7816D1C03B51AC96B617BA664EC5846F639D992848413","core\discovery\__pycache__\ble_scanner.cpython-314.pyc"
"10D586AA2CF08941C07DC92F9F2B6D524A156A60BAA4A89460B52F633DE58397","core\discovery\__pycache__\driver_installer.cpython-314.pyc"
"285CCD6AF362C27D9437A6406F2B060B3FEA6D4090B48B2D339BFE3B7A1160F5","core\discovery\__pycache__\mdns_scanner.cpython-314.pyc"
"E6D6254E70848A22A6FE89CA6C4F1E631C39335C444F523F53018777676EF8A2","core\discovery\__pycache__\omnipotence_manager.cpython-314.pyc"
"FC80C4F57A86135BB1D8D007E1AF6B9188E8368A3032C32F1083794CAA81CB50","core\discovery\__pycache__\universal_orchestrator.cpython-314.pyc"
"43B404A19826D8EABFC9CEFB3F4FD678B2256BA7A69F03CD09E96A18244D2BCA","core\discovery\__pycache__\universal_scanner.cpython-314.pyc"
"43831FE983CE62AC2AA9520D17F20D53F41AECF0195A64F945BF7F4E8B223A70","core\discovery\__pycache__\usb_scanner.cpython-314.pyc"
"35748E4777246BADC30B86EFF4C009C0DF587619C84F07F2593BDB332456386D","core\discovery\drivers\__pycache__\__init__.cpython-314.pyc"
"9C09D85EAFB09DAE98B6E2C9758EDAD664BA65812F670F8FD2EB26F534E96975","core\discovery\drivers\__pycache__\ble_driver.cpython-314.pyc"
"473A0916E33E88318FD02E4384842061F1FD9B24EDEA40FD83F56FBDB8ADBE3E","core\discovery\drivers\__pycache__\usb_driver.cpython-314.pyc"
"6F82D831785E47C4E80829FBCA524362A525AA7A8CB59A5DBAA0F64A3BCE3E1D","core\discovery\drivers\__pycache__\wifi_driver.cpython-314.pyc"
"E085FB0D3816743152884E85DC20FBD760B54F184668C4E9B8BCB5038E99EDD0","core\discovery\drivers\__init__.py"
"56449AA42812E2CE82D3B9F882F60285687C8617854EAB02FD33E7EC1E2282AD","core\discovery\drivers\ble_driver.py"
"4B481C72E3930AAA23CD6EDBD509772434AADBDA0A6700E0F69A61F7938BFE3B","core\discovery\drivers\usb_driver.py"
"F0FB2456BDEE28736FE33A4AC499C9E1F133A84528273F350788D3DDBAB41570","core\discovery\drivers\wifi_driver.py"
"77C2D8B5B6E9F8D4268D027E789B0B16619DBB938D9F6E3F94225E8513134AD5","core\discovery\drivers\wifi_driver.py.bak"
"9AC6D2264944B2116DB02596BC44EEA0493C0727AC55D328663722636ECCD355","core\discovery\__init__.py"
"3F7150B42718EEC80252AD14E8DEE3DB11D7E94263F6DA699279F0A69774B34F","core\discovery\ble_scanner.py"
"96089B661F470C532C5FD097A6D48B16F6E6FF8E682351B12E099F8998948EC0","core\discovery\driver_installer.py"
"F53F7D09B9C6A19D6E0ABBA5143E98D72C071002E76C5E7B2324332331A5B87F","core\discovery\mdns_scanner.py"
"D5D300B78126E2F693A5C5C3EBDE0156EC02DB73530E8397F38C7606DF1BAE92","core\discovery\omnipotence_manager.py"
"5EA4DBAD77D8361A5C7BF3AC82E1C8B5BCFA76C44ECB1E3C9B092F1364CCEA65","core\discovery\sensor_assimilator.py"
"AA07074F1C7EE29A3C219A6A5C6D4B774703EEF9F982CBC46C58AEFD495840C7","core\discovery\universal_orchestrator.py"
"2C41936B13F4811B23EA8757B5B19E0E04996FFD8E21CAA2E425C2095E232723","core\discovery\universal_scanner.py"
"FFF66BE6FDC31A8714344B7A9E028C35A38FF92BC4CB6E66A921937EF6DE874C","core\discovery\universal_scanner.py.bak"
"9ED5025D12BB8731B6B09B20ACABE020C115F3FBBE295529D0257C093802BCE0","core\discovery\usb_scanner.py"
"5CD163B276634634C4DDDCA790353BCAEE2F7BA28EC2110999BB288C5B64FC3E","core\engines\__pycache__\auto_improvement_engine.cpython-314.pyc"
"889A9A8E03154E037A9231941E0E1AE48F703D9450BDD0A546E6ECB005A10CF1","core\engines\__pycache__\auto_system_optimizer.cpython-314.pyc"
"A21DE1B4429844769FB5A2ED14BEF03C34EB45CCDD8AB74733057F933862C9CE","core\engines\__pycache__\autoimprovement_engine.cpython-314.pyc"
"AD01AD832B2E90AB664256FABA18AC36C648A31A145440952B9C9305D9498299","core\engines\__pycache__\brain_persistence.cpython-314.pyc"
"7181D7FC89F80BBDF27D3D3B850652D405CE5F0A5EDEEAD82906F9C0CA458374","core\engines\__pycache__\communication_engine.cpython-314.pyc"
"395C99FB16285CBDA88BE18F22CFFCA10360130BE8482B568AE5478A58E90D6B","core\engines\__pycache__\environmental_engines.cpython-314.pyc"
"A39AC8B557BBCB6E4213AEEE2FC432827829258DAC31AB2C80E4D1B0B98556B2","core\engines\__pycache__\formula_calculation_specificity.cpython-314.pyc"
"9AA2157AB18AACA8D94BDD0705BC755E06105ABC4BFB0C4347708F5E9D1C8B49","core\engines\__pycache__\habits_engine.cpython-314.pyc"
"C092B3A2DA38B259B949B7128535129C651A2413039EC568C75148A1C7C24EE5","core\engines\__pycache__\indoor_air_cross_validator.cpython-314.pyc"
"38D0DC4A5407740D3838EE18F53D8A043C2CC57298AC6F0C581BCA9F8805FDDE","core\engines\__pycache__\intelligent_capa_flow.cpython-314.pyc"
"8AD07B433CECB82A9DD790796CDCB74039B60A895171CD661A6A7C0A9A5A8D0F","core\engines\__pycache__\orchestrador_duelo.cpython-314.pyc"
"75BA4B5E68FE1F72682030D80297BA999B99347FE87BCD8CBA8F7DC6E016F457","core\engines\__pycache__\sensor_engine.cpython-314.pyc"
"9B6986B85603ACD09FFE433F651B471B7D551F9FB48A568A0E2665B6EFF606C9","core\engines\__pycache__\statistical_brain.cpython-314.pyc"
"91F4F95A6519C88C25DA25D3B50CBC5F1F144AD44EEB92A5A32B72BCD666C9B1","core\engines\auto_system_optimizer.py"
"E00399DFC3E846CA4513B2EEB509CCF5E8D2FDF8AA341796364568E810EF8017","core\engines\autoimprovement_engine.py"
"4D06BD984A0F596392C2BDCBD9D706CBFF511DF2F00F09BD4D023F68A7A3CB65","core\engines\brain_persistence.py"
"F42E33553B7EC996B473CC4B1C2FECAB15B8E61F5D67FBC6395067E9AAD46B36","core\engines\communication_engine.py"
"A92AA06853D3139267FF3B0403A0256B7667553A0E3210FB72DAF43C849CEDD6","core\engines\environmental_engines.py"
"AFB22D36FADE9FC771D86BE18989795B9BFD3413487E8FB807ABFF38BB917FA9","core\engines\habits_engine.py"
"9B316B164C82A9C03DF13F91FA3E4758F49006E5DC73CC5323E39AF31B90AA99","core\engines\indoor_air_cross_validator.py"
"0298E6A358E7B0342C79ED8023EF1CB29522CD0BD04791647FF8D62FE74939C5","core\engines\sensor_engine.py"
"6D5C5DFD76609FF80710EFA37CE23B524621C725D7F8DEB020F09A7B96F11166","core\engines\statistical_brain.py"
"04DC1918AF672FB3413F4A7FCCF6FA3ED53C328BF357DA563C72EAD2B943E56A","core\evolution\evolution_engine.py"
"A3DE46B35331405ED93E57538C44CC4C31DC56ACFDDED2C1D14020703EE907C9","core\ia\assistant.py"
"EFDE545127FABF4CB3CE723CF4685B9D1ECE4613B1450007F1EE8E6F4E7AC9B7","core\ia\suggest_engine.py"
"67A8E7B3EA2B3B5ED6FBF6609C6D31723FF5CDF31309D1048BD1ADFE4DB781B1","core\indices\__pycache__\__init__.cpython-314.pyc"
"7832C551D26E6A6B2D94C4A7D71EE123AF4848AD6A1C10A57A8A9DF35BDF67DD","core\indices\__pycache__\advanced_field_indices.cpython-314.pyc"
"A2F695D5B216D27EE61DCED094C9E6A17EED0B0289BC5EEE98902D94CF5743F8","core\indices\__pycache__\advanced_physics_models.cpython-314.pyc"
"9386A1B0B737BDECDAF11994F2301381BF74393156901E8D5CEB432D6341127B","core\indices\__pycache__\advanced_predictive_indices.cpython-314.pyc"
"DD66678F2E5DB8FD3B6DB184836571FCA343AF6C128B559A72FC7008378A6347","core\indices\__pycache__\ashrae55_adaptive_vtt.cpython-314.pyc"
"556FA1C5461E2F2FFD6E124985A0C5595EE7CEBFBF141058C8ABCAABB7EBB465","core\indices\__pycache__\astronomia_recursiva.cpython-314.pyc"
"0A6BFEC4A3DC7DB9AEB96553974554C6107DAF0F5E992E27D0D8A007D308D73D","core\indices\__pycache__\atmospheric_profiler.cpython-314.pyc"
"752E9448461D5F757067B6E0012782753A6229941AAF64FEAD2FFC34A33B3B0D","core\indices\__pycache__\bucholtz_rayleigh_v25.cpython-314.pyc"
"6924E9FB5A686D216C9968A68E09BECF3300088182E8E0FA18EAE6D378FA9EB4","core\indices\__pycache__\bus_estado_global.cpython-314.pyc"
"B51750B1449CC7F0552D5C981037720119182631C043655A50C5FF0606D296D9","core\indices\__pycache__\deardorff_microclima_v46_5_argentona.cpython-314.pyc"
"8346E9E0BC98AAA1BD7B422CAB7AEFABB8D1DEFE500F7588E03058BE4A11DE56","core\indices\__pycache__\deardorff_v46_5_final_sentencia.cpython-314.pyc"
"3847756047F4A499F2FD7914F2E94DCEB74A0BE6EBF268B90F673DA847512402","core\indices\__pycache__\deardorff_v46_5_integration.cpython-314.pyc"
"0E94E489BBCFD2FA248BAD3ED11C28DAFAB2C921A18B4B410A0B48A836557BEE","core\indices\__pycache__\deardorff_v46_7_terraza_final.cpython-314.pyc"
"4AB5EFDFE3378E4AC6E346094379F0A43A14E78C7525CFECE337A48C865AF887","core\indices\__pycache__\deardorff_v47_0_prata_integration.cpython-314.pyc"
"41697D86F3692292CAB3B5AA00C873362F781777D92389DAE46EDEE473452673","core\indices\__pycache__\elite_motors_v25.cpython-314.pyc"
"1BD3556178CA10EA3E91B31F0942ECD294CEA18454E74BF6A64A799360EC0A0B","core\indices\__pycache__\elite_physics.cpython-314.pyc"
"497B48295E6A9EACDAD2666E8F06E9EE01E88C677D7A83F1385B8466A08FE208","core\indices\__pycache__\environmental_indices.cpython-314.pyc"
"95610999F0AFE525F4A7DA870A195352D2D615AC3BB3606D6CEC8C5B15FFA2C0","core\indices\__pycache__\et_nocturna_wright.cpython-314.pyc"
"827864F103FE36202702DDC29B03F33BE3A13C7A6B99DDBE3EE87B584DBB2C6E","core\indices\__pycache__\et_wright_integration.cpython-314.pyc"
"E9167CF3A81D2CBE98C581A00D9F1C468CAFC912C270F4218513375217C41DA3","core\indices\__pycache__\external_lightning_validation.cpython-314.pyc"
"CEFC8609F1B8E631B31053F6152B07B79C6C9C3376CFBC810C47225E3B227D92","core\indices\__pycache__\fanger_pmv_ppd.cpython-314.pyc"
"EA3C418A211B8199256647100836627EAD3AC998EB517851C9428B4DBEBF7FA9","core\indices\__pycache__\formulas_externas_v47_5.cpython-314.pyc"
"0D1186AE8CBA6E4DB233E9BCEFC1771144DC2D2D3CF4B9C6514CD9B1647DFA27","core\indices\__pycache__\gab_sorption.cpython-314.pyc"
"6F3C44C9ADAE8F14ADC0A518323AE2C4288D500A93B958F0D02BDE4A5DC5A9A3","core\indices\__pycache__\hardy_nist_psicrometria.cpython-314.pyc"
"6C7491618B55FC5E8BB1839DE7C56FCC12FF5C84D32FE22E68B7F7EB4E351762","core\indices\__pycache__\index_catalog.cpython-314.pyc"
"E96B35A4E28DDAE8A407414760D3207F2DD3F505A0AF4597B89C2B27B2BE3741","core\indices\__pycache__\index_selection.cpython-314.pyc"
"B120655E2BD0CDD2B49AD22815DA9C4CA34C5BE04B1628E85C684A1D0C868A1D","core\indices\__pycache__\integracion_elite_motors_v25.cpython-314.pyc"
"43F00F07D12382C04325EA19ECD2510C05453B08B1FD1DC9434FC832A63B1ACA","core\indices\__pycache__\kalman_soil_wh51.cpython-314.pyc"
"398B2D9E1937A2D64F4D45C9D68BEA3EB78BE747CB26F7E8B94AB416D8BE22CE","core\indices\__pycache__\liljegren_wbgt.cpython-314.pyc"
"E4B10847E66363EBEAF0353DDD7D753C5976BD405A01216BC5C0FDBFE2B99026","core\indices\__pycache__\microphysics_thompson_vectorized.cpython-314.pyc"
"A1FC537585297DB53C51D9984A0415C11CE1573E6610DED328C64DC8A07AF01B","core\indices\__pycache__\nubosidad_liu_jordan_kasten.cpython-314.pyc"
"B773854906CB6B635B140B02F630F1505D243AB26F06A1CB9ED51DA25BE36D0D","core\indices\__pycache__\omm_densidad_temperatura_virtual.cpython-314.pyc"
"6A19BD0CB0D4242105108A38D9E8B047D8E5FE08987D2502FD9F40601485A2B5","core\indices\__pycache__\omm_wmo_indices.cpython-314.pyc"
"9B102D52BBDF2778D5B5858C17766B49E9C8304A193E1043852A4FCBF435AACA","core\indices\__pycache__\physics_engine_2026.cpython-314.pyc"
"D1A3165203DE0D7DB7663FF205BB557A292BA6FE8910CD7FC614BC50F6BA4B7E","core\indices\__pycache__\physics_engine_cached.cpython-314.pyc"
"B4450512BE63AD6FD83D552413D8BF1D7C36B4F6A3108546EBC4AE477470225D","core\indices\__pycache__\radiacion_lw_prata.cpython-314.pyc"
"28379E79078D93926DE4390A52186C025D675A1B1FBDC9A3D9DE820B4021D14E","core\indices\__pycache__\rayleigh_miller_dispersion.cpython-314.pyc"
"446429FDCE957887C8AF425DAFC9CB2C9EC3D6C4809B8B683F2E15A2D1CC7486","core\indices\__pycache__\rest2_gueymard_radiacion.cpython-314.pyc"
"43135F3045B3AEF8926D3A5B423A9F6C0F6CA929EA872722517C80AC2C91CE0C","core\indices\__pycache__\serializador_estado_atomico.cpython-314.pyc"
"C689ACA3B2FB6216A1169F3A6F86F99C1CB9BFD75220B33F4AAAC9C2428C45B0","core\indices\__pycache__\temperatura_radiante_dinamica.cpython-314.pyc"
"A2ABBCBF74BC4E0696AEDC8DFBA5D4AFB62CEB64612D0F5A93DDB929C4C786F9","core\indices\__pycache__\testigo_fallo.cpython-314.pyc"
"9407042B149AB02C6C2742569F1FAC2E1EC20B458169A89A80B5D6A90FE2D2FE","core\indices\__pycache__\utci_polynomial.cpython-314.pyc"
"4828DFF84983217A8A8F033B3E368F20924B9A625CCBE8CD5D939DD226682733","core\indices\__pycache__\utci_v2_blazejczyk.cpython-314.pyc"
"9881A2D86156D2065DC8CFFCDE3DB362316B9186E9B4BBC889B459165551D42B","core\indices\__pycache__\uv_spectral_diamond.cpython-314.pyc"
"884255199F31EECCA4F6782323071BC185B8E1E7BE3CED2CF91919BF080A5EA1","core\indices\__pycache__\vector_aproximacion_v26.cpython-314.pyc"
"C3D0E5CEF7561AD514191C85EFBE703E3588C4B1BBBF4149AD10F2B892BE7863","core\indices\astronomia\README.md"
"F24267DD2AD7797766AE1D238D88DD3A490C18ED3AD5F314C08B3DA77BA6CEEE","core\indices\cetreria\__pycache__\cetreria_indices.cpython-314.pyc"
"586B08AA3AC997F007D2975A9CC10235FF551F035106F052F305CDABB899F564","core\indices\cetreria\cetreria_indices.py"
"5D1CB509772E6FED322946170DA362A3D0C19BA9BC50F1C12866C8C1073E58F3","core\indices\cetreria\README.md"
"E3B0C44298FC1C149AFBF4C8996FB92427AE41E4649B934CA495991B7852B855","core\indices\__init__.py"
"942BE5AFDAB9B34DEE9C9121961A69588169CCB984EB7AAFFDA64202D651FA5B","core\indices\advanced_field_indices.py"
"6AD76B386692F38B182751EAF5FD8B5142AA357BF4C4F8E7C3FC2B9E111260EC","core\indices\advanced_field_indices.py.bak"
"460F3753C7DFD31EF6C3334015B322FF3F27DF0072E5BD980DD838755D304C90","core\indices\advanced_physics_models.py"
"1564F3B21CBFFBA9BA91F1772352529DC562F7B5EBD4FC4FCD05997159915FE4","core\indices\advanced_predictive_indices.py"
"0F7EA9ED78DDFC36CC21EE4BE7873448B6948CB9B2548CA59EAB39C9E75F7DB7","core\indices\advanced_predictive_indices.py.bak"
"AB40058EE1FCD48493D76466B92ECEC1573DA85FD22C4C196CEB362A48CD31C5","core\indices\ashrae55_adaptive_vtt.py"
"55A3F48395EC250C8B66B02B86163D24D33FAF7656659D380DE1AEA3FD1DB1B2","core\indices\astronomia_recursiva.py"
"E7C5A124774989BD97CF6CE640B48A2993A0E4A24A9F92D7EB60A41F6C465CC6","core\indices\atmospheric_profiler.py"
"0FB20D5C4E5EDBC716ED6581386C43D90CFAFDEE638C174E32673478D7D75858","core\indices\bucholtz_rayleigh_v25.py"
"5671A4C0F121B647DF8CC3F32C0F793032F5FD4D56B2415944393F80ADA40CB8","core\indices\bus_estado_global.py"
"011C712385AC2931D701CDC2CBAA7B2754C021852391700047B0E0CA64C4FAD6","core\indices\deardorff_force_restore.py"
"FDE80EA25CD3D0B78048B1FE62B2ABAA4B41D38F13474A64024D43303E78AEA6","core\indices\deardorff_microclima_v46_5_argentona.py"
"F75CD95F7D2457741801DF3EEF7D2AA060BDE23FD33290905B1F6975214B174C","core\indices\deardorff_v46_5_final_sentencia.py"
"66519EE4FCA99EFF054F93943571CF41D7ADCEF0F1538A542BAA709D84755BDE","core\indices\deardorff_v46_5_integration.py"
"8ADEA6A9AC3A96620C28C928DF3AB39D38F85840F4C4FFE44D978F20F5BE9CE0","core\indices\deardorff_v46_7_terraza_final.py"
"A84BC5F3D80B388425031AEEB6CB5610E8E0D9206E73BD6D0A5893F6D54CA2E9","core\indices\deardorff_v47_0_prata_integration.py"
"F2CF53F34167A70DE0EA652F8720312B5B55178E4C9DCE1C03B981FAF8CFABDA","core\indices\elite_motors_v25.py"
"F80F0C6481A5B9E53D4F278139C6DC7DF75CD98D5987F91CC297BA75D79A5C03","core\indices\elite_physics.py"
"D45153C48C6292BA382EC383C1A02055818F88B114676C80442300842CFF24D4","core\indices\environmental_indices.py"
"91ED6066B080A0F82CAB5F0E6D98D61A51D2EF5C1AFC1AB3463AAAE2ACB7036F","core\indices\environmental_indices.py.bak"
"3C639637E0000BE3408FA8740D5E17A96DCF2E71BD60EC253BD4242C5377AF08","core\indices\et_nocturna_wright.py"
"A9AA1E55CB4898B8FC3202DD992B6904422C8E0E168828A51F28579BFECB0E19","core\indices\et_wright_integration.py"
"E5B58A0E7260804EDA62DED1085F0ED05528BA84A967BA00E1D0B45ED37DDCF0","core\indices\fanger_pmv_ppd.py"
"81F8487A69DE830BF6559ED32DF07D09281A06CF9D2C6133CD4D094AAF6B0B82","core\indices\gab_sorption.py"
"CDF2CC8BF5D80E0790BE95C19FBA7D51F68F10EA8BD5CC3BC4B3BE6435197AE9","core\indices\hardy_nist_psicrometria.py"
"83C5EF0A27068DC56316109C8CA6B3E231C839DD67A992F1FDDB233F69353BDC","core\indices\index_catalog.py"
"45BC3D769159F3BF97DC0794F10F99E22D6F738AB31BEAE0985673F524299418","core\indices\index_registry.py"
"09CEC20CB972F0E1D973B4CEC30BBA06B4FB238881EEA97146423349FC94CB9C","core\indices\index_selection.py"
"F1086C74A3C91EB83781E2F848B8E6991940A9973A9A969857423318EFE5E845","core\indices\integracion_elite_motors_v25.py"
"3E39042CC1A5E162A4882B07197C108D7D7F4AE3A9C668D7D768EFD6D3F5BDB8","core\indices\kalman_soil_wh51.py"
"51D2CFECF344DB46A9ED035162F3FFFF673B9BB45FA9D7EDE29F360B832E9A80","core\indices\microphysics_thompson_kessler.py"
"A30D48268F3DEB831B5111A764C69451CA2805B13B151D56D416B6E9D00CE705","core\indices\microphysics_thompson_vectorized.py"
"3F945FE3F7B057B1A9DCB5188D416576D29698276020D6291CAC79CA70728642","core\indices\nubosidad_liu_jordan_kasten.py"
"6257EEF505D907038B1D2A0E1B803D56F96EB2784E9F8DACE7DCF1AC3EEE132F","core\indices\omm_densidad_temperatura_virtual.py"
"81BBA15DAC1070DCD155580CE110CAC7A2E66B4CF5C936DB4B2078F37AA473C1","core\indices\omm_wmo_indices.py"
"A14B6C207AD526CAFC8226A47FB8FF8F731EA1A2FD98F36B13057117FC376891","core\indices\physical_consistency.py"
"D14783D10CB32C5BE55B9A1B556339A809211DA0B5E6EC6A1B7D57FBF89FB563","core\indices\physics_engine_2026.py"
"76149A0E744C7C91A23D613E031CC3A5F9A32672B39C71F86A25B0E9ED216CFC","core\indices\physics_engine_cached.py"
"AA28DD4E8EAE1613E1CA9AB98F2B0B9031D4D4B1F8BE8F1915D0B13B4E2E569D","core\indices\physics_numba.py"
"C465B130B47EBA6D972CDE697305C488794E3CB301948F4A1A37D92868AC0A2E","core\indices\radiacion_lw_prata.py"
"0EAD4F5FC5B4708AF483ECD569482FC09DE5270258AE7408D6E137ADB80D7B52","core\indices\radiacion_lw_wrapper.py"
"D3D153F5592EE71180A8F1D110BEE1B893DEB329EB9E647FCC5ECEAA81191139","core\indices\rayleigh_miller_dispersion.py"
"FB32B617237AB63018BB962E3D2BBAE9F299885CB783E51C40F76393D7801150","core\indices\rest2_gueymard_radiacion.py"
"12E17804D77C5E97A0BCF0C175C5FF2CCBC26C5AF3F6F1A11F55F92FF2F04F4D","core\indices\serializador_estado_atomico.py"
"90E2505AE8C29EA3C79E70F06F0FAC412F055D74388B63021E0D670576A1D4EF","core\indices\soluciones_auditoría_v49.py"
"837AA7A3B8ACC9BAA804FD2E5C9959593A6D1B0EC6BFDCD058AF9EC3DABEE1A1","core\indices\stoelinga_warner_fog.py"
"F70388FE5CB7ADFF31D1D6F6C671A8C15D426C61C1EA2A1DDD0CAB95CA33B488","core\indices\sundqvist_precipitation.py"
"6D53673ACC78801011550D998BA32F3AB03ACA78EE4A1388B46946379909A7E9","core\indices\temperatura_radiante_dinamica.py"
"AAFA847956AE285666FC088448169F0279F9737B1843BD2090499C348B6038F2","core\indices\testigo_fallo.py"
"FDD9457A545F032B0EF4A6CBB5B5457373046CA15BC0B5F7FF6067C5092324BB","core\indices\testigo_fallo.py.bak"
"F982797893C102FDF1780A323D76526F01A39C4126457918C66137DC19AFE77F","core\indices\utci_polynomial.py"
"7ADE7432D44AAB60F048578B53418B01446A2CA5EABFCF550F95DBB4A6791F8F","core\indices\utci_v2_blazejczyk.py"
"5926916DAC89486B1A7443CFAA74D023D38250CED57C5DE0989BCEF5BB8EFF54","core\indices\utci_v2_wrapper.py"
"7E2DF6B3BACC1099AB86371429228E89F5C31FE0600D64DD144D13A968506EED","core\indices\uv_angstrom_dinamico.py"
"60C80A855768F05A743488E41AD55FCE2F38DD6B665CA0C98A0A073D0E52CD5B","core\indices\uv_spectral_diamond.py"
"AF51742C3C16E8BA048234017971C82CE949534F13D6E0C1DD8A88299058CB07","core\indices\vector_aproximacion_v26.py"
"D314208822182EF1B1FADB1E42222BF9B92E90AB1DB64E23F7E0FA9257C9B3B2","core\indices\vgp_brn_storms.py"
"37A06379A477EBA8FCEE9A2ABC4C66A39A546C2B75594D79BEB4C51F228FE896","core\integration\__pycache__\__init__.cpython-314.pyc"
"22E8FC4DC4244F99E99CC4EA730A5DB15EAC41CF9BD212CBF569A87600A90643","core\integration\__pycache__\data_recovery.cpython-314.pyc"
"2690E440400CF9E9C13226BA39B06D90291BFB7EBCD4D353BF83BFB0B6FBC885","core\integration\__pycache__\ecowitt_receiver.cpython-314.pyc"
"DF4954B0E64A30291F550E530BCEA5587DCC3F3CEA815B99E70F49DF749EEB52","core\integration\__pycache__\integrador_always_on.cpython-314.pyc"
"26ABE4B5AA5F0E67E572BEF11BE879804F795F22BFBD7BF86EE1FAFD017989C7","core\integration\__pycache__\integration_manager.cpython-314.pyc"
"3846E822121D4BDE45EF500E56A41E2C21ABAA2A92B7C2D90960DA51DF28FE89","core\integration\__pycache__\temporal_sync_persistence.cpython-314.pyc"
"E3B0C44298FC1C149AFBF4C8996FB92427AE41E4649B934CA495991B7852B855","core\integration\__init__.py"
"0014E554C26060BB630D3C1FB97E67A76FE8BCCC5628A936EF977E6BB9E0BC50","core\integration\dashboard_endpoint.py"
"B03F361319C1044141FAA8335FFFBF66527CC6F74F15538227C08114B4E1C6A8","core\integration\data_recovery.py"
"4D123129FBEB1DFD57F0B08A02529FE6FE187701D1FFEE67D1AE64DA0762FB26","core\integration\ecowitt_receiver.py"
"4600CB904A60CE8B0986E21B29D47B1018A5F7F0920B153C9A960D6FAC8FF18C","core\integration\ecowitt_receiver.py.bak"
"ACB3B9359F43B00755FA72E3E5ABA7FB9C158F0014254AED43DDAE87A7A79EEC","core\integration\integrador_always_on.py"
"C054808EC0A5CF8996C4F8C9DE8E992088E52C10655CA0059C7DE78067B7331A","core\integration\integrador_v472.py"
"354677F299700548C7AC8F6C5B7D75DC022CAEB7872C26FDEF492CE0A1769179","core\integration\integration_manager.py"
"ACC8F42B2DFD929B3D69C9FF8BFAE164DBED62BDDA81C81F9E7101BD8CFF5C9E","core\integration\integration_manager.py.bak"
"357BB18C5078C7BB1349FF864C86D39CF8EB86243DB63459DCC6303006DD9DBB","core\integration\telegram_bot.py"
"260206BF281FD9CA219442D88CBF6749FC5B2D070EAC1F6166D0D13E91AEBCEC","core\integration\temporal_sync_persistence.py"
"E303FF850C2A7A616DA29C0F29BEFD99D0CF4DBA7D0491353A3A60A02936A391","core\learning\__pycache__\__init__.cpython-314.pyc"
"91B6044CEE36D23D2B828D3081D31ED54865EBADF12C20CA22C2F9CE4775E4C6","core\learning\__pycache__\episodic_memory_sqlite.cpython-314.pyc"
"FA11DB6FD38EF088ACA48EE30DFC54477FF3B9FFCB27A7595827566BCFD8033E","core\learning\__pycache__\feedback_learning_auditor.cpython-314.pyc"
"45622AC46A8C7328BA7212078EA252E4D2C4BA9547E62ABBFFE60BA354FCBAF7","core\learning\__pycache__\learning_feedback.cpython-314.pyc"
"FD5270FA71A4F8536B1A689ECEB8FA304D1C94274ECAB6E70939C13DF7DCF9BD","core\learning\__pycache__\learning_simulation.cpython-314.pyc"
"3ED0EA14964679363C798C951C9968BAFADEFF8AD900258050DC75C85110182E","core\learning\__init__.py"
"E8A7D048E21B058516EBB5C74518D7F1BAB36844BD156FBF2E01219366FEA7A9","core\learning\episodic_memory_sqlite.py"
"DF482B78A7DC1FF2B702F11685AD3847B6AF4A171B61A27B2334912849154A9A","core\learning\feature_store.py"
"659FD16FDC46D503790FB1772895F516F95D176D974BE06EC549BC307A05692B","core\learning\feature_store.py.bak"
"04473094EBF752086AE9A19B88E9BAF800C8528EAA606B3A4712E4C3139C004A","core\learning\feedback_learning_auditor.py"
"D2F562B8D55871212FA73B2D2A24D51D6497557862C13298248F440B4CF25A64","core\learning\feedback_learning_v472.py"
"500E9EC13F4850EA7DE41AB7D17DAA54DCD63A25C955B022165CBA9D404E8CF4","core\learning\learning_feedback.py"
"C1F1BEBEA6107301D033BF31181787140818E6685D6A4BF31CF6441E63260D03","core\learning\learning_simulation.py"
"B27D8A1D225E3E07B883BA9B22A91576FFBF1B3D38A5E8EC3DA89E6897E7B055","core\learning\learning_simulation.py.bak"
"1017757337E8BAE74EF3216864558FE4F5BAEA4621E93D9D9C675A2FF5FEEFC0","core\learning\lstm_training_setup.py"
"3918F25F57C13565CA52B3E494B70136948541B4D10BF047AE97D888D1B34A9E","core\learning\model_governance.py"
"E759BDFA48BEC904C61A5A888E97190AF4CACD6CEBC86B1437B833B217104448","core\learning\vector_memory.py"
"0ACAE58155CF6078C422FAE8FE459285DACE0F44DCE9C7D174952BB67409ABD2","core\location\__pycache__\location_engine.cpython-314.pyc"
"559ED2BADD8152A033FF51D63FB78145895AD7A7149C9BEDDFD262394E4EA623","core\location\location_engine.py"
"40D810A1A11C48E705793DA69A80FB17D7370CD2C31D39EF55A5EBB920866A61","core\location\location_engine.py.bak"
"AFD36CB09E34E9A0D70CF6C63F834BC845ACD4FAF86548BF03D42FA7DB793F9D","core\logging\__pycache__\log_engine.cpython-314.pyc"
"F91F628D7EC1F01FFF7B997D83935E0FEFFF589120DF277C63B15E3DE5912DBC","core\logging\audit_trail.py"
"FB75293C2AA330304CB19A9292259AA8A98A20A566D6015668B024EA2D311652","core\logging\log_engine.py"
"77382F7B7BFFA9D4FBD035081343181C3F9664887DCB913D7DDADAF1A6C3C5DE","core\meteo\__pycache__\meteo_engine.cpython-314.pyc"
"F39AC627747C14471E89E8CAE92186972FB3D005297349AD89F81BB7D4F5AEA5","core\meteo\__pycache__\meteo_model.cpython-314.pyc"
"0B93F1736506395330051E9AAFAD3E7BB8CBE8E35DB149BAE7A1CDF45A35202B","core\meteo\__pycache__\meteo_utils.cpython-314.pyc"
"DA7AFA96A37DF8E89A8D0B9319DDE1ECC6199989A0F7556CA0C0AB2CC96A871D","core\meteo\meteo_engine.py"
"10D89EF214463A5397E19892034CD9D44B83B1023BA9047879CB52C50E3D094D","core\meteo\meteo_engine.py.bak"
"81622F84E705606D97D5EC3BEB6871150326BAE992F0B4F1C1EE46224470064D","core\meteo\meteo_model.py"
"C3FCFA2385CDAB4DEF9129CF58CFC3CEAC89E2B89B0C281B72A1A9666D4CA8A6","core\meteo\meteo_utils.py"
"73852C2216C4F56987A4B7018FC8C1CE0F03BE7C75177C7E4E3CACE8663FE6BF","core\monitoring\__pycache__\__init__.cpython-314.pyc"
"2DB6A2312F0222CF58E896342CF0897E942CFC71C313DA9B980B2A80221C556D","core\monitoring\__pycache__\auto_change_watchdog.cpython-314.pyc"
"57EC79DAAA3502BDA7FF0342D43771E2EF064063311BBB1E8E61C4682202A5F6","core\monitoring\__pycache__\auto_optimizer_controller.cpython-314.pyc"
"542E93703EF39A6FE94F70CB8E2D240202183C2871EB0654EF8AA05E59D18DBC","core\monitoring\__pycache__\automated_duel_engine.cpython-314.pyc"
"1F70F52DEF38A265EB24F73B952A159C8D5CE955B5C457A2A1BD6B341E9E9762","core\monitoring\__pycache__\centinela_soberano.cpython-314.pyc"
"30C7F2BE8377B7D63FE51A56EDD47F31CC5B8AED27624BCE5D795D88D81FD5B0","core\monitoring\__pycache__\cortafuegos_cascada.cpython-314.pyc"
"ABA0F640397EB32CFD15C527B15222EF51BE242655AAAA8B045CED39F7A9ECC5","core\monitoring\__pycache__\external_formula_discoverer.cpython-314.pyc"
"CD59EB0BAA69A7F3EC38CC0ADD9D86D22F41778F86B02B42778739950D2AB58C","core\monitoring\__pycache__\external_formula_integrator.cpython-314.pyc"
"6D16D2B24E74FCC2AE5D615258ADBB3DE3BA0E8EC7AA009448C09D514908B68C","core\monitoring\__pycache__\formula_baseline_registry.cpython-314.pyc"
"BF8F911F840173FF92515E68E178A71E61B28779EB6DF9C22B962AFD9D1F48A7","core\monitoring\__pycache__\formula_candidate_registry.cpython-314.pyc"
"BC05C1A0D4253098A09B268D16431214903DA565A2375FEAC1991FD9BD4A0DC0","core\monitoring\__pycache__\formula_change_tracker.cpython-314.pyc"
"0754B4B130571BEDE1E8D63813D08E09D1DEE7A2FBBAFED3BE0BC4AD9D363D5C","core\monitoring\__pycache__\formula_comparator.cpython-314.pyc"
"DD956F76248394A4C04890C951337932DBD2B632683FFFC6E467C525E3BC5717","core\monitoring\__pycache__\formula_duel_engine.cpython-314.pyc"
"FBB0D1BE94DA5D98231E1F1FCBCCB4528CCA59A4BACE7C3F831CD89A567EF758","core\monitoring\__pycache__\formula_fusion_engine.cpython-314.pyc"
"BC5660D8188C48917648C03B94FF0F60F8148E22DE3D8CCC863239A3DFDDC37A","core\monitoring\__pycache__\formula_optimization_orchestrator.cpython-314.pyc"
"A4DC080A145B1CDFD8F899CFCA664C88A472327252B559DD87809873E7053627","core\monitoring\__pycache__\formula_optimizer.cpython-314.pyc"
"82339BAB53CFC08EB1B52931EC21DAB1521EC51A584C979273068B7DD0E3B900","core\monitoring\__pycache__\formula_override_manager.cpython-314.pyc"
"98D0CF74E4AF40459E90EBAE718D85C40D5B721BE8C134842A727924E58295FA","core\monitoring\__pycache__\history_recorders.cpython-314.pyc"
"243F83A75BF5CAF70791D614B45C071323161F64FB0096838D693BB93051B599","core\monitoring\__pycache__\monitor_recursos_auto_limpieza.cpython-314.pyc"
"15307652F5AF0F891C2C566BC784D72462E825343A06231398A6AC1751D8DB90","core\monitoring\__pycache__\prediction_validation.cpython-314.pyc"
"BD7737AD764BD46FBF59AF3A6CEBA29BCBE528BE6D4DE1C623501D1C65CFB0B5","core\monitoring\__pycache__\quick_duel_engine.cpython-314.pyc"
"2908C39C51C0E0E41A8304E5BF5D5B54EC111CCD02C6FC45464ED9A0DBEC8411","core\monitoring\__pycache__\sensor_data_bridge.cpython-314.pyc"
"2B29B10F9A5FA3328320FBC11127563F4ACD834A93F57CE67503008606F71EFF","core\monitoring\__pycache__\spec_validation_engine.cpython-314.pyc"
"CF5A600ABECFBF7D5B73028A9CFFFEA6B0C73CFE3D702A5ABE49091A7453B2D5","core\monitoring\__pycache__\thermodynamic_judge.cpython-314.pyc"
"8C0990C09F1D434496870833817C5A727C0971CC4FC8ED05F3AA088449A56400","core\monitoring\__pycache__\type_specific_validator.cpython-314.pyc"
"169A0D2E098A0F1B73108A12A4D62F9F9EF33C170F91CF9069B2C05F12A1776A","core\monitoring\__pycache__\vanguard_ojeador.cpython-314.pyc"
"2B6D0E95BD7FD716B8AE2E92700F7CD0C92E1F5B5DC536E1F8ED4C66CD020B62","core\monitoring\external_wrappers\__pycache__\external_sensacion_termica_scipy_sensacion_termica_0.cpython-314.pyc"
"D5430600840B97B25C1BC653F8EB5133C270B9A932AC010699274807BD46AE96","core\monitoring\__init__.py"
"84CC543E194955598D453EA3DF2AE6A2E9454D262AD422A93AE9D8A651B253F9","core\monitoring\algorithm_candidate_registry.py"
"D3F4D1576000E10C22EDCAA1D5EDAC0084F44422A00E77C1F6F5CF5EF2EFF711","core\monitoring\algorithm_validation_engine.py"
"62E90A5DA272F63648C14D22A9AF38FD1FAA1D0B112A51A7D608686024374A8D","core\monitoring\all_remaining_gates.py"
"43F61889BA2E0E570FE80D3FD917DDCB70FE3D91317260740A80496930A03BA0","core\monitoring\anomaly_detector_winners.py"
"63BCCFCD1497381E252C0B132A997879C2B5765369952F9138300DC3ED6B964B","core\monitoring\auto_change_watchdog.py"
"2B7DA61C0198F6C46494E6E9198BEA5E02C0F2E0DC98A9944433DE7095A8E364","core\monitoring\auto_optimizer_controller.py"
"51B7D3704B1AF3F7DE8F7F092777D3E7D54B662865ADFF9C584CA93015972E60","core\monitoring\automated_duel_engine.py"
"EE73AE4DD397B7DBB725B326F171170320CA3E528C6CE2A39898B5BF66FAF6D1","core\monitoring\cascade_depth_gate.py"
"CBE96824824F64D5DB2CCB0A25BA0AB998D417D0E44A16B5D85BC82D67A8584F","core\monitoring\centinela_soberano.py"
"1458208A209ECD5CCC70E86D9359BD41A8CCFAEE71E0C4874D637C1D3F835B8F","core\monitoring\cortafuegos_cascada.py"
"79D3A4E4E93F617B9FCB7D049364180D7B54CB96FA5CA9F3E63AA3D9BF6BCEB6","core\monitoring\drift_detection_gate.py"
"1A95DF309F767D7368219BD586D40CAF0464241C79A79110BC20F92FF5D7A4BE","core\monitoring\execution_sandbox.py"
"3E593F25A4635AC0B2126CC4E0540CEDEFC530DFE1EC020350E3080386AEBFF8","core\monitoring\external_formula_discoverer.py"
"AB9FA1E8961E60BF9ED510474F0BE826F2F5E7F988AB8D645CA1E01ACE330836","core\monitoring\external_formula_integrator.py"
"FD18E6FCE842B45929387D28065F14EC5D678A3573D3519F902064B1594F5F4C","core\monitoring\formula_baseline_registry.py"
"BE2B83FBA7B9E1B4BE8DE344297045408DE09BB6507130DFFDAC7391611707FA","core\monitoring\formula_candidate_registry.py"
"6D2DC54CCEC4F36FBE15C80FA59B37E0BCA66448F37EB70E6B14B78DE340B544","core\monitoring\formula_catalog.py"
"4124F3BBA38627A7A5CB66CF06F72F65D46FB8E54DB09012E9BB32522B9E62DB","core\monitoring\formula_change_tracker.py"
"DFA8DF996A3B304B74AF85C1C862E984D2874EE09A6E80AD5CAFADA2B77E7705","core\monitoring\formula_comparator.py"
"398124A24DD2152AFCB3FE764D3494A51797E6C243E7636D0123F9650A2ADC9F","core\monitoring\formula_duel_engine.py"
"B85AFCA2B130D3F1B1921499656CA8B9FE1EE2E3B45334C51574FE683F0F0948","core\monitoring\formula_fusion_engine.py"
"754CC342BAA1A3C4785EA1FECA59AED2B8ECDE078E63244E7A91DD4D755C5A60","core\monitoring\formula_optimization_orchestrator.py"
"A41BF11C3AB2DE7A3427EA8B39C01D830EF805FE10350008FED1FE18A823A484","core\monitoring\formula_optimizer.py"
"B3B5FA14AF23E3B338FEB91DAC91E5AF2941D7B095F1B22CACF13B8228014DBF","core\monitoring\formula_override_manager.py"
"6453A774B041F0C75A2A01B2111E95BB1327ECD33395D7DE4037C8AB55A2ADDC","core\monitoring\formula_security_gates.py"
"F1B8CB8A946B36420BD0EEFCAFE19EC58954E66F30CA7CC3EF6FC9334FE32D0F","core\monitoring\history_recorders.py"
"2980C64A6C5784ED61E0202D422CA6A10F5B488233AC6A7EA84FB5AFAA835280","core\monitoring\monitor_recursos_auto_limpieza.py"
"41569354636BFFF2B5B3685BCE24174A259A05830D0CDC9C3278B809F3A5106B","core\monitoring\prediction_validation.py"
"06F03C81C60EB4622795CE64F4AA61D073BE957B109597FFC10CA4FF369F2295","core\monitoring\quick_duel_engine.py"
"7318EF8861E92100DBDE9FF8E97FEC8DE00ABC4B982F082AA35D2C0D70259582","core\monitoring\resource_budget_gate.py"
"4A9AB304BA0FBC464061403A72554C03234745BCC45685AD9D5C2E21DDB6DA5F","core\monitoring\scipy_blacklist_engine.py"
"DFD10F4A4A2A2DB889734FB54520EBB1E45E02ABD897E3D66B1EFBAB5FC6BD7D","core\monitoring\sensor_data_bridge.py"
"ECC119D8F437FD5A1B70B5319383AA4BB918067CC7B5343FC84144EA96F68E81","core\monitoring\spec_validation_engine.py"
"B51E191989DD84B9D92FFE0E441CBE52BF4CCDC730DF5A25E580033B114F60BB","core\monitoring\thermodynamic_judge.py"
"1E5626CF60943F10125279A9FE017238D5F1356745716532DA195A59DA7BF42F","core\monitoring\type_specific_validator.py"
"CBACD0391EBD17E3434EC70A640E8961C127D106876A22C485BE44AC8BCDE9CC","core\monitoring\vanguard_ojeador.py"
"49A8BAE19F03628496A145D69E26087BD54274234FB1B85F400AD365E77EFAB4","core\motors\__pycache__\alarmas_motor.cpython-314.pyc"
"7974D9CA75E87A73C643FC6F9D91F2CA02C4D7195A7EC58AF9F3866C72E99770","core\motors\__pycache__\calendario_motor.cpython-314.pyc"
"9B2D9A17F98C562BA2B4409A1618B5E3439DE47E0C9DE93469182D60C3E54D52","core\motors\__pycache__\comunicacion_motor.cpython-314.pyc"
"E61D7E478E1AB49BE8406EF8EA31B0EC495259645D38FB65CF91C1A4DB43CE0E","core\motors\__pycache__\eventos_motor.cpython-314.pyc"
"601ACE80B02C2705E11B17FD2CDBC5CEB689B4B3B21837E5764B10A3EE3F9504","core\motors\__pycache__\impresion_motor.cpython-314.pyc"
"84C9AE8754F34BFB8E4D1EE0043E761847F090961C4EBE9AF4319CA5BCB17B11","core\motors\__pycache__\lista_compra_motor.cpython-314.pyc"
"ECFA67A563A6322BDF87C54F14E75EDCE1A6C0B6B4878DE64D9157A18EF4A8C7","core\motors\__pycache__\tareas_motor.cpython-314.pyc"
"736122031425F4384B5427FCCE7834A4F4738864C812823B9900C639D7B12230","core\motors\alarmas_motor.py"
"6F95321DEDE482A86E060F06317F70DE282FEB1994FD98ECEF545D03839A4364","core\motors\ambiental_motor.py"
"61AD9DDFFEE94316B7C5E6193ED66142E5399304D48390CF8A8D86B584A39D5E","core\motors\ambiental_motor.py.bak"
"B73B3B40C3FDFA2EC01CCCD50100B55C65DF3916CD0ED28C16504BCD48937032","core\motors\automejora_motor.py"
"09BC9C87CF85B17CA695C7B6BD7D40D543AB6514FFCC4D5552ADBBFBE0E794D1","core\motors\calendario_motor.py"
"CAF32AFF436E3B52AFFC4BB15D4B968079FE022340FBC133EA5DFD1469D1DCE3","core\motors\comunicacion_motor.py"
"FB24251C7295A9DBD3134C4EEDB6F3DC6C335500490FDA97A11A6853FE93B283","core\motors\confort_motor.py"
"750990AB18E101408A7789F8DDC930A8B489FA7B0F6BA7E1C91FEAF4C946496B","core\motors\edificio_motor.py"
"71EBBA21E8221E229C619D46AC542AE8362598FD8938A76851600BF743D53F96","core\motors\edificio_motor.py.bak"
"5CAA46981776A9C51E0DAA28D416F52BFC83E9EC7EBC733592A1AFCCC2234442","core\motors\estado_api_extendido.py"
"57F4ED96A884D1A980AC43A8CDB38C5FA1FFC6D3E9CDE068B752A9E3D3E88350","core\motors\estado_api.py"
"96249F5877EB041D3B0E0916F1B1201DCCBC45FF717C877000877F805C635FE8","core\motors\eventos_motor.py"
"6D229BAA19D6EF6F742AB948DCB5F57C06345B67D1FF72FB2EEEC584D5ABB5D5","core\motors\huellas_motor.py"
"5BF673FCA7E5EC63C510F88B6BFEE5A67829BBEAFA564661CB5488F2B6F5B6FA","core\motors\impresion_motor.py"
"4DDD4EF601B9F02B42AECCC70A996CAE83105DBE0EF2B4870533E6321B7CBE55","core\motors\lista_compra_motor.py"
"AE6A49C7261F6885010FA41BB15B10AA8B4DF4DE43B14184104CD5A88B9F26D0","core\motors\meteorologico_motor.py"
"BB8433A5A3DBCF4E45C92B4A8E42012EE7178495EBC3E152B31F9C26DC187E11","core\motors\motors_api.py"
"05D2F83A9A898F26D7DA5198E8F1A6C76F31E3ECD9FC52FB39C84FB0B744E57B","core\motors\recomendaciones_motor.py"
"29231E1BB396B75704CABBEF78CCE50FDFEDC251E9E9DA3A4D8BBBB7C6252B0D","core\motors\submenu_motor.py"
"734BF48C58354CACC8151569F9FECB84E295B834A06E5EDF7D6D2DE197DB942C","core\motors\tareas_motor.py"
"48F99EE7EF6875ED82EAF9DB40BF292124730DAE2782C65324720731EEE60472","core\omnipotence\__pycache__\__init__.cpython-314.pyc"
"B918B8A1AF01EEFD643867BCE9FDE8BD2C34288BB0AA96CC2514D0C75E9B2EEE","core\omnipotence\__pycache__\integration_bridge.cpython-314.pyc"
"1CF5D693C3F2CB1D55A286AD257BB708DEECBD9B8EE6AECE8DD78C9F2C25202E","core\omnipotence\__pycache__\omnipotence_simple.cpython-314.pyc"
"AF71DF4B98965393570AA57E927E5E4378A1354713C37E54DFAE181C0596C9EE","core\omnipotence\__init__.py"
"6126BE437E09D98186A7F7B8A7F0CB9A17D7BBF8885FFD7096BC8DDB772895B0","core\omnipotence\integration_bridge.py"
"6B80F26551732C5524CE780356FD0E3D0E83587EC94D26FB850C8BF2B535B705","core\omnipotence\omnipotence_simple.py"
"5AF4B3CCFF9E45343792379BB41D1F0E766F44E4775E93C34B41485BEFC843E2","core\orchestration\autonomous_optimization_brain.py"
"48C3157BAA06D3B97740CCFC4CBA727EDD5520A20FC11A5FEABCDD18BD38C2D1","core\organizer\organizer_api.py"
"BF227FA334870125B4FE2BB7AC7C34F4A3B188BB026E9DD95A529FA54B70FD8F","core\organizer\organizer_model.py"
"463DEE22FAE4A671EAF24050D75B042210CE524E7D1A4B44578D1578D4E17905","core\pas\__pycache__\pas_engine.cpython-314.pyc"
"C424418C218CDA042967081571FC700905BAF8B15D4AC0DD283F49C71666B463","core\pas\pas_engine.py"
"3A839F130FD9D2DE741B17E5E229B4CA07F3EAAE877B0CFD3C61FE510C9BC3C6","core\pas\pas_engine.py.bak"
"F62211853EC5E9B7FD1F49D25E6ECAF109D079F6FD4D1E5F886E86D83528D177","core\persistence\__pycache__\influxdb_manager.cpython-314.pyc"
"A484E3B3839D00EBB932D3FAF23467CE535D84244D9D0ED0C0B5398A722556EC","core\persistence\__pycache__\timeseries_archiver.cpython-314.pyc"
"A9127B518B9CE2E7F1354DC3810DFB78FD61F516C572FE3E72E41BACD38926DE","core\persistence\__init__.py"
"5A96AA87ACD4D31ACA2BE0E248D613EC98C6051CF8FBBC5DB9AEF17B4D9C539F","core\persistence\influxdb_manager.py"
"21D26B70CA194F11638BC58467F14BE066F00B321CED2FCC245C97D5235EE183","core\persistence\timeseries_archiver.py"
"2E6B24F7C329CAB16732340C99D4814B8F7B996087CA6FA9B390DF6D1F87C2F7","core\persistence\timeseries_archiver.py.bak"
"C9D78D55E4590BED7391596BB392DB09CA3F8DDF9C2D0BBECFF5D497772DF2BF","core\prediction\__pycache__\__init__.cpython-314.pyc"
"C09B9C944DB0976DFDA72A863BE7641C409853F8603F1806F4A72583203041E5","core\prediction\__pycache__\lstm_predictor.cpython-314.pyc"
"31CE1DD4A47C0BB3CD5AB8C22A17739461CD044EBC39081C08E37DD87DF7D06F","core\prediction\__pycache__\prediction_engine.cpython-314.pyc"
"A0C489B641570AB12B885909A59B81A54028B227B9BF197D15AE8BBFC8A4EA37","core\prediction\__init__.py"
"3E41660DA351B86BD29E6DD72DA9D2C4B51A2AA0D883FBAF1060F557060211F5","core\prediction\lstm_predictor.py"
"D9CDA78B27F79283F18C364942AE6B19FFFFBEE782A9983AD5BBEC88B261EDDF","core\prediction\prediction_engine.py"
"61916F2927FDAAD37A590E52CF9EEE8D4486709FD62753AB0C0CB6C5D80DF6FC","core\recommendations\__pycache__\__init__.cpython-314.pyc"
"CC0EF66277911ADEE312F7A062F4CCDB33AB7F179E4C2524F843258847902979","core\recommendations\__pycache__\unified_recommendation_engine.cpython-314.pyc"
"E3B0C44298FC1C149AFBF4C8996FB92427AE41E4649B934CA495991B7852B855","core\recommendations\__init__.py"
"BD485408137C9D9DB74EEFA8342CCE3A4D571E8DF380F16BA770A2B615991F48","core\recommendations\unified_recommendation_engine.py"
"C246A7F7E0E2CE3F064A5F4C1361A8DB3E2B8347055D065654B4564A0ECAC26D","core\recommendations\unified_recommendation_engine.py.bak"
"06FCF1736C95AED1559BA12E0B7E805E8C9FFAB32FCD1BB5DE692BC258DB4B5B","core\security\__pycache__\__init__.cpython-314.pyc"
"1844435465BDCDBE9733FDC894C2D7A283E72C3757F2BB26FF1F002BC2E6CBE6","core\security\__pycache__\integridad_codigo_sha256.cpython-314.pyc"
"A56B8F7897267A66AC0C7FDF177BCC73AA5D2A7D4FCD0A45749081A50A731F02","core\security\__pycache__\meteorological_domain_validator.cpython-314.pyc"
"361E0ACE4073CAD78B37B981C5F92B1AA94F8D81A589925326B4D18025694E50","core\security\__pycache__\precision_validator.cpython-314.pyc"
"F016F6401E9E485A28F173E7F16261711518555EC4BC7A5AE24EABA51E86C9EA","core\security\__pycache__\sanitizacion_datos_externos.cpython-314.pyc"
"236A678E48C103956DD20DB48551EED9E7DA10908F87741E047EE4C2D8ECCDB9","core\security\__pycache__\security_optimization_orchestrator.cpython-314.pyc"
"8917F6B221248F47EC248894E70D6C4FAB9B01CA7C2D1E34C057E09377840A73","core\security\__pycache__\specification_completeness_validator.cpython-314.pyc"
"F9DE0CCA44088DD1979AF40EA3F1F53B7DF91BB092080CCA1B07775448E9E75A","core\security\__pycache__\whitelist_enforcer.cpython-314.pyc"
"DDD471C58E13C74956BC2AA852B3FC599F239AFA533FA2F76D737FE07C8536F2","core\security\__init__.py"
"2045A8E6CF4226F09CAA068C5AE1E54C24896D489B61693968C6B5F51CACA23F","core\security\integridad_codigo_sha256.py"
"E4298C258A5A0A939657E7779D3FFA318D4150D1963A01DD122C3895AB3C9AD5","core\security\meteorological_domain_validator.py"
"BF9BDA69824829F9D6F1DDAA2B86018B99AD7371B6675DE03F3BC55419DF88E8","core\security\policies.py"
"555B8403BDA41F36D55CB19FCA32CEEAF159911A9F3A1D866721DE33D7A630DC","core\security\precision_validator.py"
"6EC3C843A1446E77C4DF97F6AE6CCD382FC266CD266E75EA8F54F8776C6780A4","core\security\sanitizacion_datos_externos.py"
"5203DF1D98EB222111813BA1EBF29186F3BB7FFB7FAB74ECFA90D148D27BB721","core\security\security_optimization_orchestrator.py"
"62664CC5CE48EF502EBC1189FEFF62ACB1D0A6CA97378F02190C9C2A951D81D4","core\security\specification_completeness_validator.py"
"500E764DA10ABFD226B8DBE25095BD9F95DD4EE0722EB166273FD3AA8F759D59","core\security\whitelist_enforcer.py"
"92CB14E81DE9F3A6C54B5D05DE8F5E62BA8A030C8B7FFBDC13AFBDB629BE4BBC","core\selfmod\self_mod_engine.py"
"21CEF5E01B6541223649EEC7D1BA2F42A2E2C50645282E2E03928EC4151516E2","core\sensors\__pycache__\pm_calibration.cpython-314.pyc"
"D6A4B01BDEA361D2598E65D35CA29F41F71C38BDB503DAF7C4E96776923D0D03","core\sensors\__pycache__\sensor_aliases.cpython-314.pyc"
"C6973E4B64491FC400F08C5EF641B07566FE78B33D807815293FC42F301D5468","core\sensors\__pycache__\sensor_virtual_altura.cpython-314.pyc"
"D02BDCF8B63C055966B34F9620FF992469DAD92D44B217F1F2CC4106726A906C","core\sensors\pm_calibration.py"
"6314803E6BD665CA02615BBA7E53A4DE7B2F3D217700EF8F0830F167F270AF2C","core\sensors\sensor_aliases.py"
"11F2F5FB356ADF50978BDAFC06EEB7D933194D6E8E998A75ED1BC2AC8909C86E","core\sensors\sensor_fusion.py"
"61B753B2025B3F4031491603997EC65A28192B72F8602ACD6861F5DAECF06CCE","core\sensors\sensor_virtual_altura.py"
"A468A48D905A173D05DA08E193C9717935E99D88AFC9920DEA33A0CA9D812CE8","core\system\__pycache__\__init__.cpython-314.pyc"
"BD8CAF01E9E6140C990001D96DEC7D2373D427FBA5EFA3884D3CD291FAABD263","core\system\__pycache__\auto_instrumentacion.cpython-314.pyc"
"7E66FE98C9A4C33228E29873F73AFE4E14FA58AFAAA70327B0FCDE778DB3ACB2","core\system\__pycache__\bus_expander.cpython-314.pyc"
"D3DA3570A42D2AEDA90873492F5CB00E61973DFA1E977D73159D819C7FF5AE77","core\system\__pycache__\constants.cpython-314.pyc"
"C48DCE6F9DDC177EE9473CD0BCD2CEB9121CCDADFD8E4E4A8A6BE1904523481D","core\system\__pycache__\startup_auditor.cpython-314.pyc"
"4B34470A1A60584C8E3FE89E252750689480D60A4B6A4A959CC6344635FFE97D","core\system\__pycache__\system_core.cpython-314.pyc"
"160DF6EE38BEE27C0AFF4324224A44BDE9B8AEF67A7F65B42AA5C33007C7D8F2","core\system\__pycache__\system_launcher.cpython-314.pyc"
"E1E6F4DEA13E4E6BFE9990C40F8DE47529955C95F882F4CA65537DAD817BB386","core\system\__pycache__\system_manager.cpython-314.pyc"
"3999EECEAEDB060930289780A5E91BE1172BFF38E61BDDFDC04B32DEBA999FEA","core\system\__pycache__\validador_cruzado_trinity.cpython-314.pyc"
"E3B0C44298FC1C149AFBF4C8996FB92427AE41E4649B934CA495991B7852B855","core\system\__init__.py"
"CEB4460B6C1DF008750796A222E6BD0A4529BC4D79EEC42C96979BA65EDA2A85","core\system\acorazado_orchestrator.py"
"B0CDBACF5785E4ACAA07D6C217AE99FBA1904DC708BC3DBF82D7E447698551B8","core\system\auto_instrumentacion.py"
"B4727D6942454428D6A3B7C40B5F125E573C2ACC4252A7969FC0339A51C2B0CA","core\system\autonomous_maintenance.py"
"B88C7E0A1BD09CA2838F3C105842BD648A96D63D3BD2B080DC3B5C56CD1538E5","core\system\bus_auto_capture.py"
"2D178443243422264D250DE22A83CA8B0AB6F06CC8AF7949D512795C930BC917","core\system\bus_expander_V13_BACKUP_20260202_180608.py"
"1874395F8BA6AF72C796A5E51D885FBD2C759BEEA0E125A38659586CF23593FB","core\system\bus_expander_V13_BACKUP_20260202_180608.py.bak"
"F5341505CEECE6C541D77454FBD6FB0C7D232D36ED0E498A3FF560932440F400","core\system\bus_expander_V20_CERTIFICADO.py"
"52AB69F7884E3B785FEEACD9A0B07D57400FA97E462300F5252D8E5C5B45F444","core\system\bus_expander.py"
"502699656FA30E559F16FEF2523F8D38766315D62AF28BB91D0CB57A7E3A94DC","core\system\bus_expander.py.bak"
"794DEFF881B9198BA5F4959E4A4FFD91D15B269ED38B07A480CAA88593B7E6D3","core\system\constants.py"
"2ECB059466EDAE8458715639FABBD85E31C3FF8743E9EECBEF9211D2D3DD7CDA","core\system\observability_engine.py"
"D5DD7E917FBF4F5035F6BC01F3121A24874EBF996ABC9C34641DA9B0A9A6FA4F","core\system\startup_auditor.py"
"751C1000DF8B29A026B53D65738B7FE44B23CEA9AEBE96AC164D8ED416A60261","core\system\system_core.py"
"88AD5FA13AC745D9A521A4AA6E471DC112A5E139E42A1C60CC6D38E9C62A9297","core\system\system_core.py.bak"
"DF38F3ADDC695BA2551E7E6926ACF8ACF1D1C659DF9ABA3080EC0A97A73C221E","core\system\system_launcher.py"
"B1B20E9D919BFF3451954587062693E9A8490CF585184ED327D5945E842E1024","core\system\system_manager.py"
"83925DBFEEC1AFCB1F29CF8AC4BFC1004917642ACBFF90342C39299C3A9FCEBF","core\system\validador_cruzado_trinity.py"
"D205FFE9A115B994713FCBB099FDB3EBC2F2CADB1B8382695C5CDB48B9A2693F","core\ui\__pycache__\__init__.cpython-314.pyc"
"E3B0C44298FC1C149AFBF4C8996FB92427AE41E4649B934CA495991B7852B855","core\ui\__init__.py"
"083F28CFD4E86E9ADC8D242E031E395EB3A37C44AA008D221333F03F117988EC","core\ui\alert_filter_system.py"
"E0DE2640188175BBD58B716D5B169E60913CBB76856A908875F25F934E2805F1","core\ui\main_ui.py"
"3E27EF8539E900DBE00EEF2F9739E29DBA9F1313A5A765F568C700A15FB0A04D","core\utils\__pycache__\__init__.cpython-314.pyc"
"F1B23A7F665E29357D9776CEDF70681FB95D2C253F9938C7835F78E3B5A36920","core\utils\__pycache__\rolling_windows.cpython-314.pyc"
"E03CC8ED2F8F0A64A412603EA5F8296232044200DD86251146A91D8554D00FB5","core\utils\__init__.py"
"F9C312DD97C7FCA8D99E1997E32A8AD3A72F9A6B44FE10C69CCC17BA626488E7","core\utils\rolling_windows.py"
"2088820BCC8A589B6D1B2A2EBEFA761076B3B57F093E8669C212477C75CBDA55","core\validation\__pycache__\__init__.cpython-314.pyc"
"24EAEDF4B4804B416DBFD3640B18779B91F16A9D869C131F2F06172930CB5332","core\validation\__pycache__\anomaly_detector.cpython-314.pyc"
"F7D1233F9E22D2227963BF792B36621732A5497D7B5F4BF3502441E56DED6A6B","core\validation\__pycache__\fallback_isa.cpython-314.pyc"
"93DCDCAED4C30A0611365179EE851A12E1EFF2784747209F24C3F03F8AAB656E","core\validation\__pycache__\mos_clustering_validator.cpython-314.pyc"
"874B4A512F9A8C22D47233FA635FBFE3D06255833E05B5F4F1ABE30A76F34D7D","core\validation\__pycache__\outlier_detector.cpython-314.pyc"
"518E8C48361D4FE7B33E9B2B49242CEEEFE2EEEBB4B22F7B4DF469D3F4C88138","core\validation\__pycache__\sensor_anomaly_detector.cpython-314.pyc"
"1F6B0A12167B3FD307415E100316487456BE9E66532012FDC5A450849254E138","core\validation\__pycache__\sensor_simulator.cpython-314.pyc"
"E18F2E6167058ACDDEB65EC3812887DB51DC334400897E018F2FFC844B9D572C","core\validation\__pycache__\sensor_validator_cascada.cpython-314.pyc"
"C4CC6677F50CF4F56C057C27A90E1C70F8483F862764A2BD1C0666F8F72BACC2","core\validation\__init__.py"
"5E0F55D8D63CFEA456AEFC4432D53F538BBADC9C0DB4F74255EA974D0FF3DD4D","core\validation\anomaly_detector.py"
"4DB790B25533C56598053DE6695723A98B0AD8DD0D69C5274EEF67F0BDD281AD","core\validation\et_soil_controller.py"
"7BB1C97A193862228727A4C4129D9FF887536596F34EFC515D7314AD555A79CE","core\validation\fallback_isa.py"
"E9564B3F03CC0ED32535F44F16DE80335E2707F16E9780E01E235485D4AACB43","core\validation\hardware_self_validator.py"
"5502C3ECCDFCCAECB40B56ED8244651254CEF1B3EBE237391DB8C62B21419B78","core\validation\mos_clustering_v472.py"
"3255B3578343E505C9150176FF8985840DDC91EA6DB6886FFE5085618E0BC4A1","core\validation\mos_clustering_validator.py"
"F3687CD54FC76B5E89FD637C2429E8B45CAEFCFA83990AEBA1CDE500F4F0D53F","core\validation\mos_internal_validator.py"
"041ACEAE7133D9BDBCD3223EB4BBCED77B6F63751FFABAE7F683CEB2088E4364","core\validation\outlier_detector.py"
"8BAFAFF39CFD694ED1E13A5D2E7501AB701CC6B0428B02C6A2507CF9303F4567","core\validation\sensor_anomaly_detector.py"
"8B9B02713E7E7C20FA2B67D6AB1A616F2C724257ECAD37F6589C4BABCA5DDC45","core\validation\sensor_simulator.py"
"EA99F8827D2F1CC5A1B65D3829E3622238B864B847AFFA7BA2951830070C8149","core\validation\sensor_validator_cascada.py"
"D8217233BAE7AA553B8FA5423501CCDEF0C41510EA432E81F9348DA3DA39DB72","core\virtual\virtual_sensors.py"
"A659CE84FA3E47E06E67C5F826B79B5EF0DAF352E68877901AC2AD9DBDDB7290","core\virtual\virtual_sensors.py.bak"
"33D9987A7F12F327B431FB14DDA1F8C82B624B6D182BE33BD7F3BC8ACDF375B2","core\__init__.py"
"26EE91A98060770B2E656F929EED8938E34C28BA4FF1ED203D2AC18D678238F0","core\arcos_solares.py"
"C79B9B8CFA1A65EFF8D52884A2CA162D70115995CA2D8427AE2A6DBF569C75FC","core\auditoria_manager.py"
"AABEAF871CB230CA1A298CFFAEE2BA1D64AF655958832C7686290C77AAAFB280","core\correccion_geofisica_v26.py"
"2529D7D8E9E90EAF0986E51AEC5FC947FB37C75653C401C44C9EA9F168AA962E","core\data_model.py"
"B5EE3A1A121272CE23C2129890BD3E6E1D5ACAB279F8E31BD390A5BCB18C8249","core\devops_tools.py"
"8DCD1AFE01C91BB879BE8922B5CE3A6F40DE02D05314CAB01E76BBD5C9A16D36","core\feedback_manager.py"
"67F63A86DDA63BB13CD91D43999FE5913AC61BD89862F62BB98B11B91E837169","core\fiabilidad_manager.py"
"6C880A6F30031C89BF90A118B41779E075B3B9ACF9B8814BE5EB2BA5ABB278DA","core\ideas_master_blocks.py"
"AA8ACCA2AA94D4B1339E0ABD7E474452881D55095B62766217BBCE7DAC8BE73B","core\ideas_master.py"
"18243890EB1C23C4D0BF8FFCE695A13A63C8B319BF52C5B21A6B5D8B04929A31","core\logger.py"
"1E064B2C3CCCAE6EF3C8B4EB11B3A234401AEAB12A4670D55042849805CE0EB6","core\meteo_interface.py"
"2CBC25C1FF2DDD7D934BA7729AC4EFE19D9AFD6D66A62E062B5EA3411A9E7430","core\recomendaciones_motor.py"
"63DE722E41CB8D98EB88B5D792FC09E0723F17EBF1CC5CF71DE3595724AD0615","core\system_launcher.py"
"53F3B2AD41BA05A2A96B5E384BA19F977FC2452D01FE1DE25A5E866DD40C3A50","core\system_manager.py"
"5B4E5C7E46E4B641049D4172AFD9504E4963BBD35B95CA9C1BE9182476C307F0","core\utils.py"
"8D966091EC1026FABFDB57566B5EFCD63705A69B87E2D84F618DD66E456125EF","00_COMIENZA_AQUI_RESUMEN_EJECUTIVO.md"
"B9179364C43826E33FC53B72C91C1FAB13EFE77306C802B7CEF52112A45198FB","00_INDICE_MAESTRO_ANALISIS_ELEMENTOS_ELIMINADOS.md"
"56B320775D00F6F3EA0D1169DD9A58A2142547259055B87DA6080D78DD73E609","ACORAZADO_ARGENTONA_V26_SELLO_DEFINITIVO.md"
"E695D124C41EFAA1A48B2F9F97F7140A08064C15B4339F1E92AD605311E8F839","ACTUALIZACION_HALLAZGOS_UBICACION.md"
"15C3D09D8440DB6008F7DE5C0AFD6C2EF7DCB64E5AE1B56649BE96A6C54C1C74","ai_controller.py"
"F74143983876793D553878CA03313C2E00819AA0A73EAB83114A66B0B200DEEC","ai_endpoints.py"
"4A26C1C0CE683FF6C3EA8E4A5F3489D65B638DB21793989E5935E0D33BDD58D1","ANALISIS_5_FORMULAS_APROBADAS.md"
"90F3795023E7039C55BE992BA3E95004125C88142906B31FD5554BC2ECF9D7BD","ANALISIS_BRUTAL_REALIDAD.md"
"9BF344610F506D41634CB8270A13BE7F84A2BCE0EC093926B9DEB8D03220AD0D","ANALISIS_CIENTIFICO_PROFUNDO_HARDY_VS_IAPWS.md"
"715606BA25CFABFE8B4847B1630C7C5E4374F7C194C6771A36A339C13154F4F1","ANALISIS_COLAPSO_NO_COLAPSARA.md"
"8BB3C2005A1954B78417652385D309C4FE469C141C791B11A6D86ACFECA87DFF","ANALISIS_CRITICO_V46_7.md"
"C9406233A9B0BBA35EC62B833F0D76CD5E86DBF5EA0FC38192E12118B562CCFD","ANALISIS_DEBATE_FORMULAS_V47.md"
"379CF2852C3EEAB6222F8F8C8FC4BF16EFC724DEFFF4E365D5D5BC468F5D606F","ANALISIS_ELEMENTOS_ELIMINADOS_RESUMEN_EJECUTIVO_20260205.md"
"15FC85DE9298227DDA26FB12635DEAF8441F2B94E3B750F590BC93E2014BE07B","ANALISIS_EXHAUSTIVO_FORMULAS_20260205.md"
"4EC9A63240DDC87890A738E50E91CE17999AED8AEDD65F2011853D12D4446DB4","ANALISIS_EXHAUSTIVO_FORMULAS_COMPLETO_20260205.md"
"2DE1FBC136A4DEFFE4B072379C40A2176C5368E2EA050E8E0917461BC60375FA","ANALISIS_EXHAUSTIVO_IMPACTO_PILARES_V49_FINAL.md"
"45E92EBF4C85AF3439865194AE71DE2DBCCB97DF0171A84724A3A2B94743A032","ANALISIS_FINAL_UBICACION.md"
"8D3121195EAFB7252B730489DB249FB4C92A74B368D1EB3D0FA11F63DEB6CED4","ANALISIS_FORMULAS_TOP_BUS.py"
"36C67841C7A43BCE6C8532F184B85231A2AC5079F5C690D423D465A9D0C39B94","ANALISIS_FRECUENCIA_CAPAS.md"
"7309608385ED26874EB821479FE8B6E88157A1EFCD13F6CF328BE9532560A678","analisis_fuentes_datos.py"
"AC380003DF60067A5B868CEFA7806B3FCE5A086596A978BAA03DA7EA44447CB2","ANALISIS_PERDIDA_UBICACION_V26.md"
"C5EEBD510B3EE753B52793453C71BF9DB72B74748383BF9F2ECEA9E82451155A","ANALISIS_TECNICO_ARQUITECTURA.md"
"CE66BA53212354B6E1C8B256B9A3013F8D25D8281113EC754FC30CAF57117A9A","ANALISIS_V46_8_SOBERANIA_ABSOLUTA.md"
"17DB63D1F3E37CDF1C86ACF049D2972560C7A650D70BCD2BC7403D86E4C04767","ANALISIS_VENTANA_APRENDIZAJE_MOS.md"
"DAC0A5DFE9239203A7055B6265AB45D7BFCECE3ACF3E672A9E0B40F99FCCB10D","ANALISIS_WBGT_EXHAUSTIVO.md"
"4ABE28BC318828B94437BC7F56365D4282564630B7F712DAF4432CDECF5B3965","analizar_top5.py"
"EB43D2A40F79048A20192661E2C85B7A488F944CD537D3C1869EEDC7D71072BB","ANTES_DESPUES_VISUAL.md"
"9625D87A41062567704541C3FCB5872158FA1174A0415A1F88C245359C6476DE","arbol_decision_cambios.py"
"2380E05B1CC2668473B4A363891EF696DF6B557536D6388CF15D11DA6FD55E4B","ARQUITECTURA_VALIDACION_REACTIVA_VS_PROACTIVA.md"
"6EE8A992FFA64FDC536AE8B491EF4B9DDDAAD03CCD865D0B34EF8470F6674B81","arrancar_meteoser.py"
"14812CE1C14ADC7EA0A98CF8EA78CD4D16380CA541830732736178C51213AA23","arrancar_servidor_test.py"
"569FC7F0D4BEB257EF717E958EECD81EEC165E9DD03CA93B400A1854E76B1843","ARRANQUE_OFICIAL.md"
"9594F12031774383383ADC8FC213059F4357E7FCE69DB8DF744A0B7B4128D899","ARSENAL_V47_0_COMPLETO.md"
"AFFDF7BA6089CA91A5734BDBEB91FCB5E48A419B32197028CEC57495ACD1793A","AUDIT_CHAPUZAS_PURGA_V1.4.md"
"DD01B2F8AFC33AAF04E48C0633039BE82078545D866CCD1F3013C155875CE4C9","AUDIT_FACTOR_Z_LIMPIEZA_WARNINGS.md"
"9489FC239ED26E02904233F2600F689025F67C2EE9864A3B7615320E92AF6B1D","AUDIT_FORMULAS_REALES_HONESTO.py"
"D0A9F939037B6F5371F5355D8D4B4119B6E4F7FEBB96BA63BC63696641C7B290","AUDITORIA_APENDICE_TECNICO_FORMULAS_V49.md"
"1A5E13FEEDE3B0B2F6FA9479A0DB09B09E44D7F4D47B927CBFE77B05017CB1EF","AUDITORIA_ATOMICA_CONSTANTES.md"
"3AD73E323A9CA078BCDF3B6CA03B8220DDFD42F8C8184394C3735940A64B7C70","AUDITORIA_BUS_FASE1.py"
"7FB44A6A792040FFC236E1DDC82808E7C0D924F4C618D6235A6DC7B123941484","AUDITORIA_CALCULOS_METEOSER_V49.md"
"219AEF0BEC083DD039349B0E29F4ECA99105D8817370C2009624CBFDE66EA9F6","AUDITORIA_CLAMPS_UV_SPECTRAL.md"
"4D836C36662E7B5F957621989B232B3FCCF95329ED2E19DAFA9AE00C6FBD76EC","auditoria_codigo.py"
"14D789E50A0AAAC844E96C2D1813FC2E39A381F3466C8CC477125E4813BF12C4","AUDITORIA_CRITICA_4_PUNTOS.md"
"A0AC2B16BA69968350B1B35BC8066DC3873ECCF896C527718F024B407D644331","AUDITORIA_EXHAUSTIVA_COMPARATIVA.md"
"625668F99796227CAC965E0B1F746BEDACC4671309811681A3379AC5EA9DAAAB","AUDITORIA_EXHAUSTIVA_COMPLETA_V49_FINAL.md"
"37ACC30B6B7B192333776229C91FAA92051D9534FC0E2BEC69DCFBDE0D213063","AUDITORIA_EXHAUSTIVA_RESULTADO_FINAL.md"
"9D27A35DB08341AA1651CEFBC8C8BBAD240CADAD6B8D46B8B8964150C1000C0A","AUDITORIA_INTEGRIDAD_FUNCIONES_V49.md"
"2282D5CC356297D4489CF4E77FF6E305A57E430300E5B6ADAB3A686826C3221B","AUDITORIA_MOS_ANALISIS_COMPLETO.md"
"B2E23BC4D6A00F07585DFFC7DAF50392A41C871305BC656BC1B4547FBE6372D4","AUDITORIA_MOS_IRREFUTABLE.py"
"3036A3311081551EDFD12EE4D897C1FFFC8A1F33E82B3237775F5001C018F247","AUDITORIA_OPTIMIZACION_FORMULAS_EXHAUSTIVA_V49.md"
"3059328AA58C78800AF97586D76819CBC0C49EC89DA2F1273BBCE4FE12241DA8","AUDITORIA_OPTIMIZACION_GLOBAL_FORMULAS_MAESTRO.md"
"3436F3CBDF7B764226CFE8AE372F272B3FFDDA148A5CCFE2FB685FAB045D2845","AUDITORIA_PROMESAS_VS_CODIGO.py"
"8C946B6C17EF799FD019A66A95E99BD36DCB48C1CDA8CB83B63C79E0C44CC5BF","AUDITORIA_REAL_IMPLEMENTACION_VS_SUGERENCIAS_V49.md"
"7F941DE31DB16510472DB3ACDF31A6A1B9D40E320F33E07333215A73E8FF685D","AUDITORIA_REAL_QUE_FALTA_VS_QUE_YA_ESTA.md"
"8BEC539C9C808A871D7F280246A5AB68D36AAC2EC28D215E98AD79B498A961F0","AUDITORIA_REPARACION_COMPLETADA.md"
"666FE9B88762E9863618EDD5109B024DEBDB1F2E401A49AF70D14717EAE64A36","AUDITORIA_TAREAS_PENDIENTES_COMPLETA.md"
"B0C198D060430BF655B9791A18AD8763A044DA90D38A90A5F1BA9D34727B6795","AUDITORIA_TODAS_FORMULAS.md"
"F48BE4F39113F5075AB860436F2C04981FFBE65B9DD94D192E2AE384AABD9442","AUDITORIA_TOTAL_AUTOMATICA.py"
"76C0B182D9D7B46DE09171F744F9BEB93DC99C3E91A57AE62F0353A969E76D06","AUDITORIA_V46_0_CIERRE_FINAL.md"
"29FE00162784F85822B5E5656DA96C41E78428DD0FC44AC9F9035F45BBF48B7D","AUDITORIA_VALORES_DINAMICOS.md"
"FDC0DCE2BC41A497FCA89CEA11435CC49BC9BFACD264585F101200D5BC087085","AUTO_DISCOVERY_V29_TOTAL.md"
"437E0EF51994763CF42EB85A99CFF65F17CA99BEFBEE6257E44204C1CAE1DE4A","AUTO_INSTRUMENTACION_V29_RESPUESTA.md"
"8DBF5F32ADBAA45C3C704882848C487E851070D79957AB3E85731F7A68AB1FD0","AUTO_MEJORA_COMPLETADO.md"
"62377F31F92239B746FDA2972517F9554D6C3F37E11F508F6F4236692F97CFA9","backup_main_asgi_ojo.py"
"B7E581DC965D1922A429F66D0DCF4372B836ACD4F7A1F9174E677F2D9A4CF200","benchmark_v14_ciclo.py"
"859C7244E1E3C91E05B2CA1E753581DBA383A448031DD166343F0D740EFE1C47","BIBLIA_V25_CERTIFICACION_COMPLETA.md"
"30DC9C0F88A2710FDE5AE9019E146D31840D8E371A2D34028445EB7536C60930","BIBLIA_V25_RESUMEN_EJECUTIVO.md"
"34EB20A5068460E6762EEA1FE58E03D1531DF6E42233A7ACD2449D5385B1239F","BIBLIA_V26_CERTIFICACION_FINAL.md"
"A1E207BCFD3F5BC1B18EA273C63A47A7D0BF2FA0E0179FD380767095330F4ED9","BIG_DATA_INTELIGENTE_V20.md"
"97A985012197E72FF5D90A2369BF4F52F174B96EFFDB9C8F3DC436356592DCC7","bucholtz_rayleigh_v25.py"
"682AB960299541A23D918FB045B8878433E9684FCC14DBCF442B9B14086D0AB2","BUS_DATA_CONTRACT.py"
"5B0B932706EC0AC4A906FC49B6C3B42A197A688CBE2B82264664577D7543346B","BUS_V3_MEJORADO_INTEGRACION.md"
"F24A7F809489862F2AFF7A8BE58B6D6A38CBC49C79C6D067FC703DC28B5124AA","busqueda_formulas_autovalidacion.py"
"DC403E47DAACA399CC0D722DD648C6647B06F29624DB6C759B81B676B2790FB4","calcular_diferencia_presion.py"
"9DD9D7B6D8303123763CE18730B645D2CFE6E51036A585AA63A005D917F2A3D0","calcular_sha256_manifiesto.py"
"8FBD3E0F4D550AB52A8B103E8A8BAD9E9704868B1F64A3BB0DDC236259ED7889","CAMBIOS_DUELO_VS_ACTUAL.md"
"DE504610FAD386117B3886127022FC7B0B9C36D11A7A9B37E4D7023F5A594D5A","CAPA_25_CEREBRO_AUTONOMO.md"
"CC1E62D1968A952367E108F62A798D97E42C0C8B434649D124CF0EE7A4850080","CAPA_25_NUMERO_DE_LA_SUERTE.md"
"4E5809F959F7D8B00F1EB58ACB5ECD9B1E02D0C8735706F71E4BBFB13AB0E6FB","CAPAS_QUE_NO_HACEMOS.md"
"9A59F93D97EE0B0E9A748A5232C0D56586F6598DC4DF5FAE2589DA6AE067049B","CATALOGO_FORMULAS_COMPLETO_V49.md"
"86DA5AF6A39403C62AB910F2FC65D479F48290B8A95B584A7331D618D1988B42","CATEGORIZACION_COMPLETA_84_DORMIDOS.md"
"92B200171F773AFBB82C30423A889D9D5702265B48B8DFB735CF85352478AF43","CEREBRO_ESTADISTICO_UNIVERSAL_V1_3.md"
"5454AD09A439E1C4222A526F2EC72364DCDD85533D8DB2B7A04AE7041D2CADEE","CERTIFICADO_VECTORIZACION_V45_0.md"
"F369CF9ACDAE1BD057455802489E98CFB176B01C8647D173E971E442079E559F","CHECKLIST_AUDITORIA_COMPLETADA.md"
"200F0D6ED3033F0AA4EC2247D7FC8F8DE92A9F95E645A7C1F1CE8ABE3BE6D710","CHECKLIST_FINAL_V25.md"
"1AE942589DEDB1E74B5B6C49FD155C76ACCE467C04A0FCF6B1F779613797FD2C","CHECKLIST_INTEGRACION.md"
"74C6D4A9539068C434E38B75AF2B90370320E67C287D9990518EDECBD1D8D37B","CHECKLIST_RESTAURACION_UBICACION.md"
"09EE6BE0FF85C3F0263097C403B2C43D4E100CF32379E8F78165309BF01D6653","CHECKLIST_VERIFICACION_FINAL.md"
"AB1E2C29C25D815A2219A2DFD1D69FE1558EADBB3E2EB315F59EC1CCA1C78112","CIERRE_AUDITORIA_V46_0_COMPLETADA.md"
"CADE0CABAA17D96E89A82719A8FA45FEC38275104CD3E8EB64623132F2CDB049","CIERRE_EMERGENCIA_V36.2_LISTA_NEGRA_SCIPY.md"
"94CC3064D9FE9545FA3D901FB528198EE50688217E648FE76E934479119F9592","CIERRE_IMPLEMENTACION_FINAL.md"
"7148764D624C40CC1001EDA7145503263D6C9A0B6A14FE54EE53258E88065BC6","CIERRE_INGENIERIA_V30_0.py"
"11CA883AD7306E8D7B9B0547FD5269FCCCE67FC2ADB0AB9300834CE30A387136","compare_formulas.py"
"8D874D95AC9567F56920CD470CF09B61ED46059FA944D1D1C576E4B5D219C3EB","CONCLUSIONES_FINALES_AUDITORIA_V49.md"
"BB482A36EF2C588530249900447CEE55F2D46A813929087FE61F5C9035DC96B6","config_manager.py"
"DA0CB8D26F9D1EE16A76863BE51AFFC09A1ED7BA8EB03ECD96E18D554D1C0810","configurar_api_keys.py"
"8E2B127DE9903869654BCBB29DA94691FD70C88584045A5CE334BAE0DE8C96BE","CONFIGURAR_CLAVES_API.md"
"C39745E53B87A115B91A93A1F8133298907E0955656906787F588BF8D3412520","CONFIRMACION_ENTREGA.md"
"433B985CB27057F04F4A3272A3A3CA9E5C9001B0431A91F44C2A9BF108136F7C","CONFIRMACION_INTEGRACION_CANDIDATAS.md"
"C1CB50FB8F5D840A61C4395B5FD8F1505D76C8085ADEC81149C17358D2F88670","conftest.py"
"6D26C93AE758516C1EC423C1EAE95DAFA4F7600A8E36ED9C7D99124731EABB75","CONSOLIDACION_COMPLETADA_RESUMEN.md"
"6C24B2D648FC64B2669588D5D54F20C2942B27D5C06D60BE18F28F7CAA5D75DD","CONTEXTO_DEFINITIVO_SISTEMA_PSICOTECNICO.md"
"4CC4B61EFE0DA6B5C9E66ADA4E3B556ECAF29D7399F644A1776533A3C93F892F","CORRECTOR_HIERARCHY.py"
"DA74AE2B23A8F1EDD6C7FCBC6BE0F6E03DDFEDC9CEC772D3F9F72996C40BBAB6","CUANTAS_VECES_PASA_CADA_CAPA.md"
"EC7B19BB1549987A30AC925167B1D301511BA508356B82A6A317E340256AD783","DEARDORFF_V46_5_CONCLUSIONES_FINALES.md"
"1E8F1169E25EED2D18E34B842AE801B2B9C74058699BB4A49AB4B6A9296E3A54","DEARDORFF_V46_5_IMPLEMENTACION_COMPLETADA.md"
"5EB5C3FCD4E5F4C0CDA077C98402B44990F662898B024619C7C07ADD09DD984D","DEARDORFF_V46_5_QUICK_REFERENCE.md"
"6DB52C80729D8034A7EA9781C01D21202FA92E232261256D9A3C7BF921B84B96","DECISIONES_FINALES_SISTEMA.md"
"26D67F871F1DBF183CC1397A86610DDEA7B41FD7AAE7F23BEF6FA7BDB6E09AF2","DECRETO_PUREZA_FISICA_2026.md"
"41DDF614532F79FEEE18DDA3805C0E8CC2112BE78803FB13F410EF2F0BCD5CAA","demo_auto_mejora.py"
"C4F0B091234C87E632D9AA6082ABBE933D5F744236B42BB619C7912BC271AED5","demo_big_data_inteligente.py"
"E0AD2DC7FD460468817DC90402117DD343A5020323A632E63F51977C985BA9B5","DEMO_PROTOCOLO_PATRULLA.py"
"864295F61A1A99FB9029006BA046D4FA55BE5784BD383E3B9010538B36E52B66","demo_validador_proactivo.py"
"21F676AAB414E480C675E755EEDB28CBDEB0CCB2ED48ADE9CA57B1AA9A14AC7C","DEPLOYMENT_FINAL_20260205.md"
"E309610279E66D043FDEB0AC67DFE11F98F9BC6E3F3FF35289C8A2D204CB969F","DIAGNOSTICO_POR_QUE_NO_SE_DETECTO.md"
"6848DBFF97501DD61BB290AA23FDE3220E2787F5F3B4E524CC7469A1E7D69EF2","diagnostico_rendimiento.py"
"D49BD074DC6034CD83F961296BF8CEDC75DD4B975978B9CEF2BA58B415F08E29","DIFERENCIAS_DETALLADAS_V45_VS_V46.md"
"D0F6E5EF8E40134F641EE73DA97B8FCC2D7D65195E174397A59BD81D355E2D31","DIFF_ESTADOS_20260202.md"
"63A01A5D66066C93BCF8416F2AA18451802AA28AFC85D6D0D2A7DB31FB610EA2","DOC_NORMA_ORO.md"
"161C2CDEECBCB8203A7968488F122B75E47F9F6AC81985A9697B4AF585F42B98","DOCUMENTACION_COMPLETA_IA.md"
"6EF875C66983ACF822AC083C3F54B063161E4AB3BA216659CB1660D84F350521","DOCUMENTACION_V47_2_EJECUTIVA.md"
"CB861BEBB60BA1437ABC8213B5FF9E88B9B38FB74AD85D44BF6F73554D4F0E34","DOCUMENTO_EJECUTIVO_PATRULLA.md"
"45DC414144E92E41E65A9E0B9B663170D078EB71C833FAC4C7874CACA6777843","DOCUMENTOS_GENERADOS_HOY_5FEB.md"
"0E959C24D3E7F5CD32B5602891A67C8D13914BF581532141AC26C8ACA48F62B3","DUDAS_CRITICAS_Y_SOLUCIONES.md"
"B788CC7C20CDBD9F942D27AAD3F841D485B67F90958B2F132D98AE4A7720D1FD","duel_scipy_actual.py"
"AB45A5A8C8D373F0DA55760212EE419574B754E9DC6C1EF2EF677EF74EC08025","duel_scipy_mejorado.py"
"73C06E6350605ED8C01F4E6446A537944C909DF633332EA40CFBE1ED97E8B994","duel_scipy_simple.py"
"12D5031E7959736634AB02E8DF03343650797B1710381707F4FEAA776777EE77","EJECUCION_COMPLETADA.md"
"02AF0B78EFD2780B6A81DB2389A1B2ECE8FDBBC6691D1291E3D03F8253A86FAD","ejemplo_bus_v3_mejorado.py"
"A2C34C06D952DD1A1E9B4474143CB15EAD536DFFC4DF274D0D0EAFF606A401C8","ejemplo_duelo_auditoria.py"
"34DF3D469608721EBD2BD42EE88F65F9C12A1AE850F73EB34DDF294C9F9307A6","ejemplo_integracion_completa.py"
"CDFE7B9749479DC8E3492EFF71A35C786E26A98554EF47320387F3A92E9434E0","eliminar_emojis.py"
"685C4840378C5D77FB442ABC39F634C21168E8AD62F9EF106E08929270A63E90","elite_motors_v25.py"
"2D81CE3396624380A5766BF356FD546FAF74D99209C8342D0E8C666971E5C494","ENGINEERING_STANDARDS.md"
"61B7A69CA9560DE78E4122904EC3DA592AD59052AEF3AA3BE6E38827427E32CE","ENTREGA_FINAL_ANALISIS.md"
"EF1649F5169070191381ACA328137B20B4CCC05230F111282CEE3B21CEB948D0","ERROR_ANALITICA_LILJEGREN.md"
"02A0CD2BB6FADB014532175139F643B00F59B588B92D4208DC8F92A50D09AAFD","ESPECIFICACION_FINAL_IMPLEMENTACION.md"
"FEA83704D1B022D7BCB21493697370F1B4756B2498FC8FF0A02929700C617292","ESTADO_PERSISTENCIA_ACTUAL.md"
"79D6904D8B0141AF482D2739F398C18DE0C477CB9DD39A51F81A22436F72C553","ESTADO_RECUPERACION_SINTETICO.md"
"2A03EF52964A0C089E3F6F5BBF97F965309BC7EE07A3BAACDDA4C0A3A2BD2EC3","ESTADO_Y_MEJORAS.md"
"A3DA4D0383E9989B6F9CAEFD081625F3DD17842F27137C4B8C0902CBA356B712","ESTRATEGIA_FINAL_ORDEN_EFICIENCIA_AUTOCORRECTION.md"
"349FA411C98E904306FB4D3356EF7D08B5CF394A42FBD7F0D067F889B5FA0363","EUTANASIA_2026_CHANGES.md"
"9DBFF0676E2365E64C270861E89F3791817D6C9D49E3C0264719D0BF6153A416","EUTANASIA_TECNICA_2026_COMPLETADA.md"
"8BD576CD1F112C823CFF73EFDC747F6A18F3C76CB384D234A3AED47D93B576E8","evolution_engine.py"
"F31AC0AF27B9D26D3D9770A8C3C6498F8921BED567D76386D9B0E47B9FBA6E0B","EXPANSION_V29_SUBFACTORES_COMPLETO.md"
"8C239CB5FBFA776BB9291E50993A96AE43AEAB252915C0A2288E06B40CA4CD2B","fix_json.py"
"49A22704F12EB0726BE4127CB71FC6F934776E77DE04F583BFD13BEE7FDBC4BE","fix_logging_all.py"
"DFB42FF2F86A18EB3F63E9D0E87CE412000A5062028757A65169F22E7302A37E","FIXES_4_PUNTOS_CRITICOS_02FEB.md"
"73A28BBDE6F74EBDD80872809C227E8DA3E5655A0C1855A343AE7A33C7E9E259","FIXES_PANEL_OJO_02FEB.md"
"6884968C07D3BA1FCA64FCCC7844C55019066E51AD2898B463C028B72940245C","FLUJO_PSICOTECNICO_INTELIGENTE.md"
"C83F59C1875C100BDD0BCF0D27C458DDDA4601FD0244FABFAFA90F585B0AAE22","FORMULA_BLOCKER_INYECTADO.py"
"86E2AED2ED33BECF0E4A74C42DFE9256BF42BF1DDAC083408DB10CBC5FB19FC1","formula_security_lockdown.py"
"6B04A13365C1CDB5663A9793132A62C3B6F94F45B9CD704FC5DCDEDB55D21DFC","FORMULAS_TOP5_BUS_V30.md"
"85C8F4EA6B064A15384D742D8C6C406B6D440C1F089C4A1BE7035065B32AC1C0","FUSION_FINAL_27ENE_EJECUTADA.md"
"9451E38BAB7B47B018211E5D196DF8B567D421E7AFA7AC0D68F8C39CC779F4B7","generador_sha256_final.py"
"0CD8967CFB301832B13147534F601E006E15D69797D4AB7094CA1DE25358368F","generar_seal_v47_5.py"
"296D0A874A95B3E00030D09381FC7EBA7F28E7EDC81EEA0F7983947BFA51F910","generar_sha256_v47.py"
"DC6155C2A92797026A813B2D4349EB5354CD9664F9108FF38025629DB2D55B64","GRAFICO_IMPACTO_VISUAL_PILARES.md"
"F67804B604EAE8430C89CF2BBD1B4EEA643803732876F10EDF05E39E0F269B51","GUARDIAN_25_CAPAS_AUDITORIA_V47.py"
"4F6A82B8D8B55EEA264E475A2780273DD46725F8971F0BCAE7E3F43922B1A02A","GUARDIAN_25_CAPAS_V47_5.py"
"5FCE8DF79D6DE207CA6E6D8529E68D2D13F04E6281970C9AA3043101EB2D23A5","GUARDIAN_30_CAPAS_GUIA.py"
"2B01ABA6E07B9572518F88921B20A7EED7ECF3C7EE9133EC9B0D5EF3AB36AE1E","GUARDIAN_30_CAPAS_README.md"
"3BC75C7E771A6B1303E4CBC71FA6E19D2EA70A0D6EAD7466AE10E893458800F5","GUARDIAN_30_CAPAS_RESUMEN_CAMBIOS.md"
"66C132696A0079B1F51FF5285A0BAD36404F41C4FDF21B7659062907D4A9C581","GUARDIAN_33_CAPAS_V47_3.py"
"FBB37796AFFBBD7A5CA33FEFEF5DB612AE5E5CF6A9B9281B5FC486479C35CB73","GUARDIAN_AUDITOR_BRUTAL.py"
"41F2917CA62155D9D25B9D7736CEACFD43DCDAC8A8D5184BC80E2C95E6D17446","guardrail_integridad.py"
"F9CB65277C246880927A279B2A4B0E97A20FEA6DE2D9549065AC25E4958FDA9F","GUIA_ARCHIVOS.md"
"2FABA57716AC2F7B61B2E03B3044077BFA7657E1830293D2F1DDB6744807F507","GUIA_ARGENTONA_CONFIGURACION.md"
"BB39D2A56208EA23401FC8311FC8BE52BB611A3EE5FFD4FAD96A00668FD55795","GUIA_DECORADOR_BUSAUTOCAPTURE.md"
"3EF6907CC213748999B663A7BC1BB2A19FE22172CCB9170A7BFD380A0B59E4D8","GUIA_INTEGRACION_24_CAPAS.md"
"DF71F06DF39763189F847B6DB0193842A64205A0DA7EE861A045A0DDFFD2E638","GUIA_INTEGRACION_GFS_NOAA.md"
"8E0E12ABA496FFB4F0115BB6F7DB8E5C8891899A37EBE39BDBAF57CA59A69FAD","GUIA_INTEGRACION_RAPIDA.md"
"9E6578636A42C80E7877B4A5181C6601357FF120CEB6F7225D3F12C9BD143C3B","GUIA_INTEGRACION_SOLUCIONES_V49.md"
"ACAAC71C15459A17145B3F9682881E7AC521812117E6E46D60C6EF4DD8E24ECD","GUIA_INTEGRACION_V46_7.md"
"CAC8A93E2087A7F460242429D75802E1AF502146AD1A95780F9383AB33C2B390","GUIA_PRACTICA_IMPLEMENTACION_V49.md"
"400C6EDC12D641FE1A7154474477AB53A47959B12920DC1E28D4BB13A8D40F7E","GUIA_RAPIDA_MOTOR_OPERACIONAL.md"
"132E13F1AF3D2BAD2B9BCBAA61573705290ECB91A4240A3CE0F72D9993B183EC","GUIA_VALIDADOR_PROACTIVO.md"
"8217235C125F6F73383360E1D0158BDD2CC3404F458C356AEE85595632C3CC4A","HALLAZGOS_PROFUNDOS_SEGURIDAD_04FEB.md"
"74DF826F3CBE9313293146218CFD0B82517851B6B18E2037D816AFFC6638AD4D","HOJA_RUTA_IA_METEOSER.md"
"3A8D67156E3634D0C3D8BA3CC46C6AA7C1D6E4990CFF72149414C25D88D3F791","ideas.py"
"422D93347D14E372BA56561B6EB86283338F04095CB62818BB351A374A7405AC","IMPLEMENTACION_100_COMPLETA.md"
"5E178142D2209C26308B6EFF1B62CBAC7D918206DD275C98B5C76C1A7ECAF642","IMPLEMENTACION_ACCIONES_CRITICAS_2FEB2026.md"
"3C1D6BC68C2AD9614462EC1AC20A80CA081BDDD0995D09E860BCC3216F12CF9D","IMPLEMENTACION_COMPLETA_FASE_1_2_3.md"
"5285D0F37BC6D6147B3A6AE8D405838D1581DA917EBD6CF138738A74C3F6EB61","IMPLEMENTACION_COMPLETA_SISTEMA_FORMULAS.md"
"E04AA55C7A48D1D48351A3F80DA7ABE7EE2E54110BF736E5527470D65994547D","IMPLEMENTACION_FINAL_COMPLETADA.md"
"B60A60CA74571185FE995A93E25B8D7421C5E6977F548C163AE755F93463D8E3","IMPLEMENTACION_PERSISTENCIA_COMPLETADA.md"
"DC6E7DE7FD82CFE7757FFA82835E891508989C523FC19493C85AF6B4CF779F97","IMPLEMENTACION_V10_COMPLETA_OLD.md"
"F783F1E8E3FB739059413A482AE9EA2D9E8123E303B1BDBCB1D291C2A2C404C1","IMPLEMENTACION_V13_COMPLETA.md"
"7E8A24F0E7D879EAD0AEA0C8AE2FA1DCF74C3B97840500B0A9BCD0F76A6A5C6C","IMPLEMENTACION_V14_SUPER_DEFINITIVO.md"
"E9F1FB4E27E12EEFA2A867A562678E7172C9D0C9FBF818CBBA28BF93EB70310E","IMPLEMENTACION_V19_HIBRIDA_EXITOSA.md"
"FF790567C72E9257021FC3F814BEE8932EA5B81DA8E30D9ACA8402A914679C5A","IMPLEMENTACION_V46_0_ELITE_MUNDIAL.md"
"775CDF7C6CB0AD7FC623D5912EE8FB6D704472E6D649F39DD146C2A43118DF3A","IMPLEMENTACION_V46_8_TECNICA.md"
"9325CB4090A1A4C91928A05695FD25B08D3B47CE2C53A2D37218067EA514AD17","IMPLEMENTACION_V47_RESUMEN.md"
"804A08A0E1EF49A063180BE3F0CCB1459ECE08BC163443C6B5C6FBF1BE87DF36","INDICE_COMPLETO_AUDITORIA_FORMULAS_V49.md"
"4B9C040D3F67180DEDFB2F382EF4C943891A01D30AB39DD579F72266BACDBF51","INDICE_DOCUMENTACION_COMPLETA.md"
"9CA089DD4C6205EC55AA9B7D158B213599380887180F8A9222FD3677E2600E97","INDICE_DOCUMENTACION_UBICACION.md"
"F3DD276BCCDA79A7481D92F5F15826BB3E35202FE9E7190F72368C6EAD12FB3B","INDICE_DOCUMENTOS_2FEB2026.md"
"3465359236DDF533B583EF417A4AD1F1E5A514A83CC61D1EA2FAED1F6530D4C7","INDICE_DOCUMENTOS_AUDITORIA.md"
"01C3E5ECA5D83FC1C77183E1A301089769FBD8933021F2C078F30D42FA67902A","INDICE_MAESTRO_DOCUMENTACION.md"
"B11A6DA05F8503C8D43FDAD178AEFEE1D32553BD2363C6E8C935EBF27A22BB2A","INDICE_MAESTRO_PROTOCOLO.md"
"F5249D91A887D07615FDACCE2D2112711375FBE1F1E0107FE72C478A8F586D4E","INDICE_MAESTRO_PSICOTECNICO.md"
"BDD563C0B805D8778E08D1E369D1B4A3FE927BAEE9BEFECE8A73E1482133B7A9","INDICE_MAESTRO_SESION.md"
"5C00932E48E5736B02F8358730A63B32AA97DCA1E798FCE0F450E999819266C1","INDICE_MAESTRO_VALIDADOR_PROACTIVO.md"
"DF161CD54E0671EF55099B825DA54E4E2744993BEAEF39244BDD76F9B1051E39","INDICE_MASTER_SESION.md"
"7272437578881D1150A159377FE6941CE31F56A693F8762505A02AA8DFA04859","INDICE_MEMORIA_ETERNA.md"
"B914FD9A4CC28C7146834F6AF46635A753D40B856CA89A99D31AAB3B07DF5A1D","INFORME_COMPLETO_CONSTANTES_02FEB.md"
"AF7E3E4DB71179667C86D218B5934AABFB9571282749A8ADB18AB3049AAEDAFC","INFORME_EJECUCION_FASE2_TOTAL.md"
"33B0DA33DAFE18B5F264E8DF0633AB5CB5A9ECCD6E55EF387871740C9BB989ED","INFORME_FANTASMAS_03FEB2026.md"
"DA393C4D5352AB67E4C2B0A2FFFF1E662687855714C875F393B1F17094B99F92","INFORME_FINAL_AUDITORIA_FASE1.md"
"7B57F4CB63257FE001A9F4E76287D5FE89058F3650C149199FCAC9AC43A3525B","INFORME_FINAL_PARA_USUARIO.md"
"DA26E885CD08529539B07F7F123F1EC836E093741A4E94A72F2E7FC313B65574","INFORME_OPERATIVO_V49_MACETA70L.md"
"847E4FCEBBEF400D184E45ED81A308D6B8BB332CAA8B4139E8B35026728ADBA5","inicializar_v472.py"
"47EEA020C4CC42B8A25D41C5F003E73D4391C779058EA6EB4D84B2BF1B1AE482","instalar_vector_memory.py"
"9D875DF5CC60E4E60ADDF7FC20922BB36531262B9934F229A2E8F0FE5CBE1057","INSTRUCCIONES_INTEGRACION_IA.py"
"3A950AEFE40429C275DB985ADFFAE90330937BE75D2F21D17FD62F3C9244C053","INSTRUCCIONES_INTEGRACION_V25.md"
"9EA34CF574004208FB87EAC840FC800B0FC38E3B022BE703AA8F66220551FEF7","INTEGRACION_100_REAL.md"
"49316FDA16DEFE483B385BC27A5A76712A8467983F3473F1946044914A030EE3","INTEGRACION_CANDIDATAS_EXTERNAS_COMPLETADA.md"
"A66738663D63515DE84F4C93EDB23883FF1C50EE09FEED703EA5E1C3097F332F","INTEGRACION_COMPLETA_FORMULA_EXTERNA_DUELO.md"
"B9A7E65083099766594AF96213128BA52B9A1C3EC0E6570FFE91EE476912C7F4","integracion_elite_motors_v25.py"
"54A8AA54E22F0C7B47A207E543D85D6242CF8D43825F243C1F0903B40FEFDBE0","INTEGRACION_FINAL_LIMPIA.md"
"FFCBA619E069C3E98E44003BDBD6182B54994E258A0E341B46FD249E4ED058DB","INTEGRACION_STARTUP_VALIDADOR.py"
"8544464905D6CD1D3A9B27D4E36F56EABF4BD061CDA998B8449EDE0C44E54793","integrador_datos_recuperados.py"
"1E3264CFD7516159E96683B21A16B18626D624B2D21CF31A928ED126F3DCC944","integration_manager.py"
"AE9EA71833D786235B4E12FC9106D246804AC131D922F3CBF765FEB8FF225A44","INVENTARIO_DISENO_IMPLEMENTACION.md"
"BA05AA91AAD7494482AA310CD36A182D7EF89DFD860D3E93FE19F7BD3FE8B211","INVENTARIO_FINAL_ARCHIVOS_GENERADOS.md"
"1E3FB699EA1417D8B5180D3C10F9D04DDCDFF843AC021FC5E0884649277F3B2B","INVENTARIO_FINAL_DECISIONES.py"
"A7E9E166F448EE208AA9988A40061E29D848CCC9FAD2BA3F2ABF06E4032C8649","inventario_formula_actual.py"
"D9774676837F5A203151A7A90A8E4C576B4F6A1C530E0BF54C23481A3974EA2B","INVENTARIO_FORMULAS_EJECUTABLE.py"
"E370EA76640920168491802C1FD9AB2F0AE966ACE2F891B45E601E54E2332F46","INVESTIGACION_COMPLETADA_RESUMEN_FINAL.md"
"19DFE333119947DBFD1BD39933111343C0328DE0E919013522BDCB24AEE87B9B","inyectar_integrador.py"
"45CACE5E27F91BB95121426C15AF688E58B059702576E3BF011B6E3ECE62A565","launcher.py"
"A3D2AF552EEF7441AB00809C62BF1EF1D91FB4856C84E875304DB2B2BFAAE0A3","learning_engine.py"
"C1F1BEBEA6107301D033BF31181787140818E6685D6A4BF31CF6441E63260D03","learning_simulation.py"
"4A8E9B1563046A10471874A0C4E7ADCD4EF912C60A61577B1BB8CE0BCBC1A0BA","LEE_ESTO_PRIMERO.md"
"56D0E1210D6989C81E2D53028ED047C71BDF8781F18E988A48F6188E9C512853","LEEME_AHORA.md"
"C8E796BA8C3451BAB40EFDFCB72F20B5E9391C7C7413570BBA828774AB3FC456","LIBRO_BLANCO_V28_ELITE_FINAL.md"
"BF31448EA115A88CF3B0D41C44096EF30157C92DC3B63E2AFC536F93282D889A","LIBRO_BLANCO_V28_FINAL.md"
"2A85C9DAB99C3BDE5CD1C323136ED072989E0DF5052EB997AD81AF7C44504894","LIBRO_BLANCO_V30_0_OMNISCIENTE.md"
"38044ED6C7B3E68F2696518163D417A7CFD9BC1DBE4E9767B631D92EA7A7782D","LIMITES_FISICOS_SELLADOS.md"
"44A963A5BD3C770090EC4AF388A923206FF7D5853281667194C3400F9846CB9C","LIMPIEZA_COMPLETADA.md"
"EDE091FEF362D87F3B811766437547A3379B467CA88BA2EC9F95A30A0CCF6BB6","LIMPIEZA_SIN_CHAPUZAS_FINAL.md"
"16FB98EC0089F4EF53FE0204637B25E010DB6DADDF84EB177DFE85B5CDB9CB71","LISTA_FORMULAS_SIMPLE.py"
"04609E49D3AC641DD6A4EF335176077B5DFD916DA1A56A67CCB5354E714EB2C6","LOOP_APRENDIZAJE_COMPLETADO.md"
"30E6F6713DDA85A84EAD1506109046C3691C2DB76EB74533A615508C6E44C1CE","main_asgi.py"
"20DC99B96F08A951C13835FF0A7253A3092816F363C81E21FE662E63A4B7C9F3","main.py"
"EB264C84F34E2D73665C7668F2511686B46B78E0B237464B3400A7707A8B64D5","MANIFEST_FINAL_SESION.md"
"F9772D658F76354E91EB1250E9927E1341F437FB57C82C305B6170374D98C9E2","MANIFEST_V43_1_INTEGRIDAD_TOTAL.md"
"457E86B54893707D7FBF32939445DDD4F81F5D87CC7D766D70DFFD8A2D7081C2","MANIFEST_V43_ASTRONOMIA_TOTAL.md"
"DBD13CC695906DF530CB81711A43A78C8949CD7E767BEFDA92C991B424FD089C","MANIFIESTO_ASTRONOMICO_ARGENTONA.md"
"336C1E2E0341E56F14BD3BEC8F50708E8E231607E3BC687635CF81E60E598179","MANIFIESTO_UNIFICACION_ATOMICA_V23.md"
"A3468F6DFFEC0F2CC624C5ADEBDA81A4C219C0BBED3F55B9FACF82C1DA3F0427","MANIFIESTO_V46_0_CERTIFICACION.md"
"B9E1359BC9E046A46512519C71E4AD55E14D907EB79CBFF3FB08E88A30E86EC9","MAPA_UTCI_WBGT_COMPLETO.md"
"719BE34C3D984DFF87D970C643229DB78193D7CD116731A9520450A2D3100A2F","MAPA_VISUAL_INTEGRACION_V46.md"
"61A37070BC631B3A896A573D84041CD0E2B3B65758ED5DB58D9909CE8CA941B7","MAPEO_DEPENDENCIAS_MOTORES.md"
"A3FB42394345EE144067E1E6DAA09863F9B5B5D9C361EAA4777A11B70F3F003D","MAPEO_EXISTE_VS_DORMIDO.md"
"E683A9B33C8D042D9709DFB0E1B62E73E18F155D13A6D82DB83059F3E730466B","MEJORA_SISTEMA_AUTOVALIDACION_V37.0.md"
"49707ACE3A0369AF01D687F9E0D9D2EFD309831606FB397A54C8729B55B92635","meteoser_ia_integration.py"
"6F5C017B5F529E83AC7EB4B216A2FEC4ADE46B049C30D7E04E08B80FBBC90204","METEOSER_MANIFIESTO.md"
"B78C26428AD4AD266EB6007D590E87A1FE666EF85DF5F89D5A12A423B40B4FB3","METEOSER_V45_0_VECTORIZACION_COMPLETADA.md"
"8B38A2C2309E43437D495BD88C9EDA98219CB7421617F2A2E16139349C1C21FA","meteoser.py"
"561DF81CCF524AE6161A7AC7D305A364CF80D931BF64498267B45A695890503E","monitor_main_asgi.py"
"004B5C9E2353B25273BDDAA772BB98D3427498A094CF8EDA419BDDC22D97E1AC","MONITOR_PATRULLA_24H.py"
"0CB42B9301D19CF138B9C8DBD8091D4860D41413C89AB461588552E1D027132A","OMNIPOTENCIA_MODULARIZACION_COMPLETADO.md"
"5E7172C2BB90F5669AD9BA09B998AA72B54815EA4B74A6CE46D39D0F27731407","OPERACION_SELLADO_COMPLETADA_V36.2.md"
"8499679F95D5B30B1AB65289B8E20E8192DE351859EE40D27553AED5588F06AF","PERDIDAS_Y_RECUPERACION_v26.md"
"B016FB3AC13A37B66BF75E695D9BAF467864F5C14312A0519C43BB5BFA4DF721","PERSISTENCIA_Y_SALUD_INTERIOR_v1.4.md"
"5B9AD5E44030F2A725F7CDC4F50FA5FB29A6E484B7D51A941C93DDB7ABEF0772","PLAN_CORRECCION_AUDITORIA_FASE2.md"
"016B5CBCE93BF74647F7C84F70C8F61DD7C584094FAC5B9F28093E807A14A4CB","PLAN_IMPLEMENTACION_CAMBIOS_CODIGO_EXACTO.md"
"5DBC69A44DE3BF038C938C630BA8992558FFF68352DE0554B3A569EFF919AA36","PLAN_IMPLEMENTACION_COMPLETO_RIGOR_MAXIMO.md"
"D960D98C2ACCB47E9B346456D13ADEA881C7A7D4FD40DAF7B2C2466B7F3CBBE9","PLAN_MAXIMA_SEGURIDAD_COMPLETO.backup.md"
"1132CC9A21BFA4E75F3DCC7DD6BE429FB96AFD1F50BDDC339229265260194496","PLAN_MAXIMA_SEGURIDAD_COMPLETO.md"
"AE8FFDE79E78C6F12B85250257EF24D752DC218BC68EF1EA38E4104AC63B29AA","PLAN_RENDIMIENTO_ESTADO.md"
"28A648797F66583DEEEEF43607F66B3E15A848ADCBADDB8F7070438805D0E7BF","POSTCARD_SESION_EXITOSA.md"
"7ED619DD61AE0092CBF78C3637FA0A9A7C68D9ABDF2315700F32EAB01EC66CA9","pre_commit_checklist.py"
"55FF8E4B763C3A6093112CDE9DF95FBFF65D35B09DE53E8481FB3FC5FBC4CA6A","PREDICCION_SI_AMBAS_CORREGIDAS.md"
"B7CDFF78D947272C99DBCA3697048CF47391C10826C710581775FD223EC9CC12","PRINCIPIOS_INNEGOCIABLES.md"
"BC55F3B78A26412DCB52C7EB07C4345F5A9728E9A77DB49FBCFA900F82C26E37","probar_envio_ecowitt.py"
"9F54D6450BA6CD6700668DB2E7ABCBDBA3677794AFF957CE4186F7972ACCD8BC","protocolo_certificacion_arranque_v26.py"
"CC33BC2AAEB23F7BB2F3F624290A037A5962C26847ED8A4202AEAC0C12C1EDAF","PROTOCOLO_PATRULLA_CONTINUA_V24.md"
"66097FED9FF36E552A21C098F3B44D0B33E3F0AC79311DEC6B5D0782F00C9244","PROTOCOLO_UV_RADIATIVO_EJECUTADO.md"
"7BB47B022A12DE146C30FB89E0123B76432F000B6F94D4FEBA28BD047588C454","PROXIMOS_PASOS_GUIA_ACCION.md"
"F420086BDA8D3B13C1C6B0C7A2416B0A7D6EE8E267EC58F7CB67078012576B01","PSEUDOCODIGO_RESTAURACION_UBICACION.md"
"BCE2632C3258E0CF120F518EA0E01DA036CCEBC51C595BCC0B3914A3F21E63E7","PURGA_ESPECTRAL_2026_COMPLETADA.md"
"453DD54BA140D03E890054F4ACDCCDEEC192373F329A1E050D466595BE20ACBE","QUANTUM_DIAMOND_REFINED_V1_CERTIFICACION.md"
"8750D22CE8C99741DAB36342E5D5B1CD7BEA9705C87DAAB2D279C1E55B2B846C","QUANTUM_DIAMOND_UNIVERSAL_V1.1_FINAL_CERTIFICACION.md"
"BF0925A1A6041B3DEF1B3C8DD7463A93AA0BC71EA5A26AD8A932BC80D1426DA8","QUICK_REFERENCE_24_CAPAS.md"
"64E2D7B2FAEA3F18ECC4AE2B7C9869EEC7A3801D21F803A02EAA41E5E655FC6D","QUICKSTART_20260205.md"
"2119A87E8095EF5AE4799E07DC74011BCB34AD4C07885FFE82952454DDADAB33","README_DEARDORFF_V46_5.md"
"2CF8F48F0854CB92A2203B991E43AF1264E999E856E0B39650FCB87EF4B20084","README_VALIDADOR_PROACTIVO.md"
"DBE1E6EEFB56F13AF5851C80689EA4540F45B09D506AC61761A12E32E849C6DE","README.md"
"405E5E5C841CEF45F09106759863375D077703FF29C30D7AEBE983FCF92C8E83","REALIDAD_COMPLETA_1000_CONSTANTES_02FEB.md"
"0AC526A712829884FC552928E13606C5A8210B4C29EC56C433BAF2BDB66C7BE6","RECOMENDACION_PRIORIDADES_IMPLEMENTACION.md"
"AC5F7F2631D50FA15CC67DF64BF93DC58AFFCF1DC622FB857C8211E1D87C7651","recuperador_datos_ecowitt.py"
"301FA1C10A74E4C3DAD1807281FCEC48DCBCBC273364086CAB1D4DBB02DC92A5","recuperador_datos_local_fase2.py"
"CDEA35E97C6385A5DE3541F431E3E95D12586D5F5D2A4AF17DC7A18B1380ED8C","REFERENCIA_RAPIDA_VALIDADOR_PROACTIVO.md"
"96CC30C7DB91606A5262B93C4CE419EE8BFC5FBFCB86AAE2F852288C564BBEBE","REFERENCIAS_UBICACIONES_EXACTAS.md"
"E5E19D7811D2B6A787DE7E1230B7456D6143657C34FD486FAC8B86044D7BA13C","RELLENO_ENDPOINTS_REALES.py"
"833049BD303624178AD2A4EF85427856F280D785C45F459E253207EDFE3FCF1E","REPORTE_FINAL_1044_CONSTANTES_02FEB.md"
"FE60D3BFB822D2048EF951704A5F10CDF0FAC28DAB5789D33F5968A9F039F25A","REPORTE_FINAL_CONSOLIDADO_04FEB.md"
"CB32129DCC6FA2FD156B8AE572AA4B59A27424C110CC0FC550B887B2ABC19AD3","REPORTE_PRECISION_V24_FINAL.py"
"042346A0AFC2288D08456C1ED66857BEA6C11F4191D0DA735FA9BB2E7FA971E7","REPORTE_TRIADA_V40.md"
"F1DC28A3E0CA77519269472E6ADB564F5967744AE5F71EAE6240BCC68FCA9C09","reporte_validacion_duelos.py"
"34E26433500C20DE842C95AACC08B6FC252E42F5626F2A07CA0834DA9AC41943","RESPUESTA_CONFIANZA_AUTO_VALIDACION.md"
"3486F65672E474D625B064F4B72BE98E6D1FAB059443079AC7DB2B5DCCD716F2","RESPUESTA_FINAL_SISTEMA_FORMULAS.md"
"CB7CAC9FAF260F770DFC2EB8F66FD29038E0AFDC1434EE3E7A1EB95DC5FEF97A","RESULTADO_FINAL_AUDITORIA_HONESTA.md"
"E9C1156F690008BB7F148FC6C1F5BC19BA5E34B1B4C98170CA400F4E7422B36C","RESUMEN_ACORAZADO_HIERRO.md"
"98F134F84F17A46D47F96F89E04E124CC17589FD8D651424586393D9C0645E65","RESUMEN_CIERRE_V36.2_ACCIONES_EJECUTADAS.py"
"552B0D6078BF2F4651E5D59FA57AE683CDEEF411CCC24F37C272BDC48D140792","RESUMEN_CORRECCIONES_DUELOS.py"
"929E0781366CE9620FF82910E1FCC51980D86BBDB6B4EA66A016FAB10C49EA06","RESUMEN_DEBATE_E_IMPLEMENTACION.md"
"10FD80DC080A4379478E0DA0A1A0592391232B0539EE1BCCE16646EAA17F7437","RESUMEN_EJECUTIVO_ACCIONES_CRITICAS.md"
"57D01CDCA696D78C2EC356980D8BC804F4ACEA70E452BA7805DD38DFC3A121E1","RESUMEN_EJECUTIVO_AUDITORIA_V49.md"
"8211936F8FA77866B32FC6EE6FDBC5BD19036B6E8287CDA7770524F176A46768","RESUMEN_EJECUTIVO_DECISION_RAPIDA.md"
"0B815FBF47F45437B20A865A807AD9C9BBCD9EC645D422D8FC457BE4BA63E6F7","RESUMEN_EJECUTIVO_FINAL_CIERRE.md"
"CF4CEC45C46097B52E4B646A3C3E01F0AE938E15BD3C3E5D7B4F150D1F4D4BDC","RESUMEN_EJECUTIVO_FINAL.md"
"80BF2E7A67550D73F46B91BA8DE5A8A858F4A59F89B90991A405EBFD89B80EC6","RESUMEN_EJECUTIVO_SCIPY_VALIDATION.py"
"1DC0C999E0DAFE6AA4139ED536927E5CA650FC6809F6D8F2A503027A2A31ECA9","RESUMEN_EJECUTIVO_SESION.md"
"B543102752AA92D707114671E014DD4C8A5B635F51E1E3CFE77A8DBEB11E11FF","RESUMEN_EJECUTIVO_SOLUCIONES_V49.md"
"B092DF05E2FFE932C6E6C361EB22DC3630FB065588F66C76C62238964769F202","RESUMEN_EJECUTIVO_VALIDADOR_PROACTIVO.md"
"ADF3B77CA0202C65B672B3B979FE26CBDB5C575C0D05B666A3B105E56ACA282C","RESUMEN_ENUMERADO_HALLAZGOS.md"
"7BCE7B6FC6A7354388ADF444AE08D371F41E6904F9BEAC81554B8181831FF9FC","RESUMEN_FINAL_24_CAPAS.md"
"1898E452FD9E3131E31FD2E9C9439A718A0E3307218AA7B9B504C22293BAE659","RESUMEN_FINAL_GARANTIAS.md"
"5E6DC441D786535828E9762F13C92D4C6BEB214F1D0FEE2082FDCB08474A8159","RESUMEN_FINAL_OPERACION_COMPLETA.md"
"DAC725D7119C627A0BA629AFCAD9097793E56E9C38FA77184D9D8AC98789D509","RESUMEN_FINAL_SISTEMA_PROACTIVO.md"
"6852DE910B405FA988C5FEC3F773B0DEF44F4B83CD21B5BF3B3B158AE46C7BA3","RESUMEN_FINAL_V46_VALIDADO.md"
"ADCA906BCF9C78029592BAB3B796BA36AF9758C3FD3F7E6E95D5A29653E07BEB","RESUMEN_IMPLEMENTACION_IA.md"
"D267FF393851D0BEF2C93C6E46CC8C0FD5BD33CA14D4AD4486A11384335A836E","RESUMEN_LIMPIEZA_SIN_CHAPUZAS.py"
"1D7FBC12157246934023884AEABE93105B2221C8596AE152F3F263DEDB126D64","RESUMEN_MOTOR_DUELOS_OPERACIONAL.md"
"2C4F2CDE77BF810F76740A4CBD277E4113E243C5DE63F07C8E0E444B25117316","RESUMEN_SESION_2026_02_03.md"
"5C1B4BA9FCEE26B9A157A168EDCD90B31F0394ED6A93932C394045EB16811344","RESUMEN_UBICACION_ASTRONOMIA_PERDIDAS.md"
"EA0B136092A2A0D83A62935447A84CFD06F454FAAF79A181FF31EB0C2201A0BA","RESUMEN_V30_1_OMNISCIENCIA_COMPLETO.md"
"F62DD147A859A3D45773796F235E9631EFAF90F4CB2AC6D0DBD8D979AEC0AA3C","RESUMEN_VISUAL_AUDITORIA.md"
"2975ABFB25C1FD533DB5A1326281E8D0ED9F5EC4051D77E692969D8F76423F24","RESUMEN_VISUAL_CIERRE.md"
"BBF00176E7031A310DCF2D1B5231472E86D1BDA411C27CE54306D19971FFDF5A","RESUMEN_VISUAL_PROTOCOLO.md"
"0065949DF69015D8697BB8607F8FA0EE5E8B2CA421F3382942C838A99A59CD99","RESUMEN_VISUAL_SISTEMA_PSICOTECNICO.md"
"E886D7C32ABD8CE140D669A7034ABCCC162262299919A441340BF3EA5CF04BCA","run_continuous_optimization.py"
"B62E800F8899B69423B0A45A1F975C7B45C50D2F10CCDAE84E1B78B70B9490FE","run_duel_test.py"
"272C045737F7904EAC10A8DB5A3B008EB8BB8888AA20407608FDDFCA5DC880AE","scanner_formulas.py"
"B1A7A9E3ECB21270D2F1B102C45E44BB5C0E584E8431010E124E6E103EF3C7DC","self_mod_engine.py"
"AB01064ACF0F960985C0F160C42D062F030A5E609E36846FB5187E2B0DE148F8","SELLO_GEOGRAFIA_FINAL_V46_7.md"
"FFF04BE83B6A64CF78D4DC08A2C66E97042FACF9BDE6B2B570A6DDDA9FD77AE6","SELLO_PATRULLA_OPERACIONAL.py"
"CC60AE09C63B12BCF50D1EFD2993F747A84C9ADA3E208E6070585FFCF600FBE6","SELLO_PERMANENTE_31ENE.md"
"27E934CED97D31AA28C9A313C1369B62A16C7CF8A4F278FD358578A109983893","simulation_engine.py"
"EAB7B40B82D5A5D960530D9C66C0613A17AD249B6DE97159DC266263DCF35E91","SISTEMA_AUTO_DISCOVERY_V18_EXITO.md"
"B4A9723B1779DFCF2C0DCAEB135F6C72FE9538F7E078BEAC8B669E70ABA29885","SISTEMA_DESCUBRIMIENTO_DUELO_FORMULAS.md"
"9EB3FF9B9E1AA25D7EA57655F60F26A6B41ABDCE9D1F2A14871C8B4D378DDBFE","SISTEMA_GUARDRAILS.md"
"75CA0E030CF3A1CDA8ED86BBBF50F298DE31434F982B1A94C68A4D0650CAADE7","SISTEMA_PSICOTECNICO_MAESTRO_V36.py"
"F5C7686283317D3796F5191C8DA1CDFCE38F5816B5951CEDD2C2BB07A069C2E7","SISTEMA_PSICOTECNICO_README.md"
"FE6F1D655E14F9D00AC75A0B0EC5BE45C4A21D0042A66C970659868B1CE360AC","START_HERE.md"
"F191F05E97175E498646BEC8B2918C95D2AD5814A12788DCAE5E34F44D30D0F6","STATUS_FINAL_COMPLETACION.md"
"66053B9E377197F7217E413A10DE8B83C55840E0427943AB22BAA4F0A9A593B3","TABLA_MASTER_RESUMEN_AUDITORIA_V49.md"
"87D035C2B1B0D2CDDF03D4DB0B89ED025D1F233B3E36F1EE929A66E4FFB693F2","TABLA_REFERENCIA_RAPIDA.md"
"7A008F04033D032F766000C51ABB400A1D68B33DFFD8F5CF0A004636A4F38978","TAREAS_PENDIENTES_INVENTARIO.md"
"717D93EA4EE59F8556F4C517C5B4F0B8D12502EAC885FAA6ADF28E034028A430","TAREAS_RESTAURACION_INMEDIATA.md"
"F6E3DA756545CA01825BDE25D3366F6773FEE8F9114634AB4BB0E894670329D2","test_all_recorders.py"
"5C58BD8BF9628A50329DF68BDDE019FDA0909D10A813E2C3CB5A2F0121B0AB18","test_auto_discovery.py"
"5FEE9F83AE1934C7E8686BC8F18E7288516C2E27D8CCBD8E9B3670DEE3344746","test_benchmark_v45.py"
"7DACAC7F231F3BB2F868FEF77D7418D3AEC93190B7EACAA725C844C3667B7135","test_biblia_v25_completa.py"
"1DF527A15156126A9BAF6C174967A4990B0258D3FE893D0776E5B535837018E4","test_block_d.py"
"E951D58DD35C1568F08B820467E039ED85E32E68633F85DB35CE9DA41F166D7C","test_boot.py"
"6EA2A63EBEB8F417E5D2BB5446A18BB9837F7537370545C4FD61003A6C2A8B71","test_bus_capas_informacion.py"
"F81DD2EC3366FF27C99138E2FE25ABEA24C2F5A299FC2C333B9A5BC277CD010A","test_certificacion_v26.py"
"3FF5842FB4C94DD2935EC70A6138793536334C9C2F1BB5F8649C3B7D09E3B139","test_duelo_equitativo.py"
"4F98F245F66A9DE3228A5E3B1EFA01FE83115448A85F7A0BB64F59B70EB6F93F","test_duelo_integrado.py"
"6E7CBCBFD21B0B4F300D37888E2B8EDF2FAEE2CE887B25D836AD2733EA1A5C8C","test_duelos_5_dry.py"
"1BBBD36264E34E064511A587926BE93564CE8DF02D70F3271E042BFC91BBB23C","test_duelos_corregido.py"
"0CE41C9D9D914F3FC49F683830427BB9616B60A494F1BA9501138F12B14EB41A","test_duelos_real_ejecucion.py"
"FE0245CB861F388BC9F6FAE615139B7F0B1153E01B33E79FC85F27BECC371BB8","test_duelos_simulacion_completa.py"
"4382A747215A1FCDAD4AA623C97DBA167702210EAD2EF8F66AF9AD3207CF7732","test_final_guardian_externas.py"
"8C1A380AF3F107153875D3B72D8BD76015277ACC76E6B59A9D2DC94ED124977C","test_formula_discovery_system.py"
"D828234BCABD35EA9B8E063C3B15DB063B16E56AE4904AA9B9969614DDD5B875","test_formula_optimizer.py"
"8569F3D1478197B7F8575A6FE8BFECD2270C6F050673D2AA960F363A4BE8DB71","test_funciones_externas.py"
"5BC5A4A3900BC19B020A65BE69A0DE1A876DD2A9FB58A9EDB35E0C44381DB223","test_ignicion_fisica_2026.py"
"49C18D5C4876D1FF4F81A3531AEA94598D02BA8CC4AF76E3AC795AC3FA87BA74","test_learning_loop.py"
"11CD395C961AD67A73849C9CDC8A250BAEE84165429F87B7F16678A57CDA81BA","test_logica_desempate.py"
"17C6D18A2F9B44E1328E70E77BFBD0AE02D255049B2C4E449DE7C7D40E38AEE6","test_mejoras_tier_1_3.py"
"A3933FF05B70B568E55DA72B409DBA877F2A291A0D8FA3D34EC8BC30D1E8FD62","test_motor_duelos_real.py"
"2F2E545B51A5159ED6E7104117BF80DBD9889A4334F4452DBD685FD55FEC5FEE","test_presion_quick.py"
"CEA4CE7E754EE24511D168335A43C0E9A120DE7682E1F1A04F12FDEE0C3A7816","test_resiliencia_universal.py"
"971090A073B3D6AFD3F4BE99232ADD988ED5D2E4B0A7F06C9D9422782A1BA170","test_sensor_bridge.py"
"B529E0124B16BF9C61F0C87822675D8F334CFC4147C76B9453F616AE4D40C7EA","test_sha256_simple.py"
"DD31623EEB7D81ABA2F739D2D0F1CA47AB5C951A04E106788A628AF7D6BE3EB0","test_sintonizacion_2026.py"
"CB368A8134FF4AC8473F1D895B513551F030180FA22E50D2B1ED61A7052CEF09","test_sistema_mejora_final.py"
"449CBA995121496A1DEB3762D8E2E3766C2B02123AA01B0D880B04592593BA18","test_statistical_brain.py"
"209AD5DCFEA0295172B80DE93B26EBD1554AE997301245F3489D409393628AFF","test_v37_integral.py"
"262524AE9E351C02CD2C6D16FB87E29614EEB94B194B5A98FD7847995E382D6B","test_v48_integration.py"
"0C853F058B9688DA2221F97D09E3CDE1B7E58F5F63795446257F07B792F124E9","test_validacion_duelos_reales.py"
"EC10D98B06AC2AC349C1DED5DBCA6A71AAE60E9773A5F9050F659517B683B135","test_validacion_duelos_v2.py"
"D3ACA283A6189639FE7F128FD953F03AF7B8C003E21696899D9F132E5326F3BB","test_validacion_final.py"
"A32331B6D6F1AB9F1D65F27128E1954B05C895BFD19AA2A3075669ED6E5630B8","test_validadores_rapido.py"
"AEED3EAF7204B7403DD681D65D445230EDFDC396D764B5E8FA5B88DECD60DE31","test_visibilidad_factor_z.py"
"D07FA253C85341A5B354382544AE981273617503454DB38A2750511B639C8C12","test_wright_wrapper.py"
"DCA192CF5ABC1D7D6343BAF278AB5F9914E9EACC837B0456935F003254ECF1F4","tmp_dew_test.py"
"49BE8284277B2657F849F11258674FC3EE7C0B10BB5F70E943350661EBB80A79","tmp_utci_test.py"
"EE89695F3E6E2261E4AB5A6294F31D4DA5728932E5C5D6ED129E5002FCCC9C22","TOP20_DERIVADOS_FORMULAS_V30.md"
"49079AA34E53A4EE821C4C4D0239FD5E2D82B154396DE591BABF62160B513138","TRABAJO_COMPLETADO.md"
"D5CCD17ADDA356A8AFCE71324B7D11C81B2C7196BEEE3C6BC2053C0AAB4E4B9C","UBICACION_EXACTA_LINEAS_V46.md"
"F5F9ACFEDE29C60F08B1A22580C2FC7714D10D226A19C0CC3110B27C44ECF72E","UI_MODERNIZADA_COMPLETADA.md"
"0523CC6F9BCF8F7737A7B29C532B6A15A2EDC482890591D0F1862EC1FC0B62CD","UI_REQUIREMENTS.md"
"45C5B777663D270A24F7BB3748DEC53B40E95AE8AA2BA45ED33E112F7044D212","UNIFICACION_PLAN_MAESTRO.py"
"193CED0D5060D2F6CDA0A03D52B04AB30F2C3AF38B85335A9E584F7F6456752B","V46_EN_1_PAGINA.md"
"C402343D605622B19282B1B6438FEB74BD5B7A1EFD449AE733AF8378354A3FD9","V47_2_RESUMEN_RAPIDO.md"
"CA0362E734F85D1AB5E4C3B3F0B251C6015F6D431EF94DC306A4771788919E88","V47_3_GUARDIAN_33_CAPAS_RESUMEN.md"
"CBE375D9CB2C3DE8CE4A8F5A1F7905D8A9891EC589B8A18A625642714DDB2AA9","V48_CHANGELOG.md"
"D0A38EE96C943CE7DDA121FDF85AE049B0B9876755B26A8C045AEF922B95A44C","V48_RESPUESTA_ESCALADA.md"
"2FA6930AB1231FD64E13B35644D03C65CA7E9EBD808A661D9E757C04A953BB1F","V48_RESUMEN_EJECUTIVO.md"
"605912D674E11E66C4AD2918E02728DE26BA3EAC19AA1D9F234F1F94842B6C0F","VALIDACION_ACCIONES_CRITICAS_2FEB2026.py"
"057730724A74C4CDC0936E514EB04C6BC591BEDDAB69A7E72CD211FDFDDF979A","VALIDACION_DUELOS_REPORTE_COMPLETO.md"
"11FD041EA0AAD8E8712B2734D9878333D9E0D289C23EFB18B702EB1AFF4BDDDB","VALIDACION_FINAL_COMPLETA.md"
"5B71080B983A28336356548E8DF4ACE355E165E138A5348BCA4E0121F83FAF4E","vector_aproximacion_v26.py"
"D1EBDABE9B09BEE07ACA8D7A4864F45C44103C9B0D667391DF6F536268B0DD34","ver_estado_meteoser.py"
"02A86D978993EFA951325EEE73B2D060C0FEF27F1FD0ECD4E9EF9282602254A7","VERDAD_BRUTAL_CANON_OCULTO.md"
"FB021FCB1835F195F435BE6993454AF8883192D5912B585CC60E84DC498EC6BD","VERDAD_BRUTAL_INTEGRIDAD_DATOS.md"
"5D07656761C25A1DE99CAC7905FAB7E2C109713D25BF45EBF3E9C394CB57DE15","VERIFICACION_ARCHIVOS_CREADOS.md"
"AE012CAD5B47EF648B5268782EB09715A5E543422C94858D1CB56F27228277D6","VERIFICACION_CANDIDATAS_FINAL_V47_5.md"
"B0170C1F8554E875E13ACFFC5A307861C2B4E2EDF6BEFB6AD9F90083206CC6A9","VERIFICACION_DEBATE_VS_CODIGO.md"
"6AC368B04F675F68A9591A2FFC79E4E8F8D1E761900F1ED79DE89C8DB6BEDF17","VERIFICACION_EXHAUSTIVA_FINAL.md"
"87FF60E4BE78494F5AF6D832B1B05E83FB8B84C6FBDF34A0DE6C00F2B7DCE722","verificacion_final.py"
"48A93252603E949F61FF8EAC185EF41B2E9D13FA5C6DCD60FB2C461C77AD559D","VERIFICACION_INTEGRIDAD_V26.md"
"8DFE90F7721DC1AB803DF0DDA2F3B1C7627CF4A5FE0B5AE5D08EA952BBEF63EB","verificar_candidatas_v47_5.py"
"68863D3EFCAA3095209F6EFA95194056D94E35707987FC005D50DD6AB1FE5B06","verificar_duelo.py"
"EA2FAABECC85473FA1601EE2431A41640BEACB2B1FAF4C8BCA7375110F56D737","verificar_integracion.py"
"C8AC7D19A56E7C1B9313D60F616A62E2AEE5C687CBFBD95F10EB66A885AB3490","verificar_sistema_completo.py"
"E1B4EA38626ADD6D829D0818EA6B906D23E07BB085241E476087DD889F11E2CB","verificar_sistema.py"
"0B01F470D659038DB880A949612FE57BFA897B98BD594365954874F860173DE3","virtual_sensors.py"
"F03CB216490659758B5B801B3DB27B8DC8098A29F63F7D54176F062319EEC3F2","visualizar_flujos_proactivo.py"
"D0753591818DF489E14AD389CABA1572197FF46CD856FC671B07ED82F9F12371","WATCHDOG_INTEGRIDAD_V43_1.py"
"C0B67C87E08A57BD0B9F579261D11ABFA74036B1C573540F432770335E2B00A6","watchdog_soberano.py"
"42A94471432518B83AD890E00B58645FE8F036328AFB56AB9F2AA99A21048D87","WBGT_ANALISIS_FINAL_EJECUTIVO.md"
"C67D7029CEB190D8DE544852ABC5DD86ABC85A22F66F4C254AF4F122024796F9","WBGT_CORRECCION_FINAL_IRREFUTABLE.md"
