[2026-02-03 11:36:10,676] INFO: Running basic CI tests...
[2026-02-03 11:36:10,709] INFO: Checking Python syntax...
[2026-02-03 11:36:41,888] INFO: Creating checkpoint: baseline_initial
[2026-02-03 11:36:41,892] INFO: ✓ Backed up: core/system/bus_expander.py
[2026-02-03 11:36:41,893] WARNING: ⚠ File not found (skipping): core/validation/anomaly_detector.py
[2026-02-03 11:36:41,895] INFO: ✓ Backed up: meteoser_configuracion.txt
[2026-02-03 11:36:41,896] INFO: ✓ Backed up: core/bus/__init__.py
[2026-02-03 11:36:41,898] INFO: ✓ Backed up: core/bus/bus_capas_informacion.py
[2026-02-03 11:36:41,900] INFO: ✓ Backed up: main.py
[2026-02-03 11:36:41,903] INFO: ✓ Backed up: main_asgi.py
[2026-02-03 11:36:41,908] INFO: ✓ Backed up directory: core/validation
[2026-02-03 11:36:41,909] ERROR: ✗ Failed to backup directory core/bus: [WinError 183] No se puede crear un archivo que ya existe: 'C:\\Users\\kioko\\Desktop\\MeteoSerV3\\backups\\system_checkpoints\\baseline_initial\\core\\bus'
[2026-02-03 11:36:41,945] INFO: ✓ Backed up directory: core/indices
[2026-02-03 11:36:41,947] INFO: ✓ Backed up directory: config
[2026-02-03 11:36:41,948] INFO: ✓ Checkpoint created successfully: baseline_initial
[2026-02-03 11:38:10,727] INFO: Creating checkpoint: pre_cleanup_except_pass
[2026-02-03 11:38:10,732] INFO: ✓ Backed up: core/system/bus_expander.py
[2026-02-03 11:38:10,742] INFO: ✓ Backed up: core/validation/anomaly_detector.py
[2026-02-03 11:38:10,744] INFO: ✓ Backed up: meteoser_configuracion.txt
[2026-02-03 11:38:10,747] INFO: ✓ Backed up: core/bus/__init__.py
[2026-02-03 11:38:10,749] INFO: ✓ Backed up: core/bus/bus_capas_informacion.py
[2026-02-03 11:38:10,751] INFO: ✓ Backed up: main.py
[2026-02-03 11:38:10,755] INFO: ✓ Backed up: main_asgi.py
[2026-02-03 11:38:10,757] ERROR: ✗ Failed to backup directory core/validation: [WinError 183] No se puede crear un archivo que ya existe: 'C:\\Users\\kioko\\Desktop\\MeteoSerV3\\backups\\system_checkpoints\\pre_cleanup_except_pass\\core\\validation'
[2026-02-03 11:38:10,758] ERROR: ✗ Failed to backup directory core/bus: [WinError 183] No se puede crear un archivo que ya existe: 'C:\\Users\\kioko\\Desktop\\MeteoSerV3\\backups\\system_checkpoints\\pre_cleanup_except_pass\\core\\bus'
[2026-02-03 11:38:10,802] INFO: ✓ Backed up directory: core/indices
[2026-02-03 11:38:10,803] INFO: ✓ Backed up directory: config
[2026-02-03 11:38:10,806] INFO: ✓ Checkpoint created successfully: pre_cleanup_except_pass
[2026-02-03 16:56:00,619] INFO: Creating checkpoint: limpieza_final_sin_chapuzas_3feb2026
[2026-02-03 16:56:00,636] INFO: ✓ Backed up: core/system/bus_expander.py
[2026-02-03 16:56:00,638] INFO: ✓ Backed up: core/validation/anomaly_detector.py
[2026-02-03 16:56:00,640] INFO: ✓ Backed up: meteoser_configuracion.txt
[2026-02-03 16:56:00,650] INFO: ✓ Backed up: core/bus/__init__.py
[2026-02-03 16:56:00,662] INFO: ✓ Backed up: core/bus/bus_capas_informacion.py
[2026-02-03 16:56:00,671] INFO: ✓ Backed up: main.py
[2026-02-03 16:56:00,675] INFO: ✓ Backed up: main_asgi.py
[2026-02-03 16:56:00,676] ERROR: ✗ Failed to backup directory core/validation: [WinError 183] No se puede crear un archivo que ya existe: 'C:\\Users\\kioko\\Desktop\\MeteoSerV3\\backups\\system_checkpoints\\limpieza_final_sin_chapuzas_3feb2026\\core\\validation'
[2026-02-03 16:56:00,677] ERROR: ✗ Failed to backup directory core/bus: [WinError 183] No se puede crear un archivo que ya existe: 'C:\\Users\\kioko\\Desktop\\MeteoSerV3\\backups\\system_checkpoints\\limpieza_final_sin_chapuzas_3feb2026\\core\\bus'
[2026-02-03 16:56:00,891] INFO: ✓ Backed up directory: core/indices
[2026-02-03 16:56:00,892] INFO: ✓ Backed up directory: config
[2026-02-03 16:56:00,893] INFO: ✓ Checkpoint created successfully: limpieza_final_sin_chapuzas_3feb2026
[2026-02-03 16:56:06,988] INFO: Running basic CI tests...
[2026-02-03 16:56:06,988] INFO: ✓ Critical file present: core/system/bus_expander.py
[2026-02-03 16:56:06,988] INFO: ✓ Critical file present: core/validation/anomaly_detector.py
[2026-02-03 16:56:06,989] INFO: ✓ Critical file present: meteoser_configuracion.txt
[2026-02-03 16:56:06,989] INFO: ✓ Critical file present: core/bus/__init__.py
[2026-02-03 16:56:06,989] INFO: ✓ Critical file present: core/bus/bus_capas_informacion.py
[2026-02-03 16:56:06,989] INFO: ✓ Critical file present: main.py
[2026-02-03 16:56:06,989] INFO: ✓ Critical file present: main_asgi.py
[2026-02-03 16:56:06,989] INFO: Checking Python syntax...
[2026-02-03 16:56:07,014] INFO: OK: Syntax OK: core\arcos_solares.py
[2026-02-03 16:56:07,025] INFO: OK: Syntax OK: core\auditoria_manager.py
[2026-02-03 16:56:07,034] INFO: OK: Syntax OK: core\correccion_geofisica_v26.py
[2026-02-03 16:56:07,042] INFO: OK: Syntax OK: core\data_model.py
[2026-02-03 16:56:07,050] INFO: OK: Syntax OK: core\devops_tools.py
[2026-02-03 16:56:07,058] INFO: OK: Syntax OK: core\feedback_manager.py
[2026-02-03 16:56:07,068] INFO: OK: Syntax OK: core\fiabilidad_manager.py
[2026-02-03 16:56:07,076] INFO: OK: Syntax OK: core\ideas_master.py
[2026-02-03 16:56:07,086] INFO: OK: Syntax OK: core\ideas_master_blocks.py
[2026-02-03 16:56:07,095] INFO: OK: Syntax OK: core\logger.py
[2026-02-03 16:56:07,104] INFO: OK: Syntax OK: core\meteo_interface.py
[2026-02-03 16:56:07,113] INFO: OK: Syntax OK: core\recomendaciones_motor.py
[2026-02-03 16:56:07,122] INFO: OK: Syntax OK: core\system_launcher.py
[2026-02-03 16:56:07,129] INFO: OK: Syntax OK: core\system_manager.py
[2026-02-03 16:56:07,135] INFO: OK: Syntax OK: core\utils.py
[2026-02-03 16:56:07,139] INFO: OK: Syntax OK: core\ai\autoheal.py
[2026-02-03 16:56:07,145] INFO: OK: Syntax OK: core\ai\codegen.py
[2026-02-03 16:56:07,151] INFO: OK: Syntax OK: core\ai\contracts.py
[2026-02-03 16:56:07,164] INFO: OK: Syntax OK: core\ai\dialog.py
[2026-02-03 16:56:07,177] INFO: OK: Syntax OK: core\ai\explainer.py
[2026-02-03 16:56:07,190] INFO: OK: Syntax OK: core\ai\knowledge.py
[2026-02-03 16:56:07,194] INFO: OK: Syntax OK: core\ai\orchestrator.py
[2026-02-03 16:56:07,198] INFO: OK: Syntax OK: core\ai\updater.py
[2026-02-03 16:56:07,208] INFO: OK: Syntax OK: core\api\api_engine.py
[2026-02-03 16:56:07,216] INFO: OK: Syntax OK: core\api\api_rest.py
[2026-02-03 16:56:07,226] INFO: OK: Syntax OK: core\api\api_vector_aproximacion_v26.py
[2026-02-03 16:56:07,235] INFO: OK: Syntax OK: core\api\services.py
[2026-02-03 16:56:07,243] INFO: OK: Syntax OK: core\architecture\open_architecture.py
[2026-02-03 16:56:07,252] INFO: OK: Syntax OK: core\atmosphere\isa_calculator.py
[2026-02-03 16:56:07,261] INFO: OK: Syntax OK: core\auto\autocure_engine.py
[2026-02-03 16:56:07,271] INFO: OK: Syntax OK: core\auto\auto_expansion_engine.py
[2026-02-03 16:56:07,272] INFO: OK: Syntax OK: core\auto\auto_improvement_engine.py
[2026-02-03 16:56:07,274] INFO: OK: Syntax OK: core\auto\auto_repair_engine.py
[2026-02-03 16:56:07,280] INFO: OK: Syntax OK: core\auto\auto_sensor_discovery.py
[2026-02-03 16:56:07,321] INFO: OK: Syntax OK: core\bus\bus_async_writer.py
[2026-02-03 16:56:07,326] INFO: OK: Syntax OK: core\bus\bus_capas_informacion.py
[2026-02-03 16:56:07,339] INFO: OK: Syntax OK: core\bus\bus_indexer.py
[2026-02-03 16:56:07,351] INFO: OK: Syntax OK: core\bus\bus_snapshot.py
[2026-02-03 16:56:07,362] INFO: OK: Syntax OK: core\bus\bus_v3_adapter.py
[2026-02-03 16:56:07,374] INFO: OK: Syntax OK: core\bus\dato_historico.py
[2026-02-03 16:56:07,383] INFO: OK: Syntax OK: core\bus\metadata_middleware.py
[2026-02-03 16:56:07,394] INFO: OK: Syntax OK: core\bus\monitor_bus.py
[2026-02-03 16:56:07,407] ERROR: ERROR: Syntax error in core\calibration\auto_calibrator.py: invalid syntax (auto_calibrator.py, line 49)
[2026-02-03 16:56:07,421] INFO: OK: Syntax OK: core\calibration\bias_detector.py
[2026-02-03 16:56:07,432] INFO: OK: Syntax OK: core\calibration\calibration_engine.py
[2026-02-03 16:56:07,446] INFO: OK: Syntax OK: core\calibration\regression_calibrator.py
[2026-02-03 16:56:07,458] INFO: OK: Syntax OK: core\config\config_loader.py
[2026-02-03 16:56:07,467] INFO: OK: Syntax OK: core\config\config_manager.py
[2026-02-03 16:56:07,469] INFO: OK: Syntax OK: core\context\contexto_maestro_global.py
[2026-02-03 16:56:07,479] INFO: OK: Syntax OK: core\context\context_engine.py
[2026-02-03 16:56:07,490] INFO: OK: Syntax OK: core\context\fallback_universal.py
[2026-02-03 16:56:07,501] INFO: OK: Syntax OK: core\discovery\ble_scanner.py
[2026-02-03 16:56:07,512] INFO: OK: Syntax OK: core\discovery\driver_installer.py
[2026-02-03 16:56:07,515] INFO: OK: Syntax OK: core\discovery\mdns_scanner.py
[2026-02-03 16:56:07,527] INFO: OK: Syntax OK: core\discovery\omnipotence_manager.py
[2026-02-03 16:56:07,540] INFO: OK: Syntax OK: core\discovery\sensor_assimilator.py
[2026-02-03 16:56:07,553] INFO: OK: Syntax OK: core\discovery\universal_orchestrator.py
[2026-02-03 16:56:07,556] INFO: OK: Syntax OK: core\discovery\universal_scanner.py
[2026-02-03 16:56:07,569] INFO: OK: Syntax OK: core\discovery\usb_scanner.py
[2026-02-03 16:56:07,581] INFO: OK: Syntax OK: core\engines\autoimprovement_engine.py
[2026-02-03 16:56:07,594] INFO: OK: Syntax OK: core\engines\auto_improvement_engine.py
[2026-02-03 16:56:07,606] INFO: OK: Syntax OK: core\engines\brain_persistence.py
[2026-02-03 16:56:07,610] INFO: OK: Syntax OK: core\engines\communication_engine.py
[2026-02-03 16:56:07,635] INFO: OK: Syntax OK: core\engines\environmental_engines.py
[2026-02-03 16:56:07,638] INFO: OK: Syntax OK: core\engines\habits_engine.py
[2026-02-03 16:56:07,652] INFO: OK: Syntax OK: core\engines\indoor_air_cross_validator.py
[2026-02-03 16:56:07,664] INFO: OK: Syntax OK: core\engines\sensor_engine.py
[2026-02-03 16:56:07,684] INFO: OK: Syntax OK: core\engines\statistical_brain.py
[2026-02-03 16:56:07,694] INFO: OK: Syntax OK: core\evolution\evolution_engine.py
[2026-02-03 16:56:07,704] INFO: OK: Syntax OK: core\ia\assistant.py
[2026-02-03 16:56:07,712] INFO: OK: Syntax OK: core\ia\suggest_engine.py
[2026-02-03 16:56:07,716] INFO: OK: Syntax OK: core\indices\advanced_field_indices.py
[2026-02-03 16:56:07,721] INFO: OK: Syntax OK: core\indices\advanced_physics_models.py
[2026-02-03 16:56:07,729] INFO: OK: Syntax OK: core\indices\advanced_predictive_indices.py
[2026-02-03 16:56:07,733] INFO: OK: Syntax OK: core\indices\ashrae55_adaptive_vtt.py
[2026-02-03 16:56:07,737] INFO: OK: Syntax OK: core\indices\astronomia_recursiva.py
[2026-02-03 16:56:07,739] INFO: OK: Syntax OK: core\indices\atmospheric_profiler.py
[2026-02-03 16:56:07,741] INFO: OK: Syntax OK: core\indices\bucholtz_rayleigh_v25.py
[2026-02-03 16:56:07,745] INFO: OK: Syntax OK: core\indices\bus_estado_global.py
[2026-02-03 16:56:07,751] INFO: OK: Syntax OK: core\indices\elite_motors_v25.py
[2026-02-03 16:56:07,752] INFO: OK: Syntax OK: core\indices\elite_physics.py
[2026-02-03 16:56:07,911] INFO: OK: Syntax OK: core\indices\environmental_indices.py
[2026-02-03 16:56:07,912] INFO: OK: Syntax OK: core\indices\external_earthquake_validation.py
[2026-02-03 16:56:07,913] INFO: OK: Syntax OK: core\indices\external_lightning_validation.py
[2026-02-03 16:56:07,916] INFO: OK: Syntax OK: core\indices\fanger_pmv_ppd.py
[2026-02-03 16:56:07,918] INFO: OK: Syntax OK: core\indices\gab_sorption.py
[2026-02-03 16:56:07,921] INFO: OK: Syntax OK: core\indices\index_catalog.py
[2026-02-03 16:56:07,921] INFO: OK: Syntax OK: core\indices\index_registry.py
[2026-02-03 16:56:07,922] INFO: OK: Syntax OK: core\indices\index_selection.py
[2026-02-03 16:56:07,924] INFO: OK: Syntax OK: core\indices\integracion_elite_motors_v25.py
[2026-02-03 16:56:07,926] INFO: OK: Syntax OK: core\indices\liljegren_wbgt.py
[2026-02-03 16:56:07,931] INFO: OK: Syntax OK: core\indices\physical_consistency.py
[2026-02-03 16:56:07,935] INFO: OK: Syntax OK: core\indices\physics_engine_2026.py
[2026-02-03 16:56:07,938] INFO: OK: Syntax OK: core\indices\physics_engine_cached.py
[2026-02-03 16:56:07,941] INFO: OK: Syntax OK: core\indices\physics_numba.py
[2026-02-03 16:56:07,942] INFO: OK: Syntax OK: core\indices\rayleigh_miller_dispersion.py
[2026-02-03 16:56:07,943] INFO: OK: Syntax OK: core\indices\serializador_estado_atomico.py
[2026-02-03 16:56:07,945] INFO: OK: Syntax OK: core\indices\testigo_fallo.py
[2026-02-03 16:56:07,947] INFO: OK: Syntax OK: core\indices\utci_polynomial.py
[2026-02-03 16:56:07,950] INFO: OK: Syntax OK: core\indices\uv_angstrom_dinamico.py
[2026-02-03 16:56:07,953] INFO: OK: Syntax OK: core\indices\uv_spectral_diamond.py
[2026-02-03 16:56:07,956] INFO: OK: Syntax OK: core\indices\vector_aproximacion_v26.py
[2026-02-03 16:56:07,965] INFO: OK: Syntax OK: core\integration\dashboard_endpoint.py
[2026-02-03 16:56:07,987] INFO: OK: Syntax OK: core\integration\ecowitt_receiver.py
[2026-02-03 16:56:07,988] INFO: OK: Syntax OK: core\integration\integration_manager.py
[2026-02-03 16:56:08,000] INFO: OK: Syntax OK: core\integration\temporal_sync_persistence.py
[2026-02-03 16:56:08,009] INFO: OK: Syntax OK: core\learning\feature_store.py
[2026-02-03 16:56:08,015] INFO: OK: Syntax OK: core\learning\learning_simulation.py
[2026-02-03 16:56:08,026] INFO: OK: Syntax OK: core\learning\model_governance.py
[2026-02-03 16:56:08,029] INFO: OK: Syntax OK: core\location\location_engine.py
[2026-02-03 16:56:08,041] INFO: OK: Syntax OK: core\logging\audit_trail.py
[2026-02-03 16:56:08,049] INFO: OK: Syntax OK: core\logging\log_engine.py
[2026-02-03 16:56:08,051] INFO: OK: Syntax OK: core\meteo\meteo_engine.py
[2026-02-03 16:56:08,060] INFO: OK: Syntax OK: core\meteo\meteo_model.py
[2026-02-03 16:56:08,069] INFO: OK: Syntax OK: core\meteo\meteo_utils.py
[2026-02-03 16:56:08,078] INFO: OK: Syntax OK: core\motors\alarmas_motor.py
[2026-02-03 16:56:08,087] INFO: OK: Syntax OK: core\motors\ambiental_motor.py
[2026-02-03 16:56:08,096] INFO: OK: Syntax OK: core\motors\automejora_motor.py
[2026-02-03 16:56:08,104] INFO: OK: Syntax OK: core\motors\calendario_motor.py
[2026-02-03 16:56:08,112] INFO: OK: Syntax OK: core\motors\comunicacion_motor.py
[2026-02-03 16:56:08,120] INFO: OK: Syntax OK: core\motors\confort_motor.py
[2026-02-03 16:56:08,129] INFO: OK: Syntax OK: core\motors\edificio_motor.py
[2026-02-03 16:56:08,138] INFO: OK: Syntax OK: core\motors\estado_api.py
[2026-02-03 16:56:08,146] INFO: OK: Syntax OK: core\motors\estado_api_extendido.py
[2026-02-03 16:56:08,153] INFO: OK: Syntax OK: core\motors\eventos_motor.py
[2026-02-03 16:56:08,161] INFO: OK: Syntax OK: core\motors\huellas_motor.py
[2026-02-03 16:56:08,168] INFO: OK: Syntax OK: core\motors\impresion_motor.py
[2026-02-03 16:56:08,177] INFO: OK: Syntax OK: core\motors\lista_compra_motor.py
[2026-02-03 16:56:08,185] INFO: OK: Syntax OK: core\motors\meteorologico_motor.py
[2026-02-03 16:56:08,193] INFO: OK: Syntax OK: core\motors\motors_api.py
[2026-02-03 16:56:08,204] INFO: OK: Syntax OK: core\motors\recomendaciones_motor.py
[2026-02-03 16:56:08,213] INFO: OK: Syntax OK: core\motors\submenu_motor.py
[2026-02-03 16:56:08,222] INFO: OK: Syntax OK: core\motors\tareas_motor.py
[2026-02-03 16:56:08,244] INFO: OK: Syntax OK: core\omnipotence\integration_bridge.py
[2026-02-03 16:56:08,256] INFO: OK: Syntax OK: core\omnipotence\omnipotence_simple.py
[2026-02-03 16:56:08,265] INFO: OK: Syntax OK: core\organizer\organizer_api.py
[2026-02-03 16:56:08,274] INFO: OK: Syntax OK: core\organizer\organizer_model.py
[2026-02-03 16:56:08,276] INFO: OK: Syntax OK: core\pas\pas_engine.py
[2026-02-03 16:56:08,289] INFO: OK: Syntax OK: core\persistence\influxdb_manager.py
[2026-02-03 16:56:08,302] INFO: OK: Syntax OK: core\persistence\timeseries_archiver.py
[2026-02-03 16:56:08,314] INFO: OK: Syntax OK: core\prediction\lstm_predictor.py
[2026-02-03 16:56:08,320] INFO: OK: Syntax OK: core\prediction\prediction_engine.py
[2026-02-03 16:56:08,323] INFO: OK: Syntax OK: core\recommendations\unified_recommendation_engine.py
[2026-02-03 16:56:08,335] INFO: OK: Syntax OK: core\security\policies.py
[2026-02-03 16:56:08,343] INFO: OK: Syntax OK: core\selfmod\self_mod_engine.py
[2026-02-03 16:56:08,356] INFO: OK: Syntax OK: core\sensors\pm_calibration.py
[2026-02-03 16:56:08,366] INFO: OK: Syntax OK: core\sensors\sensor_aliases.py
[2026-02-03 16:56:08,377] INFO: OK: Syntax OK: core\sensors\sensor_fusion.py
[2026-02-03 16:56:08,388] INFO: OK: Syntax OK: core\sensors\sensor_virtual_altura.py
[2026-02-03 16:56:08,399] INFO: OK: Syntax OK: core\system\acorazado_orchestrator.py
[2026-02-03 16:56:08,411] INFO: OK: Syntax OK: core\system\bus_auto_capture.py
[2026-02-03 16:56:08,457] ERROR: ERROR: Syntax error in core\system\bus_expander.py: unexpected indent (bus_expander.py, line 558)
[2026-02-03 16:56:08,526] INFO: OK: Syntax OK: core\system\bus_expander_V13_BACKUP_20260202_180608.py
[2026-02-03 16:56:08,539] INFO: OK: Syntax OK: core\system\bus_expander_V20_CERTIFICADO.py
[2026-02-03 16:56:08,550] INFO: OK: Syntax OK: core\system\observability_engine.py
[2026-02-03 16:56:08,560] INFO: OK: Syntax OK: core\system\startup_auditor.py
[2026-02-03 16:56:08,563] INFO: OK: Syntax OK: core\system\system_core.py
[2026-02-03 16:56:08,564] INFO: OK: Syntax OK: core\system\system_launcher.py
[2026-02-03 16:56:08,566] INFO: OK: Syntax OK: core\system\system_manager.py
[2026-02-03 16:56:08,575] INFO: OK: Syntax OK: core\ui\main_ui.py
[2026-02-03 16:56:08,579] INFO: OK: Syntax OK: core\validation\anomaly_detector.py
[2026-02-03 16:56:08,580] INFO: OK: Syntax OK: core\validation\fallback_isa.py
[2026-02-03 16:56:08,593] INFO: OK: Syntax OK: core\validation\outlier_detector.py
[2026-02-03 16:56:08,606] INFO: OK: Syntax OK: core\validation\sensor_validator_cascada.py
[2026-02-03 16:56:08,618] INFO: OK: Syntax OK: core\virtual\virtual_sensors.py
[2026-02-03 16:56:08,621] INFO: OK: Syntax OK: core\indices\cetreria\cetreria_indices.py
[2026-02-03 16:56:08,634] INFO: OK: Syntax OK: core\discovery\drivers\ble_driver.py
[2026-02-03 16:56:08,645] INFO: OK: Syntax OK: core\discovery\drivers\usb_driver.py
[2026-02-03 16:56:08,648] INFO: OK: Syntax OK: core\discovery\drivers\wifi_driver.py
[2026-02-03 16:56:08,659] INFO: OK: Syntax OK: core\api\routers\admin.py
[2026-02-03 16:56:08,670] INFO: OK: Syntax OK: core\api\routers\assistant.py
[2026-02-03 16:56:08,680] INFO: OK: Syntax OK: core\api\routers\config.py
[2026-02-03 16:56:08,690] INFO: OK: Syntax OK: core\api\routers\sensors.py
[2026-02-03 16:56:08,699] INFO: OK: Syntax OK: core\api\routers\systems.py
[2026-02-03 16:56:08,708] INFO: OK: Syntax OK: core\api\routers\voice.py
[2026-02-03 16:56:08,718] INFO: OK: Syntax OK: ai_controller.py
[2026-02-03 16:56:08,729] INFO: OK: Syntax OK: ai_endpoints.py
[2026-02-03 16:56:08,739] INFO: OK: Syntax OK: arrancar_meteoser.py
[2026-02-03 16:56:08,747] INFO: OK: Syntax OK: arrancar_servidor_test.py
[2026-02-03 16:56:08,756] INFO: OK: Syntax OK: AUDITORIA_BUS_FASE1.py
[2026-02-03 16:56:08,766] INFO: OK: Syntax OK: auditoria_codigo.py
[2026-02-03 16:56:08,778] INFO: OK: Syntax OK: AUDITORIA_PROMESAS_VS_CODIGO.py
[2026-02-03 16:56:08,837] INFO: OK: Syntax OK: backup_main_asgi_ojo.py
[2026-02-03 16:56:08,850] INFO: OK: Syntax OK: benchmark_v14_ciclo.py
[2026-02-03 16:56:08,859] INFO: OK: Syntax OK: bucholtz_rayleigh_v25.py
[2026-02-03 16:56:08,870] INFO: OK: Syntax OK: BUS_DATA_CONTRACT.py
[2026-02-03 16:56:08,879] INFO: OK: Syntax OK: calcular_sha256_manifiesto.py
[2026-02-03 16:56:08,890] INFO: OK: Syntax OK: config_manager.py
[2026-02-03 16:56:08,899] INFO: OK: Syntax OK: conftest.py
[2026-02-03 16:56:08,912] INFO: OK: Syntax OK: demo_big_data_inteligente.py
[2026-02-03 16:56:08,926] INFO: OK: Syntax OK: diagnostico_rendimiento.py
[2026-02-03 16:56:08,938] INFO: OK: Syntax OK: ejemplo_bus_v3_mejorado.py
[2026-02-03 16:56:08,951] INFO: OK: Syntax OK: ejemplo_integracion_completa.py
[2026-02-03 16:56:08,963] INFO: OK: Syntax OK: elite_motors_v25.py
[2026-02-03 16:56:08,968] INFO: OK: Syntax OK: evolution_engine.py
[2026-02-03 16:56:08,979] INFO: OK: Syntax OK: generador_sha256_final.py
[2026-02-03 16:56:09,016] ERROR: ERROR: Syntax error in ideas.py: invalid character '—' (U+2014) (ideas.py, line 1)
[2026-02-03 16:56:09,027] INFO: OK: Syntax OK: INDICE_DOCUMENTACION.py
[2026-02-03 16:56:09,037] INFO: OK: Syntax OK: INSTRUCCIONES_INTEGRACION_IA.py
[2026-02-03 16:56:09,045] INFO: OK: Syntax OK: integracion_elite_motors_v25.py
[2026-02-03 16:56:09,055] INFO: OK: Syntax OK: integration_manager.py
[2026-02-03 16:56:09,064] INFO: OK: Syntax OK: launcher.py
[2026-02-03 16:56:09,069] INFO: OK: Syntax OK: learning_engine.py
[2026-02-03 16:56:09,084] INFO: OK: Syntax OK: learning_simulation.py
[2026-02-03 16:56:09,085] INFO: OK: Syntax OK: main.py
[2026-02-03 16:56:09,145] INFO: OK: Syntax OK: main_asgi.py
[2026-02-03 16:56:09,156] ERROR: ERROR: Syntax error in meteoser.py: unexpected indent (meteoser.py, line 25)
[2026-02-03 16:56:09,167] ERROR: ERROR: Syntax error in meteoser_ia_integration.py: from __future__ imports must occur at the beginning of the file (meteoser_ia_integration.py, line 2)
[2026-02-03 16:56:09,176] INFO: OK: Syntax OK: monitor_main_asgi.py
[2026-02-03 16:56:09,185] INFO: OK: Syntax OK: probar_envio_ecowitt.py
[2026-02-03 16:56:09,197] INFO: OK: Syntax OK: protocolo_certificacion_arranque_v26.py
[2026-02-03 16:56:09,208] INFO: OK: Syntax OK: RELLENO_ENDPOINTS_REALES.py
[2026-02-03 16:56:09,218] INFO: OK: Syntax OK: RESUMEN_LIMPIEZA_SIN_CHAPUZAS.py
[2026-02-03 16:56:09,223] INFO: OK: Syntax OK: self_mod_engine.py
[2026-02-03 16:56:09,237] INFO: OK: Syntax OK: simulation_engine.py
[2026-02-03 16:56:09,249] INFO: OK: Syntax OK: test_auto_discovery.py
[2026-02-03 16:56:09,262] INFO: OK: Syntax OK: test_biblia_v25_completa.py
[2026-02-03 16:56:09,272] INFO: OK: Syntax OK: test_boot.py
[2026-02-03 16:56:09,284] INFO: OK: Syntax OK: test_bus_capas_informacion.py
[2026-02-03 16:56:09,295] INFO: OK: Syntax OK: test_certificacion_v26.py
[2026-02-03 16:56:09,305] INFO: OK: Syntax OK: test_ignicion_fisica_2026.py
[2026-02-03 16:56:09,316] INFO: OK: Syntax OK: test_mejoras_tier_1_3.py
[2026-02-03 16:56:09,326] INFO: OK: Syntax OK: test_presion_quick.py
[2026-02-03 16:56:09,337] INFO: OK: Syntax OK: test_resiliencia_universal.py
[2026-02-03 16:56:09,347] INFO: OK: Syntax OK: test_sha256_simple.py
[2026-02-03 16:56:09,359] INFO: OK: Syntax OK: test_sintonizacion_2026.py
[2026-02-03 16:56:09,372] INFO: OK: Syntax OK: test_statistical_brain.py
[2026-02-03 16:56:09,381] INFO: OK: Syntax OK: test_visibilidad_factor_z.py
[2026-02-03 16:56:09,391] INFO: OK: Syntax OK: UNIFICACION_PLAN_MAESTRO.py
[2026-02-03 16:56:09,405] INFO: OK: Syntax OK: VALIDACION_ACCIONES_CRITICAS_2FEB2026.py
[2026-02-03 16:56:09,417] INFO: OK: Syntax OK: vector_aproximacion_v26.py
[2026-02-03 16:56:09,429] INFO: OK: Syntax OK: verificar_sistema.py
[2026-02-03 16:56:09,439] INFO: OK: Syntax OK: ver_estado_meteoser.py
[2026-02-03 16:56:09,450] INFO: OK: Syntax OK: virtual_sensors.py
[2026-02-03 16:56:09,451] INFO: ✓ Critical directory present: core/validation
[2026-02-03 16:56:09,451] INFO: ✓ Critical directory present: core/bus
[2026-02-03 16:56:09,451] INFO: ✓ Critical directory present: core/indices
[2026-02-03 16:56:09,451] INFO: ✓ Critical directory present: config
[2026-02-03 16:56:09,451] ERROR: ✗ Some CI tests failed
[2026-02-03 16:56:15,472] INFO: Running basic CI tests...
[2026-02-03 16:56:15,472] INFO: ✓ Critical file present: core/system/bus_expander.py
[2026-02-03 16:56:15,473] INFO: ✓ Critical file present: core/validation/anomaly_detector.py
[2026-02-03 16:56:15,473] INFO: ✓ Critical file present: meteoser_configuracion.txt
[2026-02-03 16:56:15,473] INFO: ✓ Critical file present: core/bus/__init__.py
[2026-02-03 16:56:15,473] INFO: ✓ Critical file present: core/bus/bus_capas_informacion.py
[2026-02-03 16:56:15,473] INFO: ✓ Critical file present: main.py
[2026-02-03 16:56:15,473] INFO: ✓ Critical file present: main_asgi.py
[2026-02-03 16:56:15,473] INFO: Checking Python syntax...
[2026-02-03 16:56:15,488] INFO: OK: Syntax OK: core\arcos_solares.py
[2026-02-03 16:56:15,490] INFO: OK: Syntax OK: core\auditoria_manager.py
[2026-02-03 16:56:15,490] INFO: OK: Syntax OK: core\correccion_geofisica_v26.py
[2026-02-03 16:56:15,492] INFO: OK: Syntax OK: core\data_model.py
[2026-02-03 16:56:15,493] INFO: OK: Syntax OK: core\devops_tools.py
[2026-02-03 16:56:15,495] INFO: OK: Syntax OK: core\feedback_manager.py
[2026-02-03 16:56:15,497] INFO: OK: Syntax OK: core\fiabilidad_manager.py
[2026-02-03 16:56:15,497] INFO: OK: Syntax OK: core\ideas_master.py
[2026-02-03 16:56:15,500] INFO: OK: Syntax OK: core\ideas_master_blocks.py
[2026-02-03 16:56:15,501] INFO: OK: Syntax OK: core\logger.py
[2026-02-03 16:56:15,502] INFO: OK: Syntax OK: core\meteo_interface.py
[2026-02-03 16:56:15,504] INFO: OK: Syntax OK: core\recomendaciones_motor.py
[2026-02-03 16:56:15,504] INFO: OK: Syntax OK: core\system_launcher.py
[2026-02-03 16:56:15,505] INFO: OK: Syntax OK: core\system_manager.py
[2026-02-03 16:56:15,506] INFO: OK: Syntax OK: core\utils.py
[2026-02-03 16:56:15,510] INFO: OK: Syntax OK: core\ai\autoheal.py
[2026-02-03 16:56:15,516] INFO: OK: Syntax OK: core\ai\codegen.py
[2026-02-03 16:56:15,522] INFO: OK: Syntax OK: core\ai\contracts.py
[2026-02-03 16:56:15,527] INFO: OK: Syntax OK: core\ai\dialog.py
[2026-02-03 16:56:15,530] INFO: OK: Syntax OK: core\ai\explainer.py
[2026-02-03 16:56:15,536] INFO: OK: Syntax OK: core\ai\knowledge.py
[2026-02-03 16:56:15,540] INFO: OK: Syntax OK: core\ai\orchestrator.py
[2026-02-03 16:56:15,544] INFO: OK: Syntax OK: core\ai\updater.py
[2026-02-03 16:56:15,545] INFO: OK: Syntax OK: core\api\api_engine.py
[2026-02-03 16:56:15,545] INFO: OK: Syntax OK: core\api\api_rest.py
[2026-02-03 16:56:15,549] INFO: OK: Syntax OK: core\api\api_vector_aproximacion_v26.py
[2026-02-03 16:56:15,549] INFO: OK: Syntax OK: core\api\services.py
[2026-02-03 16:56:15,550] INFO: OK: Syntax OK: core\architecture\open_architecture.py
[2026-02-03 16:56:15,551] INFO: OK: Syntax OK: core\atmosphere\isa_calculator.py
[2026-02-03 16:56:15,553] INFO: OK: Syntax OK: core\auto\autocure_engine.py
[2026-02-03 16:56:15,554] INFO: OK: Syntax OK: core\auto\auto_expansion_engine.py
[2026-02-03 16:56:15,555] INFO: OK: Syntax OK: core\auto\auto_improvement_engine.py
[2026-02-03 16:56:15,557] INFO: OK: Syntax OK: core\auto\auto_repair_engine.py
[2026-02-03 16:56:15,563] INFO: OK: Syntax OK: core\auto\auto_sensor_discovery.py
[2026-02-03 16:56:15,567] INFO: OK: Syntax OK: core\bus\bus_async_writer.py
[2026-02-03 16:56:15,572] INFO: OK: Syntax OK: core\bus\bus_capas_informacion.py
[2026-02-03 16:56:15,574] INFO: OK: Syntax OK: core\bus\bus_indexer.py
[2026-02-03 16:56:15,577] INFO: OK: Syntax OK: core\bus\bus_snapshot.py
[2026-02-03 16:56:15,578] INFO: OK: Syntax OK: core\bus\bus_v3_adapter.py
[2026-02-03 16:56:15,581] INFO: OK: Syntax OK: core\bus\dato_historico.py
[2026-02-03 16:56:15,582] INFO: OK: Syntax OK: core\bus\metadata_middleware.py
[2026-02-03 16:56:15,585] INFO: OK: Syntax OK: core\bus\monitor_bus.py
[2026-02-03 16:56:15,587] ERROR: ERROR: Syntax error in core\calibration\auto_calibrator.py: invalid syntax (auto_calibrator.py, line 49)
[2026-02-03 16:56:15,590] INFO: OK: Syntax OK: core\calibration\bias_detector.py
[2026-02-03 16:56:15,592] INFO: OK: Syntax OK: core\calibration\calibration_engine.py
[2026-02-03 16:56:15,596] INFO: OK: Syntax OK: core\calibration\regression_calibrator.py
[2026-02-03 16:56:15,598] INFO: OK: Syntax OK: core\config\config_loader.py
[2026-02-03 16:56:15,599] INFO: OK: Syntax OK: core\config\config_manager.py
[2026-02-03 16:56:15,601] INFO: OK: Syntax OK: core\context\contexto_maestro_global.py
[2026-02-03 16:56:15,602] INFO: OK: Syntax OK: core\context\context_engine.py
[2026-02-03 16:56:15,604] INFO: OK: Syntax OK: core\context\fallback_universal.py
[2026-02-03 16:56:15,606] INFO: OK: Syntax OK: core\discovery\ble_scanner.py
[2026-02-03 16:56:15,609] INFO: OK: Syntax OK: core\discovery\driver_installer.py
[2026-02-03 16:56:15,612] INFO: OK: Syntax OK: core\discovery\mdns_scanner.py
[2026-02-03 16:56:15,614] INFO: OK: Syntax OK: core\discovery\omnipotence_manager.py
[2026-02-03 16:56:15,617] INFO: OK: Syntax OK: core\discovery\sensor_assimilator.py
[2026-02-03 16:56:15,621] INFO: OK: Syntax OK: core\discovery\universal_orchestrator.py
[2026-02-03 16:56:15,625] INFO: OK: Syntax OK: core\discovery\universal_scanner.py
[2026-02-03 16:56:15,627] INFO: OK: Syntax OK: core\discovery\usb_scanner.py
[2026-02-03 16:56:15,630] INFO: OK: Syntax OK: core\engines\autoimprovement_engine.py
[2026-02-03 16:56:15,634] INFO: OK: Syntax OK: core\engines\auto_improvement_engine.py
[2026-02-03 16:56:15,637] INFO: OK: Syntax OK: core\engines\brain_persistence.py
[2026-02-03 16:56:15,641] INFO: OK: Syntax OK: core\engines\communication_engine.py
[2026-02-03 16:56:15,665] INFO: OK: Syntax OK: core\engines\environmental_engines.py
[2026-02-03 16:56:15,669] INFO: OK: Syntax OK: core\engines\habits_engine.py
[2026-02-03 16:56:15,671] INFO: OK: Syntax OK: core\engines\indoor_air_cross_validator.py
[2026-02-03 16:56:15,674] INFO: OK: Syntax OK: core\engines\sensor_engine.py
[2026-02-03 16:56:15,682] INFO: OK: Syntax OK: core\engines\statistical_brain.py
[2026-02-03 16:56:15,682] INFO: OK: Syntax OK: core\evolution\evolution_engine.py
[2026-02-03 16:56:15,683] INFO: OK: Syntax OK: core\ia\assistant.py
[2026-02-03 16:56:15,684] INFO: OK: Syntax OK: core\ia\suggest_engine.py
[2026-02-03 16:56:15,687] INFO: OK: Syntax OK: core\indices\advanced_field_indices.py
[2026-02-03 16:56:15,691] INFO: OK: Syntax OK: core\indices\advanced_physics_models.py
[2026-02-03 16:56:15,699] INFO: OK: Syntax OK: core\indices\advanced_predictive_indices.py
[2026-02-03 16:56:15,701] INFO: OK: Syntax OK: core\indices\ashrae55_adaptive_vtt.py
[2026-02-03 16:56:15,703] INFO: OK: Syntax OK: core\indices\astronomia_recursiva.py
[2026-02-03 16:56:15,705] INFO: OK: Syntax OK: core\indices\atmospheric_profiler.py
[2026-02-03 16:56:15,707] INFO: OK: Syntax OK: core\indices\bucholtz_rayleigh_v25.py
[2026-02-03 16:56:15,711] INFO: OK: Syntax OK: core\indices\bus_estado_global.py
[2026-02-03 16:56:15,715] INFO: OK: Syntax OK: core\indices\elite_motors_v25.py
[2026-02-03 16:56:15,716] INFO: OK: Syntax OK: core\indices\elite_physics.py
[2026-02-03 16:56:15,874] INFO: OK: Syntax OK: core\indices\environmental_indices.py
[2026-02-03 16:56:15,875] INFO: OK: Syntax OK: core\indices\external_earthquake_validation.py
[2026-02-03 16:56:15,876] INFO: OK: Syntax OK: core\indices\external_lightning_validation.py
[2026-02-03 16:56:15,878] INFO: OK: Syntax OK: core\indices\fanger_pmv_ppd.py
[2026-02-03 16:56:15,879] INFO: OK: Syntax OK: core\indices\gab_sorption.py
[2026-02-03 16:56:15,882] INFO: OK: Syntax OK: core\indices\index_catalog.py
[2026-02-03 16:56:15,883] INFO: OK: Syntax OK: core\indices\index_registry.py
[2026-02-03 16:56:15,884] INFO: OK: Syntax OK: core\indices\index_selection.py
[2026-02-03 16:56:15,886] INFO: OK: Syntax OK: core\indices\integracion_elite_motors_v25.py
[2026-02-03 16:56:15,888] INFO: OK: Syntax OK: core\indices\liljegren_wbgt.py
[2026-02-03 16:56:15,892] INFO: OK: Syntax OK: core\indices\physical_consistency.py
[2026-02-03 16:56:15,895] INFO: OK: Syntax OK: core\indices\physics_engine_2026.py
[2026-02-03 16:56:15,899] INFO: OK: Syntax OK: core\indices\physics_engine_cached.py
[2026-02-03 16:56:15,902] INFO: OK: Syntax OK: core\indices\physics_numba.py
[2026-02-03 16:56:15,903] INFO: OK: Syntax OK: core\indices\rayleigh_miller_dispersion.py
[2026-02-03 16:56:15,904] INFO: OK: Syntax OK: core\indices\serializador_estado_atomico.py
[2026-02-03 16:56:15,906] INFO: OK: Syntax OK: core\indices\testigo_fallo.py
[2026-02-03 16:56:15,908] INFO: OK: Syntax OK: core\indices\utci_polynomial.py
[2026-02-03 16:56:15,910] INFO: OK: Syntax OK: core\indices\uv_angstrom_dinamico.py
[2026-02-03 16:56:15,912] INFO: OK: Syntax OK: core\indices\uv_spectral_diamond.py
[2026-02-03 16:56:15,916] INFO: OK: Syntax OK: core\indices\vector_aproximacion_v26.py
[2026-02-03 16:56:15,916] INFO: OK: Syntax OK: core\integration\dashboard_endpoint.py
[2026-02-03 16:56:15,928] INFO: OK: Syntax OK: core\integration\ecowitt_receiver.py
[2026-02-03 16:56:15,930] INFO: OK: Syntax OK: core\integration\integration_manager.py
[2026-02-03 16:56:15,933] INFO: OK: Syntax OK: core\integration\temporal_sync_persistence.py
[2026-02-03 16:56:15,935] INFO: OK: Syntax OK: core\learning\feature_store.py
[2026-02-03 16:56:15,940] INFO: OK: Syntax OK: core\learning\learning_simulation.py
[2026-02-03 16:56:15,941] INFO: OK: Syntax OK: core\learning\model_governance.py
[2026-02-03 16:56:15,944] INFO: OK: Syntax OK: core\location\location_engine.py
[2026-02-03 16:56:15,946] INFO: OK: Syntax OK: core\logging\audit_trail.py
[2026-02-03 16:56:15,946] INFO: OK: Syntax OK: core\logging\log_engine.py
[2026-02-03 16:56:15,948] INFO: OK: Syntax OK: core\meteo\meteo_engine.py
[2026-02-03 16:56:15,949] INFO: OK: Syntax OK: core\meteo\meteo_model.py
[2026-02-03 16:56:15,950] INFO: OK: Syntax OK: core\meteo\meteo_utils.py
[2026-02-03 16:56:15,951] INFO: OK: Syntax OK: core\motors\alarmas_motor.py
[2026-02-03 16:56:15,952] INFO: OK: Syntax OK: core\motors\ambiental_motor.py
[2026-02-03 16:56:15,953] INFO: OK: Syntax OK: core\motors\automejora_motor.py
[2026-02-03 16:56:15,953] INFO: OK: Syntax OK: core\motors\calendario_motor.py
[2026-02-03 16:56:15,954] INFO: OK: Syntax OK: core\motors\comunicacion_motor.py
[2026-02-03 16:56:15,955] INFO: OK: Syntax OK: core\motors\confort_motor.py
[2026-02-03 16:56:15,956] INFO: OK: Syntax OK: core\motors\edificio_motor.py
[2026-02-03 16:56:15,956] INFO: OK: Syntax OK: core\motors\estado_api.py
[2026-02-03 16:56:15,956] INFO: OK: Syntax OK: core\motors\estado_api_extendido.py
[2026-02-03 16:56:15,957] INFO: OK: Syntax OK: core\motors\eventos_motor.py
[2026-02-03 16:56:15,957] INFO: OK: Syntax OK: core\motors\huellas_motor.py
[2026-02-03 16:56:15,958] INFO: OK: Syntax OK: core\motors\impresion_motor.py
[2026-02-03 16:56:15,958] INFO: OK: Syntax OK: core\motors\lista_compra_motor.py
[2026-02-03 16:56:15,959] INFO: OK: Syntax OK: core\motors\meteorologico_motor.py
[2026-02-03 16:56:15,960] INFO: OK: Syntax OK: core\motors\motors_api.py
[2026-02-03 16:56:15,961] INFO: OK: Syntax OK: core\motors\recomendaciones_motor.py
[2026-02-03 16:56:15,962] INFO: OK: Syntax OK: core\motors\submenu_motor.py
[2026-02-03 16:56:15,962] INFO: OK: Syntax OK: core\motors\tareas_motor.py
[2026-02-03 16:56:15,966] INFO: OK: Syntax OK: core\omnipotence\integration_bridge.py
[2026-02-03 16:56:15,968] INFO: OK: Syntax OK: core\omnipotence\omnipotence_simple.py
[2026-02-03 16:56:15,970] INFO: OK: Syntax OK: core\organizer\organizer_api.py
[2026-02-03 16:56:15,971] INFO: OK: Syntax OK: core\organizer\organizer_model.py
[2026-02-03 16:56:15,972] INFO: OK: Syntax OK: core\pas\pas_engine.py
[2026-02-03 16:56:15,976] INFO: OK: Syntax OK: core\persistence\influxdb_manager.py
[2026-02-03 16:56:15,979] INFO: OK: Syntax OK: core\persistence\timeseries_archiver.py
[2026-02-03 16:56:15,982] INFO: OK: Syntax OK: core\prediction\lstm_predictor.py
[2026-02-03 16:56:15,988] INFO: OK: Syntax OK: core\prediction\prediction_engine.py
[2026-02-03 16:56:15,990] INFO: OK: Syntax OK: core\recommendations\unified_recommendation_engine.py
[2026-02-03 16:56:15,992] INFO: OK: Syntax OK: core\security\policies.py
[2026-02-03 16:56:15,992] INFO: OK: Syntax OK: core\selfmod\self_mod_engine.py
[2026-02-03 16:56:15,995] INFO: OK: Syntax OK: core\sensors\pm_calibration.py
[2026-02-03 16:56:15,996] INFO: OK: Syntax OK: core\sensors\sensor_aliases.py
[2026-02-03 16:56:15,998] INFO: OK: Syntax OK: core\sensors\sensor_fusion.py
[2026-02-03 16:56:15,999] INFO: OK: Syntax OK: core\sensors\sensor_virtual_altura.py
[2026-02-03 16:56:16,001] INFO: OK: Syntax OK: core\system\acorazado_orchestrator.py
[2026-02-03 16:56:16,004] INFO: OK: Syntax OK: core\system\bus_auto_capture.py
[2026-02-03 16:56:16,048] ERROR: ERROR: Syntax error in core\system\bus_expander.py: unexpected indent (bus_expander.py, line 558)
[2026-02-03 16:56:16,107] INFO: OK: Syntax OK: core\system\bus_expander_V13_BACKUP_20260202_180608.py
[2026-02-03 16:56:16,110] INFO: OK: Syntax OK: core\system\bus_expander_V20_CERTIFICADO.py
[2026-02-03 16:56:16,111] INFO: OK: Syntax OK: core\system\observability_engine.py
[2026-02-03 16:56:16,113] INFO: OK: Syntax OK: core\system\startup_auditor.py
[2026-02-03 16:56:16,117] INFO: OK: Syntax OK: core\system\system_core.py
[2026-02-03 16:56:16,118] INFO: OK: Syntax OK: core\system\system_launcher.py
[2026-02-03 16:56:16,119] INFO: OK: Syntax OK: core\system\system_manager.py
[2026-02-03 16:56:16,119] INFO: OK: Syntax OK: core\ui\main_ui.py
[2026-02-03 16:56:16,123] INFO: OK: Syntax OK: core\validation\anomaly_detector.py
[2026-02-03 16:56:16,124] INFO: OK: Syntax OK: core\validation\fallback_isa.py
[2026-02-03 16:56:16,127] INFO: OK: Syntax OK: core\validation\outlier_detector.py
[2026-02-03 16:56:16,129] INFO: OK: Syntax OK: core\validation\sensor_validator_cascada.py
[2026-02-03 16:56:16,133] INFO: OK: Syntax OK: core\virtual\virtual_sensors.py
[2026-02-03 16:56:16,135] INFO: OK: Syntax OK: core\indices\cetreria\cetreria_indices.py
[2026-02-03 16:56:16,138] INFO: OK: Syntax OK: core\discovery\drivers\ble_driver.py
[2026-02-03 16:56:16,140] INFO: OK: Syntax OK: core\discovery\drivers\usb_driver.py
[2026-02-03 16:56:16,143] INFO: OK: Syntax OK: core\discovery\drivers\wifi_driver.py
[2026-02-03 16:56:16,144] INFO: OK: Syntax OK: core\api\routers\admin.py
[2026-02-03 16:56:16,145] INFO: OK: Syntax OK: core\api\routers\assistant.py
[2026-02-03 16:56:16,147] INFO: OK: Syntax OK: core\api\routers\config.py
[2026-02-03 16:56:16,148] INFO: OK: Syntax OK: core\api\routers\sensors.py
[2026-02-03 16:56:16,149] INFO: OK: Syntax OK: core\api\routers\systems.py
[2026-02-03 16:56:16,150] INFO: OK: Syntax OK: core\api\routers\voice.py
[2026-02-03 16:56:16,152] INFO: OK: Syntax OK: ai_controller.py
[2026-02-03 16:56:16,155] INFO: OK: Syntax OK: ai_endpoints.py
[2026-02-03 16:56:16,156] INFO: OK: Syntax OK: arrancar_meteoser.py
[2026-02-03 16:56:16,156] INFO: OK: Syntax OK: arrancar_servidor_test.py
[2026-02-03 16:56:16,158] INFO: OK: Syntax OK: AUDITORIA_BUS_FASE1.py
[2026-02-03 16:56:16,159] INFO: OK: Syntax OK: auditoria_codigo.py
[2026-02-03 16:56:16,162] INFO: OK: Syntax OK: AUDITORIA_PROMESAS_VS_CODIGO.py
[2026-02-03 16:56:16,215] INFO: OK: Syntax OK: backup_main_asgi_ojo.py
[2026-02-03 16:56:16,218] INFO: OK: Syntax OK: benchmark_v14_ciclo.py
[2026-02-03 16:56:16,220] INFO: OK: Syntax OK: bucholtz_rayleigh_v25.py
[2026-02-03 16:56:16,221] INFO: OK: Syntax OK: BUS_DATA_CONTRACT.py
[2026-02-03 16:56:16,222] INFO: OK: Syntax OK: calcular_sha256_manifiesto.py
[2026-02-03 16:56:16,223] INFO: OK: Syntax OK: config_manager.py
[2026-02-03 16:56:16,224] INFO: OK: Syntax OK: conftest.py
[2026-02-03 16:56:16,227] INFO: OK: Syntax OK: demo_big_data_inteligente.py
[2026-02-03 16:56:16,229] INFO: OK: Syntax OK: diagnostico_rendimiento.py
[2026-02-03 16:56:16,232] INFO: OK: Syntax OK: ejemplo_bus_v3_mejorado.py
[2026-02-03 16:56:16,236] INFO: OK: Syntax OK: ejemplo_integracion_completa.py
[2026-02-03 16:56:16,238] INFO: OK: Syntax OK: elite_motors_v25.py
[2026-02-03 16:56:16,242] INFO: OK: Syntax OK: evolution_engine.py
[2026-02-03 16:56:16,243] INFO: OK: Syntax OK: generador_sha256_final.py
[2026-02-03 16:56:16,244] ERROR: ERROR: Syntax error in ideas.py: invalid character '—' (U+2014) (ideas.py, line 1)
[2026-02-03 16:56:16,246] INFO: OK: Syntax OK: INDICE_DOCUMENTACION.py
[2026-02-03 16:56:16,247] INFO: OK: Syntax OK: INSTRUCCIONES_INTEGRACION_IA.py
[2026-02-03 16:56:16,248] INFO: OK: Syntax OK: integracion_elite_motors_v25.py
[2026-02-03 16:56:16,249] INFO: OK: Syntax OK: integration_manager.py
[2026-02-03 16:56:16,250] INFO: OK: Syntax OK: launcher.py
[2026-02-03 16:56:16,254] INFO: OK: Syntax OK: learning_engine.py
[2026-02-03 16:56:16,261] INFO: OK: Syntax OK: learning_simulation.py
[2026-02-03 16:56:16,262] INFO: OK: Syntax OK: main.py
[2026-02-03 16:56:16,329] INFO: OK: Syntax OK: main_asgi.py
[2026-02-03 16:56:16,331] ERROR: ERROR: Syntax error in meteoser.py: unexpected indent (meteoser.py, line 25)
[2026-02-03 16:56:16,333] ERROR: ERROR: Syntax error in meteoser_ia_integration.py: from __future__ imports must occur at the beginning of the file (meteoser_ia_integration.py, line 2)
[2026-02-03 16:56:16,334] INFO: OK: Syntax OK: monitor_main_asgi.py
[2026-02-03 16:56:16,335] INFO: OK: Syntax OK: probar_envio_ecowitt.py
[2026-02-03 16:56:16,338] INFO: OK: Syntax OK: protocolo_certificacion_arranque_v26.py
[2026-02-03 16:56:16,339] INFO: OK: Syntax OK: RELLENO_ENDPOINTS_REALES.py
[2026-02-03 16:56:16,339] INFO: OK: Syntax OK: RESUMEN_LIMPIEZA_SIN_CHAPUZAS.py
[2026-02-03 16:56:16,343] INFO: OK: Syntax OK: self_mod_engine.py
[2026-02-03 16:56:16,347] INFO: OK: Syntax OK: simulation_engine.py
[2026-02-03 16:56:16,351] INFO: OK: Syntax OK: test_auto_discovery.py
[2026-02-03 16:56:16,354] INFO: OK: Syntax OK: test_biblia_v25_completa.py
[2026-02-03 16:56:16,354] INFO: OK: Syntax OK: test_boot.py
[2026-02-03 16:56:16,358] INFO: OK: Syntax OK: test_bus_capas_informacion.py
[2026-02-03 16:56:16,360] INFO: OK: Syntax OK: test_certificacion_v26.py
[2026-02-03 16:56:16,362] INFO: OK: Syntax OK: test_ignicion_fisica_2026.py
[2026-02-03 16:56:16,365] INFO: OK: Syntax OK: test_mejoras_tier_1_3.py
[2026-02-03 16:56:16,367] INFO: OK: Syntax OK: test_presion_quick.py
[2026-02-03 16:56:16,370] INFO: OK: Syntax OK: test_resiliencia_universal.py
[2026-02-03 16:56:16,370] INFO: OK: Syntax OK: test_sha256_simple.py
[2026-02-03 16:56:16,373] INFO: OK: Syntax OK: test_sintonizacion_2026.py
[2026-02-03 16:56:16,377] INFO: OK: Syntax OK: test_statistical_brain.py
[2026-02-03 16:56:16,379] INFO: OK: Syntax OK: test_visibilidad_factor_z.py
[2026-02-03 16:56:16,381] INFO: OK: Syntax OK: UNIFICACION_PLAN_MAESTRO.py
[2026-02-03 16:56:16,385] INFO: OK: Syntax OK: VALIDACION_ACCIONES_CRITICAS_2FEB2026.py
[2026-02-03 16:56:16,387] INFO: OK: Syntax OK: vector_aproximacion_v26.py
[2026-02-03 16:56:16,390] INFO: OK: Syntax OK: verificar_sistema.py
[2026-02-03 16:56:16,391] INFO: OK: Syntax OK: ver_estado_meteoser.py
[2026-02-03 16:56:16,394] INFO: OK: Syntax OK: virtual_sensors.py
[2026-02-03 16:56:16,421] INFO: ✓ Critical directory present: core/validation
[2026-02-03 16:56:16,421] INFO: ✓ Critical directory present: core/bus
[2026-02-03 16:56:16,422] INFO: ✓ Critical directory present: core/indices
[2026-02-03 16:56:16,422] INFO: ✓ Critical directory present: config
[2026-02-03 16:56:16,422] ERROR: ✗ Some CI tests failed
[2026-02-03 16:57:41,526] INFO: Running basic CI tests...
[2026-02-03 16:57:41,526] INFO: ✓ Critical file present: core/system/bus_expander.py
[2026-02-03 16:57:41,526] INFO: ✓ Critical file present: core/validation/anomaly_detector.py
[2026-02-03 16:57:41,526] INFO: ✓ Critical file present: meteoser_configuracion.txt
[2026-02-03 16:57:41,526] INFO: ✓ Critical file present: core/bus/__init__.py
[2026-02-03 16:57:41,527] INFO: ✓ Critical file present: core/bus/bus_capas_informacion.py
[2026-02-03 16:57:41,527] INFO: ✓ Critical file present: main.py
[2026-02-03 16:57:41,527] INFO: ✓ Critical file present: main_asgi.py
[2026-02-03 16:57:41,527] INFO: Checking Python syntax...
[2026-02-03 16:57:41,542] INFO: OK: Syntax OK: core\arcos_solares.py
[2026-02-03 16:57:41,544] INFO: OK: Syntax OK: core\auditoria_manager.py
[2026-02-03 16:57:41,544] INFO: OK: Syntax OK: core\correccion_geofisica_v26.py
[2026-02-03 16:57:41,546] INFO: OK: Syntax OK: core\data_model.py
[2026-02-03 16:57:41,546] INFO: OK: Syntax OK: core\devops_tools.py
[2026-02-03 16:57:41,548] INFO: OK: Syntax OK: core\feedback_manager.py
[2026-02-03 16:57:41,549] INFO: OK: Syntax OK: core\fiabilidad_manager.py
[2026-02-03 16:57:41,550] INFO: OK: Syntax OK: core\ideas_master.py
[2026-02-03 16:57:41,552] INFO: OK: Syntax OK: core\ideas_master_blocks.py
[2026-02-03 16:57:41,553] INFO: OK: Syntax OK: core\logger.py
[2026-02-03 16:57:41,555] INFO: OK: Syntax OK: core\meteo_interface.py
[2026-02-03 16:57:41,556] INFO: OK: Syntax OK: core\recomendaciones_motor.py
[2026-02-03 16:57:41,557] INFO: OK: Syntax OK: core\system_launcher.py
[2026-02-03 16:57:41,557] INFO: OK: Syntax OK: core\system_manager.py
[2026-02-03 16:57:41,558] INFO: OK: Syntax OK: core\utils.py
[2026-02-03 16:57:41,561] INFO: OK: Syntax OK: core\ai\autoheal.py
[2026-02-03 16:57:41,567] INFO: OK: Syntax OK: core\ai\codegen.py
[2026-02-03 16:57:41,574] INFO: OK: Syntax OK: core\ai\contracts.py
[2026-02-03 16:57:41,581] INFO: OK: Syntax OK: core\ai\dialog.py
[2026-02-03 16:57:41,585] INFO: OK: Syntax OK: core\ai\explainer.py
[2026-02-03 16:57:41,590] INFO: OK: Syntax OK: core\ai\knowledge.py
[2026-02-03 16:57:41,594] INFO: OK: Syntax OK: core\ai\orchestrator.py
[2026-02-03 16:57:41,598] INFO: OK: Syntax OK: core\ai\updater.py
[2026-02-03 16:57:41,599] INFO: OK: Syntax OK: core\api\api_engine.py
[2026-02-03 16:57:41,599] INFO: OK: Syntax OK: core\api\api_rest.py
[2026-02-03 16:57:41,602] INFO: OK: Syntax OK: core\api\api_vector_aproximacion_v26.py
[2026-02-03 16:57:41,603] INFO: OK: Syntax OK: core\api\services.py
[2026-02-03 16:57:41,604] INFO: OK: Syntax OK: core\architecture\open_architecture.py
[2026-02-03 16:57:41,606] INFO: OK: Syntax OK: core\atmosphere\isa_calculator.py
[2026-02-03 16:57:41,608] INFO: OK: Syntax OK: core\auto\autocure_engine.py
[2026-02-03 16:57:41,609] INFO: OK: Syntax OK: core\auto\auto_expansion_engine.py
[2026-02-03 16:57:41,610] INFO: OK: Syntax OK: core\auto\auto_improvement_engine.py
[2026-02-03 16:57:41,612] INFO: OK: Syntax OK: core\auto\auto_repair_engine.py
[2026-02-03 16:57:41,618] INFO: OK: Syntax OK: core\auto\auto_sensor_discovery.py
[2026-02-03 16:57:41,621] INFO: OK: Syntax OK: core\bus\bus_async_writer.py
[2026-02-03 16:57:41,626] INFO: OK: Syntax OK: core\bus\bus_capas_informacion.py
[2026-02-03 16:57:41,629] INFO: OK: Syntax OK: core\bus\bus_indexer.py
[2026-02-03 16:57:41,632] INFO: OK: Syntax OK: core\bus\bus_snapshot.py
[2026-02-03 16:57:41,633] INFO: OK: Syntax OK: core\bus\bus_v3_adapter.py
[2026-02-03 16:57:41,636] INFO: OK: Syntax OK: core\bus\dato_historico.py
[2026-02-03 16:57:41,637] INFO: OK: Syntax OK: core\bus\metadata_middleware.py
[2026-02-03 16:57:41,641] INFO: OK: Syntax OK: core\bus\monitor_bus.py
[2026-02-03 16:57:41,657] INFO: OK: Syntax OK: core\calibration\auto_calibrator.py
[2026-02-03 16:57:41,661] INFO: OK: Syntax OK: core\calibration\bias_detector.py
[2026-02-03 16:57:41,664] INFO: OK: Syntax OK: core\calibration\calibration_engine.py
[2026-02-03 16:57:41,668] INFO: OK: Syntax OK: core\calibration\regression_calibrator.py
[2026-02-03 16:57:41,670] INFO: OK: Syntax OK: core\config\config_loader.py
[2026-02-03 16:57:41,671] INFO: OK: Syntax OK: core\config\config_manager.py
[2026-02-03 16:57:41,674] INFO: OK: Syntax OK: core\context\contexto_maestro_global.py
[2026-02-03 16:57:41,675] INFO: OK: Syntax OK: core\context\context_engine.py
[2026-02-03 16:57:41,678] INFO: OK: Syntax OK: core\context\fallback_universal.py
[2026-02-03 16:57:41,680] INFO: OK: Syntax OK: core\discovery\ble_scanner.py
[2026-02-03 16:57:41,682] INFO: OK: Syntax OK: core\discovery\driver_installer.py
[2026-02-03 16:57:41,685] INFO: OK: Syntax OK: core\discovery\mdns_scanner.py
[2026-02-03 16:57:41,687] INFO: OK: Syntax OK: core\discovery\omnipotence_manager.py
[2026-02-03 16:57:41,690] INFO: OK: Syntax OK: core\discovery\sensor_assimilator.py
[2026-02-03 16:57:41,693] INFO: OK: Syntax OK: core\discovery\universal_orchestrator.py
[2026-02-03 16:57:41,696] INFO: OK: Syntax OK: core\discovery\universal_scanner.py
[2026-02-03 16:57:41,699] INFO: OK: Syntax OK: core\discovery\usb_scanner.py
[2026-02-03 16:57:41,702] INFO: OK: Syntax OK: core\engines\autoimprovement_engine.py
[2026-02-03 16:57:41,705] INFO: OK: Syntax OK: core\engines\auto_improvement_engine.py
[2026-02-03 16:57:41,708] INFO: OK: Syntax OK: core\engines\brain_persistence.py
[2026-02-03 16:57:41,712] INFO: OK: Syntax OK: core\engines\communication_engine.py
[2026-02-03 16:57:41,735] INFO: OK: Syntax OK: core\engines\environmental_engines.py
[2026-02-03 16:57:41,738] INFO: OK: Syntax OK: core\engines\habits_engine.py
[2026-02-03 16:57:41,741] INFO: OK: Syntax OK: core\engines\indoor_air_cross_validator.py
[2026-02-03 16:57:41,744] INFO: OK: Syntax OK: core\engines\sensor_engine.py
[2026-02-03 16:57:41,752] INFO: OK: Syntax OK: core\engines\statistical_brain.py
[2026-02-03 16:57:41,752] INFO: OK: Syntax OK: core\evolution\evolution_engine.py
[2026-02-03 16:57:41,753] INFO: OK: Syntax OK: core\ia\assistant.py
[2026-02-03 16:57:41,755] INFO: OK: Syntax OK: core\ia\suggest_engine.py
[2026-02-03 16:57:41,757] INFO: OK: Syntax OK: core\indices\advanced_field_indices.py
[2026-02-03 16:57:41,762] INFO: OK: Syntax OK: core\indices\advanced_physics_models.py
[2026-02-03 16:57:41,769] INFO: OK: Syntax OK: core\indices\advanced_predictive_indices.py
[2026-02-03 16:57:41,772] INFO: OK: Syntax OK: core\indices\ashrae55_adaptive_vtt.py
[2026-02-03 16:57:41,775] INFO: OK: Syntax OK: core\indices\astronomia_recursiva.py
[2026-02-03 16:57:41,777] INFO: OK: Syntax OK: core\indices\atmospheric_profiler.py
[2026-02-03 16:57:41,778] INFO: OK: Syntax OK: core\indices\bucholtz_rayleigh_v25.py
[2026-02-03 16:57:41,782] INFO: OK: Syntax OK: core\indices\bus_estado_global.py
[2026-02-03 16:57:41,787] INFO: OK: Syntax OK: core\indices\elite_motors_v25.py
[2026-02-03 16:57:41,788] INFO: OK: Syntax OK: core\indices\elite_physics.py
[2026-02-03 16:57:41,958] INFO: OK: Syntax OK: core\indices\environmental_indices.py
[2026-02-03 16:57:41,959] INFO: OK: Syntax OK: core\indices\external_earthquake_validation.py
[2026-02-03 16:57:41,960] INFO: OK: Syntax OK: core\indices\external_lightning_validation.py
[2026-02-03 16:57:41,962] INFO: OK: Syntax OK: core\indices\fanger_pmv_ppd.py
[2026-02-03 16:57:41,963] INFO: OK: Syntax OK: core\indices\gab_sorption.py
[2026-02-03 16:57:41,965] INFO: OK: Syntax OK: core\indices\index_catalog.py
[2026-02-03 16:57:41,966] INFO: OK: Syntax OK: core\indices\index_registry.py
[2026-02-03 16:57:41,967] INFO: OK: Syntax OK: core\indices\index_selection.py
[2026-02-03 16:57:41,969] INFO: OK: Syntax OK: core\indices\integracion_elite_motors_v25.py
[2026-02-03 16:57:41,971] INFO: OK: Syntax OK: core\indices\liljegren_wbgt.py
[2026-02-03 16:57:41,975] INFO: OK: Syntax OK: core\indices\physical_consistency.py
[2026-02-03 16:57:41,979] INFO: OK: Syntax OK: core\indices\physics_engine_2026.py
[2026-02-03 16:57:41,982] INFO: OK: Syntax OK: core\indices\physics_engine_cached.py
[2026-02-03 16:57:41,985] INFO: OK: Syntax OK: core\indices\physics_numba.py
[2026-02-03 16:57:41,986] INFO: OK: Syntax OK: core\indices\rayleigh_miller_dispersion.py
[2026-02-03 16:57:41,988] INFO: OK: Syntax OK: core\indices\serializador_estado_atomico.py
[2026-02-03 16:57:41,991] INFO: OK: Syntax OK: core\indices\testigo_fallo.py
[2026-02-03 16:57:41,994] INFO: OK: Syntax OK: core\indices\utci_polynomial.py
[2026-02-03 16:57:41,997] INFO: OK: Syntax OK: core\indices\uv_angstrom_dinamico.py
[2026-02-03 16:57:42,002] INFO: OK: Syntax OK: core\indices\uv_spectral_diamond.py
[2026-02-03 16:57:42,006] INFO: OK: Syntax OK: core\indices\vector_aproximacion_v26.py
[2026-02-03 16:57:42,007] INFO: OK: Syntax OK: core\integration\dashboard_endpoint.py
[2026-02-03 16:57:42,021] INFO: OK: Syntax OK: core\integration\ecowitt_receiver.py
[2026-02-03 16:57:42,022] INFO: OK: Syntax OK: core\integration\integration_manager.py
[2026-02-03 16:57:42,024] INFO: OK: Syntax OK: core\integration\temporal_sync_persistence.py
[2026-02-03 16:57:42,026] INFO: OK: Syntax OK: core\learning\feature_store.py
[2026-02-03 16:57:42,030] INFO: OK: Syntax OK: core\learning\learning_simulation.py
[2026-02-03 16:57:42,032] INFO: OK: Syntax OK: core\learning\model_governance.py
[2026-02-03 16:57:42,034] INFO: OK: Syntax OK: core\location\location_engine.py
[2026-02-03 16:57:42,036] INFO: OK: Syntax OK: core\logging\audit_trail.py
[2026-02-03 16:57:42,037] INFO: OK: Syntax OK: core\logging\log_engine.py
[2026-02-03 16:57:42,039] INFO: OK: Syntax OK: core\meteo\meteo_engine.py
[2026-02-03 16:57:42,040] INFO: OK: Syntax OK: core\meteo\meteo_model.py
[2026-02-03 16:57:42,041] INFO: OK: Syntax OK: core\meteo\meteo_utils.py
[2026-02-03 16:57:42,041] INFO: OK: Syntax OK: core\motors\alarmas_motor.py
[2026-02-03 16:57:42,043] INFO: OK: Syntax OK: core\motors\ambiental_motor.py
[2026-02-03 16:57:42,043] INFO: OK: Syntax OK: core\motors\automejora_motor.py
[2026-02-03 16:57:42,044] INFO: OK: Syntax OK: core\motors\calendario_motor.py
[2026-02-03 16:57:42,044] INFO: OK: Syntax OK: core\motors\comunicacion_motor.py
[2026-02-03 16:57:42,045] INFO: OK: Syntax OK: core\motors\confort_motor.py
[2026-02-03 16:57:42,046] INFO: OK: Syntax OK: core\motors\edificio_motor.py
[2026-02-03 16:57:42,046] INFO: OK: Syntax OK: core\motors\estado_api.py
[2026-02-03 16:57:42,047] INFO: OK: Syntax OK: core\motors\estado_api_extendido.py
[2026-02-03 16:57:42,047] INFO: OK: Syntax OK: core\motors\eventos_motor.py
[2026-02-03 16:57:42,048] INFO: OK: Syntax OK: core\motors\huellas_motor.py
[2026-02-03 16:57:42,048] INFO: OK: Syntax OK: core\motors\impresion_motor.py
[2026-02-03 16:57:42,049] INFO: OK: Syntax OK: core\motors\lista_compra_motor.py
[2026-02-03 16:57:42,049] INFO: OK: Syntax OK: core\motors\meteorologico_motor.py
[2026-02-03 16:57:42,051] INFO: OK: Syntax OK: core\motors\motors_api.py
[2026-02-03 16:57:42,051] INFO: OK: Syntax OK: core\motors\recomendaciones_motor.py
[2026-02-03 16:57:42,052] INFO: OK: Syntax OK: core\motors\submenu_motor.py
[2026-02-03 16:57:42,053] INFO: OK: Syntax OK: core\motors\tareas_motor.py
[2026-02-03 16:57:42,056] INFO: OK: Syntax OK: core\omnipotence\integration_bridge.py
[2026-02-03 16:57:42,058] INFO: OK: Syntax OK: core\omnipotence\omnipotence_simple.py
[2026-02-03 16:57:42,059] INFO: OK: Syntax OK: core\organizer\organizer_api.py
[2026-02-03 16:57:42,061] INFO: OK: Syntax OK: core\organizer\organizer_model.py
[2026-02-03 16:57:42,063] INFO: OK: Syntax OK: core\pas\pas_engine.py
[2026-02-03 16:57:42,066] INFO: OK: Syntax OK: core\persistence\influxdb_manager.py
[2026-02-03 16:57:42,070] INFO: OK: Syntax OK: core\persistence\timeseries_archiver.py
[2026-02-03 16:57:42,073] INFO: OK: Syntax OK: core\prediction\lstm_predictor.py
[2026-02-03 16:57:42,079] INFO: OK: Syntax OK: core\prediction\prediction_engine.py
[2026-02-03 16:57:42,082] INFO: OK: Syntax OK: core\recommendations\unified_recommendation_engine.py
[2026-02-03 16:57:42,084] INFO: OK: Syntax OK: core\security\policies.py
[2026-02-03 16:57:42,084] INFO: OK: Syntax OK: core\selfmod\self_mod_engine.py
[2026-02-03 16:57:42,087] INFO: OK: Syntax OK: core\sensors\pm_calibration.py
[2026-02-03 16:57:42,089] INFO: OK: Syntax OK: core\sensors\sensor_aliases.py
[2026-02-03 16:57:42,091] INFO: OK: Syntax OK: core\sensors\sensor_fusion.py
[2026-02-03 16:57:42,092] INFO: OK: Syntax OK: core\sensors\sensor_virtual_altura.py
[2026-02-03 16:57:42,094] INFO: OK: Syntax OK: core\system\acorazado_orchestrator.py
[2026-02-03 16:57:42,096] INFO: OK: Syntax OK: core\system\bus_auto_capture.py
[2026-02-03 16:57:42,158] ERROR: ERROR: Syntax error in core\system\bus_expander.py: unexpected indent (bus_expander.py, line 565)
[2026-02-03 16:57:42,216] INFO: OK: Syntax OK: core\system\bus_expander_V13_BACKUP_20260202_180608.py
[2026-02-03 16:57:42,219] INFO: OK: Syntax OK: core\system\bus_expander_V20_CERTIFICADO.py
[2026-02-03 16:57:42,222] INFO: OK: Syntax OK: core\system\observability_engine.py
[2026-02-03 16:57:42,225] INFO: OK: Syntax OK: core\system\startup_auditor.py
[2026-02-03 16:57:42,228] INFO: OK: Syntax OK: core\system\system_core.py
[2026-02-03 16:57:42,229] INFO: OK: Syntax OK: core\system\system_launcher.py
[2026-02-03 16:57:42,230] INFO: OK: Syntax OK: core\system\system_manager.py
[2026-02-03 16:57:42,230] INFO: OK: Syntax OK: core\ui\main_ui.py
[2026-02-03 16:57:42,234] INFO: OK: Syntax OK: core\validation\anomaly_detector.py
[2026-02-03 16:57:42,235] INFO: OK: Syntax OK: core\validation\fallback_isa.py
[2026-02-03 16:57:42,239] INFO: OK: Syntax OK: core\validation\outlier_detector.py
[2026-02-03 16:57:42,242] INFO: OK: Syntax OK: core\validation\sensor_validator_cascada.py
[2026-02-03 16:57:42,245] INFO: OK: Syntax OK: core\virtual\virtual_sensors.py
[2026-02-03 16:57:42,247] INFO: OK: Syntax OK: core\indices\cetreria\cetreria_indices.py
[2026-02-03 16:57:42,249] INFO: OK: Syntax OK: core\discovery\drivers\ble_driver.py
[2026-02-03 16:57:42,252] INFO: OK: Syntax OK: core\discovery\drivers\usb_driver.py
[2026-02-03 16:57:42,256] INFO: OK: Syntax OK: core\discovery\drivers\wifi_driver.py
[2026-02-03 16:57:42,257] INFO: OK: Syntax OK: core\api\routers\admin.py
[2026-02-03 16:57:42,258] INFO: OK: Syntax OK: core\api\routers\assistant.py
[2026-02-03 16:57:42,259] INFO: OK: Syntax OK: core\api\routers\config.py
[2026-02-03 16:57:42,260] INFO: OK: Syntax OK: core\api\routers\sensors.py
[2026-02-03 16:57:42,261] INFO: OK: Syntax OK: core\api\routers\systems.py
[2026-02-03 16:57:42,261] INFO: OK: Syntax OK: core\api\routers\voice.py
[2026-02-03 16:57:42,264] INFO: OK: Syntax OK: ai_controller.py
[2026-02-03 16:57:42,267] INFO: OK: Syntax OK: ai_endpoints.py
[2026-02-03 16:57:42,269] INFO: OK: Syntax OK: arrancar_meteoser.py
[2026-02-03 16:57:42,298] INFO: OK: Syntax OK: arrancar_servidor_test.py
[2026-02-03 16:57:42,301] INFO: OK: Syntax OK: AUDITORIA_BUS_FASE1.py
[2026-02-03 16:57:42,303] INFO: OK: Syntax OK: auditoria_codigo.py
[2026-02-03 16:57:42,306] INFO: OK: Syntax OK: AUDITORIA_PROMESAS_VS_CODIGO.py
[2026-02-03 16:57:42,361] INFO: OK: Syntax OK: backup_main_asgi_ojo.py
[2026-02-03 16:57:42,365] INFO: OK: Syntax OK: benchmark_v14_ciclo.py
[2026-02-03 16:57:42,367] INFO: OK: Syntax OK: bucholtz_rayleigh_v25.py
[2026-02-03 16:57:42,369] INFO: OK: Syntax OK: BUS_DATA_CONTRACT.py
[2026-02-03 16:57:42,370] INFO: OK: Syntax OK: calcular_sha256_manifiesto.py
[2026-02-03 16:57:42,371] INFO: OK: Syntax OK: config_manager.py
[2026-02-03 16:57:42,373] INFO: OK: Syntax OK: conftest.py
[2026-02-03 16:57:42,376] INFO: OK: Syntax OK: demo_big_data_inteligente.py
[2026-02-03 16:57:42,379] INFO: OK: Syntax OK: diagnostico_rendimiento.py
[2026-02-03 16:57:42,382] INFO: OK: Syntax OK: ejemplo_bus_v3_mejorado.py
[2026-02-03 16:57:42,386] INFO: OK: Syntax OK: ejemplo_integracion_completa.py
[2026-02-03 16:57:42,389] INFO: OK: Syntax OK: elite_motors_v25.py
[2026-02-03 16:57:42,393] INFO: OK: Syntax OK: evolution_engine.py
[2026-02-03 16:57:42,394] INFO: OK: Syntax OK: generador_sha256_final.py
[2026-02-03 16:57:42,407] ERROR: ERROR: Syntax error in ideas.py: invalid character '‑' (U+2011) (ideas.py, line 20)
[2026-02-03 16:57:42,408] INFO: OK: Syntax OK: INDICE_DOCUMENTACION.py
[2026-02-03 16:57:42,409] INFO: OK: Syntax OK: INSTRUCCIONES_INTEGRACION_IA.py
[2026-02-03 16:57:42,410] INFO: OK: Syntax OK: integracion_elite_motors_v25.py
[2026-02-03 16:57:42,411] INFO: OK: Syntax OK: integration_manager.py
[2026-02-03 16:57:42,412] INFO: OK: Syntax OK: launcher.py
[2026-02-03 16:57:42,416] INFO: OK: Syntax OK: learning_engine.py
[2026-02-03 16:57:42,421] INFO: OK: Syntax OK: learning_simulation.py
[2026-02-03 16:57:42,422] INFO: OK: Syntax OK: main.py
[2026-02-03 16:57:42,483] INFO: OK: Syntax OK: main_asgi.py
[2026-02-03 16:57:42,494] INFO: OK: Syntax OK: meteoser.py
[2026-02-03 16:57:42,503] INFO: OK: Syntax OK: meteoser_ia_integration.py
[2026-02-03 16:57:42,504] INFO: OK: Syntax OK: monitor_main_asgi.py
[2026-02-03 16:57:42,505] INFO: OK: Syntax OK: probar_envio_ecowitt.py
[2026-02-03 16:57:42,508] INFO: OK: Syntax OK: protocolo_certificacion_arranque_v26.py
[2026-02-03 16:57:42,509] INFO: OK: Syntax OK: RELLENO_ENDPOINTS_REALES.py
[2026-02-03 16:57:42,510] INFO: OK: Syntax OK: RESUMEN_LIMPIEZA_SIN_CHAPUZAS.py
[2026-02-03 16:57:42,514] INFO: OK: Syntax OK: self_mod_engine.py
[2026-02-03 16:57:42,517] INFO: OK: Syntax OK: simulation_engine.py
[2026-02-03 16:57:42,521] INFO: OK: Syntax OK: test_auto_discovery.py
[2026-02-03 16:57:42,526] INFO: OK: Syntax OK: test_biblia_v25_completa.py
[2026-02-03 16:57:42,526] INFO: OK: Syntax OK: test_boot.py
[2026-02-03 16:57:42,530] INFO: OK: Syntax OK: test_bus_capas_informacion.py
[2026-02-03 16:57:42,532] INFO: OK: Syntax OK: test_certificacion_v26.py
[2026-02-03 16:57:42,534] INFO: OK: Syntax OK: test_ignicion_fisica_2026.py
[2026-02-03 16:57:42,536] INFO: OK: Syntax OK: test_mejoras_tier_1_3.py
[2026-02-03 16:57:42,538] INFO: OK: Syntax OK: test_presion_quick.py
[2026-02-03 16:57:42,540] INFO: OK: Syntax OK: test_resiliencia_universal.py
[2026-02-03 16:57:42,541] INFO: OK: Syntax OK: test_sha256_simple.py
[2026-02-03 16:57:42,544] INFO: OK: Syntax OK: test_sintonizacion_2026.py
[2026-02-03 16:57:42,548] INFO: OK: Syntax OK: test_statistical_brain.py
[2026-02-03 16:57:42,548] INFO: OK: Syntax OK: test_visibilidad_factor_z.py
[2026-02-03 16:57:42,551] INFO: OK: Syntax OK: UNIFICACION_PLAN_MAESTRO.py
[2026-02-03 16:57:42,555] INFO: OK: Syntax OK: VALIDACION_ACCIONES_CRITICAS_2FEB2026.py
[2026-02-03 16:57:42,556] INFO: OK: Syntax OK: vector_aproximacion_v26.py
[2026-02-03 16:57:42,559] INFO: OK: Syntax OK: verificar_sistema.py
[2026-02-03 16:57:42,560] INFO: OK: Syntax OK: ver_estado_meteoser.py
[2026-02-03 16:57:42,563] INFO: OK: Syntax OK: virtual_sensors.py
[2026-02-03 16:57:42,563] INFO: ✓ Critical directory present: core/validation
[2026-02-03 16:57:42,563] INFO: ✓ Critical directory present: core/bus
[2026-02-03 16:57:42,563] INFO: ✓ Critical directory present: core/indices
[2026-02-03 16:57:42,563] INFO: ✓ Critical directory present: config
[2026-02-03 16:57:42,563] ERROR: ✗ Some CI tests failed
[2026-02-03 16:57:49,362] INFO: Running basic CI tests...
[2026-02-03 16:57:49,362] INFO: ✓ Critical file present: core/system/bus_expander.py
[2026-02-03 16:57:49,363] INFO: ✓ Critical file present: core/validation/anomaly_detector.py
[2026-02-03 16:57:49,363] INFO: ✓ Critical file present: meteoser_configuracion.txt
[2026-02-03 16:57:49,363] INFO: ✓ Critical file present: core/bus/__init__.py
[2026-02-03 16:57:49,363] INFO: ✓ Critical file present: core/bus/bus_capas_informacion.py
[2026-02-03 16:57:49,363] INFO: ✓ Critical file present: main.py
[2026-02-03 16:57:49,363] INFO: ✓ Critical file present: main_asgi.py
[2026-02-03 16:57:49,363] INFO: Checking Python syntax...
[2026-02-03 16:57:49,378] INFO: OK: Syntax OK: core\arcos_solares.py
[2026-02-03 16:57:49,380] INFO: OK: Syntax OK: core\auditoria_manager.py
[2026-02-03 16:57:49,381] INFO: OK: Syntax OK: core\correccion_geofisica_v26.py
[2026-02-03 16:57:49,382] INFO: OK: Syntax OK: core\data_model.py
[2026-02-03 16:57:49,382] INFO: OK: Syntax OK: core\devops_tools.py
[2026-02-03 16:57:49,384] INFO: OK: Syntax OK: core\feedback_manager.py
[2026-02-03 16:57:49,386] INFO: OK: Syntax OK: core\fiabilidad_manager.py
[2026-02-03 16:57:49,387] INFO: OK: Syntax OK: core\ideas_master.py
[2026-02-03 16:57:49,389] INFO: OK: Syntax OK: core\ideas_master_blocks.py
[2026-02-03 16:57:49,390] INFO: OK: Syntax OK: core\logger.py
[2026-02-03 16:57:49,391] INFO: OK: Syntax OK: core\meteo_interface.py
[2026-02-03 16:57:49,393] INFO: OK: Syntax OK: core\recomendaciones_motor.py
[2026-02-03 16:57:49,393] INFO: OK: Syntax OK: core\system_launcher.py
[2026-02-03 16:57:49,394] INFO: OK: Syntax OK: core\system_manager.py
[2026-02-03 16:57:49,394] INFO: OK: Syntax OK: core\utils.py
[2026-02-03 16:57:49,398] INFO: OK: Syntax OK: core\ai\autoheal.py
[2026-02-03 16:57:49,404] INFO: OK: Syntax OK: core\ai\codegen.py
[2026-02-03 16:57:49,409] INFO: OK: Syntax OK: core\ai\contracts.py
[2026-02-03 16:57:49,413] INFO: OK: Syntax OK: core\ai\dialog.py
[2026-02-03 16:57:49,417] INFO: OK: Syntax OK: core\ai\explainer.py
[2026-02-03 16:57:49,422] INFO: OK: Syntax OK: core\ai\knowledge.py
[2026-02-03 16:57:49,426] INFO: OK: Syntax OK: core\ai\orchestrator.py
[2026-02-03 16:57:49,430] INFO: OK: Syntax OK: core\ai\updater.py
[2026-02-03 16:57:49,431] INFO: OK: Syntax OK: core\api\api_engine.py
[2026-02-03 16:57:49,432] INFO: OK: Syntax OK: core\api\api_rest.py
[2026-02-03 16:57:49,435] INFO: OK: Syntax OK: core\api\api_vector_aproximacion_v26.py
[2026-02-03 16:57:49,436] INFO: OK: Syntax OK: core\api\services.py
[2026-02-03 16:57:49,437] INFO: OK: Syntax OK: core\architecture\open_architecture.py
[2026-02-03 16:57:49,438] INFO: OK: Syntax OK: core\atmosphere\isa_calculator.py
[2026-02-03 16:57:49,440] INFO: OK: Syntax OK: core\auto\autocure_engine.py
[2026-02-03 16:57:49,441] INFO: OK: Syntax OK: core\auto\auto_expansion_engine.py
[2026-02-03 16:57:49,442] INFO: OK: Syntax OK: core\auto\auto_improvement_engine.py
[2026-02-03 16:57:49,444] INFO: OK: Syntax OK: core\auto\auto_repair_engine.py
[2026-02-03 16:57:49,450] INFO: OK: Syntax OK: core\auto\auto_sensor_discovery.py
[2026-02-03 16:57:49,454] INFO: OK: Syntax OK: core\bus\bus_async_writer.py
[2026-02-03 16:57:49,458] INFO: OK: Syntax OK: core\bus\bus_capas_informacion.py
[2026-02-03 16:57:49,461] INFO: OK: Syntax OK: core\bus\bus_indexer.py
[2026-02-03 16:57:49,464] INFO: OK: Syntax OK: core\bus\bus_snapshot.py
[2026-02-03 16:57:49,465] INFO: OK: Syntax OK: core\bus\bus_v3_adapter.py
[2026-02-03 16:57:49,468] INFO: OK: Syntax OK: core\bus\dato_historico.py
[2026-02-03 16:57:49,468] INFO: OK: Syntax OK: core\bus\metadata_middleware.py
[2026-02-03 16:57:49,471] INFO: OK: Syntax OK: core\bus\monitor_bus.py
[2026-02-03 16:57:49,478] INFO: OK: Syntax OK: core\calibration\auto_calibrator.py
[2026-02-03 16:57:49,481] INFO: OK: Syntax OK: core\calibration\bias_detector.py
[2026-02-03 16:57:49,483] INFO: OK: Syntax OK: core\calibration\calibration_engine.py
[2026-02-03 16:57:49,487] INFO: OK: Syntax OK: core\calibration\regression_calibrator.py
[2026-02-03 16:57:49,490] INFO: OK: Syntax OK: core\config\config_loader.py
[2026-02-03 16:57:49,490] INFO: OK: Syntax OK: core\config\config_manager.py
[2026-02-03 16:57:49,492] INFO: OK: Syntax OK: core\context\contexto_maestro_global.py
[2026-02-03 16:57:49,493] INFO: OK: Syntax OK: core\context\context_engine.py
[2026-02-03 16:57:49,495] INFO: OK: Syntax OK: core\context\fallback_universal.py
[2026-02-03 16:57:49,497] INFO: OK: Syntax OK: core\discovery\ble_scanner.py
[2026-02-03 16:57:49,499] INFO: OK: Syntax OK: core\discovery\driver_installer.py
[2026-02-03 16:57:49,502] INFO: OK: Syntax OK: core\discovery\mdns_scanner.py
[2026-02-03 16:57:49,504] INFO: OK: Syntax OK: core\discovery\omnipotence_manager.py
[2026-02-03 16:57:49,507] INFO: OK: Syntax OK: core\discovery\sensor_assimilator.py
[2026-02-03 16:57:49,511] INFO: OK: Syntax OK: core\discovery\universal_orchestrator.py
[2026-02-03 16:57:49,514] INFO: OK: Syntax OK: core\discovery\universal_scanner.py
[2026-02-03 16:57:49,517] INFO: OK: Syntax OK: core\discovery\usb_scanner.py
[2026-02-03 16:57:49,520] INFO: OK: Syntax OK: core\engines\autoimprovement_engine.py
[2026-02-03 16:57:49,523] INFO: OK: Syntax OK: core\engines\auto_improvement_engine.py
[2026-02-03 16:57:49,526] INFO: OK: Syntax OK: core\engines\brain_persistence.py
[2026-02-03 16:57:49,529] INFO: OK: Syntax OK: core\engines\communication_engine.py
[2026-02-03 16:57:49,554] INFO: OK: Syntax OK: core\engines\environmental_engines.py
[2026-02-03 16:57:49,557] INFO: OK: Syntax OK: core\engines\habits_engine.py
[2026-02-03 16:57:49,560] INFO: OK: Syntax OK: core\engines\indoor_air_cross_validator.py
[2026-02-03 16:57:49,563] INFO: OK: Syntax OK: core\engines\sensor_engine.py
[2026-02-03 16:57:49,571] INFO: OK: Syntax OK: core\engines\statistical_brain.py
[2026-02-03 16:57:49,571] INFO: OK: Syntax OK: core\evolution\evolution_engine.py
[2026-02-03 16:57:49,572] INFO: OK: Syntax OK: core\ia\assistant.py
[2026-02-03 16:57:49,573] INFO: OK: Syntax OK: core\ia\suggest_engine.py
[2026-02-03 16:57:49,576] INFO: OK: Syntax OK: core\indices\advanced_field_indices.py
[2026-02-03 16:57:49,580] INFO: OK: Syntax OK: core\indices\advanced_physics_models.py
[2026-02-03 16:57:49,588] INFO: OK: Syntax OK: core\indices\advanced_predictive_indices.py
[2026-02-03 16:57:49,590] INFO: OK: Syntax OK: core\indices\ashrae55_adaptive_vtt.py
[2026-02-03 16:57:49,593] INFO: OK: Syntax OK: core\indices\astronomia_recursiva.py
[2026-02-03 16:57:49,594] INFO: OK: Syntax OK: core\indices\atmospheric_profiler.py
[2026-02-03 16:57:49,596] INFO: OK: Syntax OK: core\indices\bucholtz_rayleigh_v25.py
[2026-02-03 16:57:49,600] INFO: OK: Syntax OK: core\indices\bus_estado_global.py
[2026-02-03 16:57:49,605] INFO: OK: Syntax OK: core\indices\elite_motors_v25.py
[2026-02-03 16:57:49,606] INFO: OK: Syntax OK: core\indices\elite_physics.py
[2026-02-03 16:57:49,762] INFO: OK: Syntax OK: core\indices\environmental_indices.py
[2026-02-03 16:57:49,763] INFO: OK: Syntax OK: core\indices\external_earthquake_validation.py
[2026-02-03 16:57:49,764] INFO: OK: Syntax OK: core\indices\external_lightning_validation.py
[2026-02-03 16:57:49,766] INFO: OK: Syntax OK: core\indices\fanger_pmv_ppd.py
[2026-02-03 16:57:49,767] INFO: OK: Syntax OK: core\indices\gab_sorption.py
[2026-02-03 16:57:49,770] INFO: OK: Syntax OK: core\indices\index_catalog.py
[2026-02-03 16:57:49,771] INFO: OK: Syntax OK: core\indices\index_registry.py
[2026-02-03 16:57:49,771] INFO: OK: Syntax OK: core\indices\index_selection.py
[2026-02-03 16:57:49,773] INFO: OK: Syntax OK: core\indices\integracion_elite_motors_v25.py
[2026-02-03 16:57:49,775] INFO: OK: Syntax OK: core\indices\liljegren_wbgt.py
[2026-02-03 16:57:49,780] INFO: OK: Syntax OK: core\indices\physical_consistency.py
[2026-02-03 16:57:49,783] INFO: OK: Syntax OK: core\indices\physics_engine_2026.py
[2026-02-03 16:57:49,787] INFO: OK: Syntax OK: core\indices\physics_engine_cached.py
[2026-02-03 16:57:49,789] INFO: OK: Syntax OK: core\indices\physics_numba.py
[2026-02-03 16:57:49,791] INFO: OK: Syntax OK: core\indices\rayleigh_miller_dispersion.py
[2026-02-03 16:57:49,792] INFO: OK: Syntax OK: core\indices\serializador_estado_atomico.py
[2026-02-03 16:57:49,794] INFO: OK: Syntax OK: core\indices\testigo_fallo.py
[2026-02-03 16:57:49,796] INFO: OK: Syntax OK: core\indices\utci_polynomial.py
[2026-02-03 16:57:49,798] INFO: OK: Syntax OK: core\indices\uv_angstrom_dinamico.py
[2026-02-03 16:57:49,801] INFO: OK: Syntax OK: core\indices\uv_spectral_diamond.py
[2026-02-03 16:57:49,804] INFO: OK: Syntax OK: core\indices\vector_aproximacion_v26.py
[2026-02-03 16:57:49,805] INFO: OK: Syntax OK: core\integration\dashboard_endpoint.py
[2026-02-03 16:57:49,817] INFO: OK: Syntax OK: core\integration\ecowitt_receiver.py
[2026-02-03 16:57:49,818] INFO: OK: Syntax OK: core\integration\integration_manager.py
[2026-02-03 16:57:49,821] INFO: OK: Syntax OK: core\integration\temporal_sync_persistence.py
[2026-02-03 16:57:49,822] INFO: OK: Syntax OK: core\learning\feature_store.py
[2026-02-03 16:57:49,827] INFO: OK: Syntax OK: core\learning\learning_simulation.py
[2026-02-03 16:57:49,829] INFO: OK: Syntax OK: core\learning\model_governance.py
[2026-02-03 16:57:49,831] INFO: OK: Syntax OK: core\location\location_engine.py
[2026-02-03 16:57:49,833] INFO: OK: Syntax OK: core\logging\audit_trail.py
[2026-02-03 16:57:49,833] INFO: OK: Syntax OK: core\logging\log_engine.py
[2026-02-03 16:57:49,835] INFO: OK: Syntax OK: core\meteo\meteo_engine.py
[2026-02-03 16:57:49,836] INFO: OK: Syntax OK: core\meteo\meteo_model.py
[2026-02-03 16:57:49,838] INFO: OK: Syntax OK: core\meteo\meteo_utils.py
[2026-02-03 16:57:49,839] INFO: OK: Syntax OK: core\motors\alarmas_motor.py
[2026-02-03 16:57:49,840] INFO: OK: Syntax OK: core\motors\ambiental_motor.py
[2026-02-03 16:57:49,840] INFO: OK: Syntax OK: core\motors\automejora_motor.py
[2026-02-03 16:57:49,841] INFO: OK: Syntax OK: core\motors\calendario_motor.py
[2026-02-03 16:57:49,841] INFO: OK: Syntax OK: core\motors\comunicacion_motor.py
[2026-02-03 16:57:49,842] INFO: OK: Syntax OK: core\motors\confort_motor.py
[2026-02-03 16:57:49,843] INFO: OK: Syntax OK: core\motors\edificio_motor.py
[2026-02-03 16:57:49,843] INFO: OK: Syntax OK: core\motors\estado_api.py
[2026-02-03 16:57:49,844] INFO: OK: Syntax OK: core\motors\estado_api_extendido.py
[2026-02-03 16:57:49,844] INFO: OK: Syntax OK: core\motors\eventos_motor.py
[2026-02-03 16:57:49,845] INFO: OK: Syntax OK: core\motors\huellas_motor.py
[2026-02-03 16:57:49,845] INFO: OK: Syntax OK: core\motors\impresion_motor.py
[2026-02-03 16:57:49,846] INFO: OK: Syntax OK: core\motors\lista_compra_motor.py
[2026-02-03 16:57:49,846] INFO: OK: Syntax OK: core\motors\meteorologico_motor.py
[2026-02-03 16:57:49,848] INFO: OK: Syntax OK: core\motors\motors_api.py
[2026-02-03 16:57:49,848] INFO: OK: Syntax OK: core\motors\recomendaciones_motor.py
[2026-02-03 16:57:49,849] INFO: OK: Syntax OK: core\motors\submenu_motor.py
[2026-02-03 16:57:49,850] INFO: OK: Syntax OK: core\motors\tareas_motor.py
[2026-02-03 16:57:49,853] INFO: OK: Syntax OK: core\omnipotence\integration_bridge.py
[2026-02-03 16:57:49,855] INFO: OK: Syntax OK: core\omnipotence\omnipotence_simple.py
[2026-02-03 16:57:49,857] INFO: OK: Syntax OK: core\organizer\organizer_api.py
[2026-02-03 16:57:49,858] INFO: OK: Syntax OK: core\organizer\organizer_model.py
[2026-02-03 16:57:49,860] INFO: OK: Syntax OK: core\pas\pas_engine.py
[2026-02-03 16:57:49,863] INFO: OK: Syntax OK: core\persistence\influxdb_manager.py
[2026-02-03 16:57:49,866] INFO: OK: Syntax OK: core\persistence\timeseries_archiver.py
[2026-02-03 16:57:49,870] INFO: OK: Syntax OK: core\prediction\lstm_predictor.py
[2026-02-03 16:57:49,876] INFO: OK: Syntax OK: core\prediction\prediction_engine.py
[2026-02-03 16:57:49,879] INFO: OK: Syntax OK: core\recommendations\unified_recommendation_engine.py
[2026-02-03 16:57:49,880] INFO: OK: Syntax OK: core\security\policies.py
[2026-02-03 16:57:49,881] INFO: OK: Syntax OK: core\selfmod\self_mod_engine.py
[2026-02-03 16:57:49,883] INFO: OK: Syntax OK: core\sensors\pm_calibration.py
[2026-02-03 16:57:49,884] INFO: OK: Syntax OK: core\sensors\sensor_aliases.py
[2026-02-03 16:57:49,886] INFO: OK: Syntax OK: core\sensors\sensor_fusion.py
[2026-02-03 16:57:49,888] INFO: OK: Syntax OK: core\sensors\sensor_virtual_altura.py
[2026-02-03 16:57:49,890] INFO: OK: Syntax OK: core\system\acorazado_orchestrator.py
[2026-02-03 16:57:49,892] INFO: OK: Syntax OK: core\system\bus_auto_capture.py
[2026-02-03 16:57:49,937] ERROR: ERROR: Syntax error in core\system\bus_expander.py: unexpected indent (bus_expander.py, line 565)
[2026-02-03 16:57:49,998] INFO: OK: Syntax OK: core\system\bus_expander_V13_BACKUP_20260202_180608.py
[2026-02-03 16:57:50,001] INFO: OK: Syntax OK: core\system\bus_expander_V20_CERTIFICADO.py
[2026-02-03 16:57:50,003] INFO: OK: Syntax OK: core\system\observability_engine.py
[2026-02-03 16:57:50,005] INFO: OK: Syntax OK: core\system\startup_auditor.py
[2026-02-03 16:57:50,008] INFO: OK: Syntax OK: core\system\system_core.py
[2026-02-03 16:57:50,009] INFO: OK: Syntax OK: core\system\system_launcher.py
[2026-02-03 16:57:50,010] INFO: OK: Syntax OK: core\system\system_manager.py
[2026-02-03 16:57:50,011] INFO: OK: Syntax OK: core\ui\main_ui.py
[2026-02-03 16:57:50,014] INFO: OK: Syntax OK: core\validation\anomaly_detector.py
[2026-02-03 16:57:50,016] INFO: OK: Syntax OK: core\validation\fallback_isa.py
[2026-02-03 16:57:50,020] INFO: OK: Syntax OK: core\validation\outlier_detector.py
[2026-02-03 16:57:50,023] INFO: OK: Syntax OK: core\validation\sensor_validator_cascada.py
[2026-02-03 16:57:50,026] INFO: OK: Syntax OK: core\virtual\virtual_sensors.py
[2026-02-03 16:57:50,029] INFO: OK: Syntax OK: core\indices\cetreria\cetreria_indices.py
[2026-02-03 16:57:50,032] INFO: OK: Syntax OK: core\discovery\drivers\ble_driver.py
[2026-02-03 16:57:50,034] INFO: OK: Syntax OK: core\discovery\drivers\usb_driver.py
[2026-02-03 16:57:50,038] INFO: OK: Syntax OK: core\discovery\drivers\wifi_driver.py
[2026-02-03 16:57:50,039] INFO: OK: Syntax OK: core\api\routers\admin.py
[2026-02-03 16:57:50,041] INFO: OK: Syntax OK: core\api\routers\assistant.py
[2026-02-03 16:57:50,042] INFO: OK: Syntax OK: core\api\routers\config.py
[2026-02-03 16:57:50,043] INFO: OK: Syntax OK: core\api\routers\sensors.py
[2026-02-03 16:57:50,045] INFO: OK: Syntax OK: core\api\routers\systems.py
[2026-02-03 16:57:50,046] INFO: OK: Syntax OK: core\api\routers\voice.py
[2026-02-03 16:57:50,050] INFO: OK: Syntax OK: ai_controller.py
[2026-02-03 16:57:50,054] INFO: OK: Syntax OK: ai_endpoints.py
[2026-02-03 16:57:50,055] INFO: OK: Syntax OK: arrancar_meteoser.py
[2026-02-03 16:57:50,056] INFO: OK: Syntax OK: arrancar_servidor_test.py
[2026-02-03 16:57:50,058] INFO: OK: Syntax OK: AUDITORIA_BUS_FASE1.py
[2026-02-03 16:57:50,061] INFO: OK: Syntax OK: auditoria_codigo.py
[2026-02-03 16:57:50,063] INFO: OK: Syntax OK: AUDITORIA_PROMESAS_VS_CODIGO.py
[2026-02-03 16:57:50,114] INFO: OK: Syntax OK: backup_main_asgi_ojo.py
[2026-02-03 16:57:50,118] INFO: OK: Syntax OK: benchmark_v14_ciclo.py
[2026-02-03 16:57:50,120] INFO: OK: Syntax OK: bucholtz_rayleigh_v25.py
[2026-02-03 16:57:50,123] INFO: OK: Syntax OK: BUS_DATA_CONTRACT.py
[2026-02-03 16:57:50,124] INFO: OK: Syntax OK: calcular_sha256_manifiesto.py
[2026-02-03 16:57:50,126] INFO: OK: Syntax OK: config_manager.py
[2026-02-03 16:57:50,127] INFO: OK: Syntax OK: conftest.py
[2026-02-03 16:57:50,131] INFO: OK: Syntax OK: demo_big_data_inteligente.py
[2026-02-03 16:57:50,133] INFO: OK: Syntax OK: diagnostico_rendimiento.py
[2026-02-03 16:57:50,136] INFO: OK: Syntax OK: ejemplo_bus_v3_mejorado.py
[2026-02-03 16:57:50,139] INFO: OK: Syntax OK: ejemplo_integracion_completa.py
[2026-02-03 16:57:50,142] INFO: OK: Syntax OK: elite_motors_v25.py
[2026-02-03 16:57:50,146] INFO: OK: Syntax OK: evolution_engine.py
[2026-02-03 16:57:50,147] INFO: OK: Syntax OK: generador_sha256_final.py
[2026-02-03 16:57:50,148] ERROR: ERROR: Syntax error in ideas.py: invalid character '‑' (U+2011) (ideas.py, line 20)
[2026-02-03 16:57:50,150] INFO: OK: Syntax OK: INDICE_DOCUMENTACION.py
[2026-02-03 16:57:50,151] INFO: OK: Syntax OK: INSTRUCCIONES_INTEGRACION_IA.py
[2026-02-03 16:57:50,152] INFO: OK: Syntax OK: integracion_elite_motors_v25.py
[2026-02-03 16:57:50,154] INFO: OK: Syntax OK: integration_manager.py
[2026-02-03 16:57:50,155] INFO: OK: Syntax OK: launcher.py
[2026-02-03 16:57:50,159] INFO: OK: Syntax OK: learning_engine.py
[2026-02-03 16:57:50,164] INFO: OK: Syntax OK: learning_simulation.py
[2026-02-03 16:57:50,165] INFO: OK: Syntax OK: main.py
[2026-02-03 16:57:50,231] INFO: OK: Syntax OK: main_asgi.py
[2026-02-03 16:57:50,232] INFO: OK: Syntax OK: meteoser.py
[2026-02-03 16:57:50,234] INFO: OK: Syntax OK: meteoser_ia_integration.py
[2026-02-03 16:57:50,236] INFO: OK: Syntax OK: monitor_main_asgi.py
[2026-02-03 16:57:50,237] INFO: OK: Syntax OK: probar_envio_ecowitt.py
[2026-02-03 16:57:50,240] INFO: OK: Syntax OK: protocolo_certificacion_arranque_v26.py
[2026-02-03 16:57:50,241] INFO: OK: Syntax OK: RELLENO_ENDPOINTS_REALES.py
[2026-02-03 16:57:50,242] INFO: OK: Syntax OK: RESUMEN_LIMPIEZA_SIN_CHAPUZAS.py
[2026-02-03 16:57:50,245] INFO: OK: Syntax OK: self_mod_engine.py
[2026-02-03 16:57:50,249] INFO: OK: Syntax OK: simulation_engine.py
[2026-02-03 16:57:50,251] INFO: OK: Syntax OK: test_auto_discovery.py
[2026-02-03 16:57:50,255] INFO: OK: Syntax OK: test_biblia_v25_completa.py
[2026-02-03 16:57:50,256] INFO: OK: Syntax OK: test_boot.py
[2026-02-03 16:57:50,259] INFO: OK: Syntax OK: test_bus_capas_informacion.py
[2026-02-03 16:57:50,261] INFO: OK: Syntax OK: test_certificacion_v26.py
[2026-02-03 16:57:50,263] INFO: OK: Syntax OK: test_ignicion_fisica_2026.py
[2026-02-03 16:57:50,265] INFO: OK: Syntax OK: test_mejoras_tier_1_3.py
[2026-02-03 16:57:50,267] INFO: OK: Syntax OK: test_presion_quick.py
[2026-02-03 16:57:50,270] INFO: OK: Syntax OK: test_resiliencia_universal.py
[2026-02-03 16:57:50,271] INFO: OK: Syntax OK: test_sha256_simple.py
[2026-02-03 16:57:50,274] INFO: OK: Syntax OK: test_sintonizacion_2026.py
[2026-02-03 16:57:50,277] INFO: OK: Syntax OK: test_statistical_brain.py
[2026-02-03 16:57:50,278] INFO: OK: Syntax OK: test_visibilidad_factor_z.py
[2026-02-03 16:57:50,280] INFO: OK: Syntax OK: UNIFICACION_PLAN_MAESTRO.py
[2026-02-03 16:57:50,283] INFO: OK: Syntax OK: VALIDACION_ACCIONES_CRITICAS_2FEB2026.py
[2026-02-03 16:57:50,285] INFO: OK: Syntax OK: vector_aproximacion_v26.py
[2026-02-03 16:57:50,289] INFO: OK: Syntax OK: verificar_sistema.py
[2026-02-03 16:57:50,290] INFO: OK: Syntax OK: ver_estado_meteoser.py
[2026-02-03 16:57:50,292] INFO: OK: Syntax OK: virtual_sensors.py
[2026-02-03 16:57:50,292] INFO: ✓ Critical directory present: core/validation
[2026-02-03 16:57:50,292] INFO: ✓ Critical directory present: core/bus
[2026-02-03 16:57:50,293] INFO: ✓ Critical directory present: core/indices
[2026-02-03 16:57:50,293] INFO: ✓ Critical directory present: config
[2026-02-03 16:57:50,293] ERROR: ✗ Some CI tests failed
[2026-02-03 16:58:41,154] INFO: Running basic CI tests...
[2026-02-03 16:58:41,154] INFO: ✓ Critical file present: core/system/bus_expander.py
[2026-02-03 16:58:41,154] INFO: ✓ Critical file present: core/validation/anomaly_detector.py
[2026-02-03 16:58:41,154] INFO: ✓ Critical file present: meteoser_configuracion.txt
[2026-02-03 16:58:41,155] INFO: ✓ Critical file present: core/bus/__init__.py
[2026-02-03 16:58:41,155] INFO: ✓ Critical file present: core/bus/bus_capas_informacion.py
[2026-02-03 16:58:41,155] INFO: ✓ Critical file present: main.py
[2026-02-03 16:58:41,155] INFO: ✓ Critical file present: main_asgi.py
[2026-02-03 16:58:41,155] INFO: Checking Python syntax...
[2026-02-03 16:58:41,170] INFO: OK: Syntax OK: core\arcos_solares.py
[2026-02-03 16:58:41,172] INFO: OK: Syntax OK: core\auditoria_manager.py
[2026-02-03 16:58:41,173] INFO: OK: Syntax OK: core\correccion_geofisica_v26.py
[2026-02-03 16:58:41,174] INFO: OK: Syntax OK: core\data_model.py
[2026-02-03 16:58:41,174] INFO: OK: Syntax OK: core\devops_tools.py
[2026-02-03 16:58:41,176] INFO: OK: Syntax OK: core\feedback_manager.py
[2026-02-03 16:58:41,178] INFO: OK: Syntax OK: core\fiabilidad_manager.py
[2026-02-03 16:58:41,179] INFO: OK: Syntax OK: core\ideas_master.py
[2026-02-03 16:58:41,182] INFO: OK: Syntax OK: core\ideas_master_blocks.py
[2026-02-03 16:58:41,183] INFO: OK: Syntax OK: core\logger.py
[2026-02-03 16:58:41,184] INFO: OK: Syntax OK: core\meteo_interface.py
[2026-02-03 16:58:41,186] INFO: OK: Syntax OK: core\recomendaciones_motor.py
[2026-02-03 16:58:41,186] INFO: OK: Syntax OK: core\system_launcher.py
[2026-02-03 16:58:41,187] INFO: OK: Syntax OK: core\system_manager.py
[2026-02-03 16:58:41,187] INFO: OK: Syntax OK: core\utils.py
[2026-02-03 16:58:41,191] INFO: OK: Syntax OK: core\ai\autoheal.py
[2026-02-03 16:58:41,197] INFO: OK: Syntax OK: core\ai\codegen.py
[2026-02-03 16:58:41,203] INFO: OK: Syntax OK: core\ai\contracts.py
[2026-02-03 16:58:41,208] INFO: OK: Syntax OK: core\ai\dialog.py
[2026-02-03 16:58:41,211] INFO: OK: Syntax OK: core\ai\explainer.py
[2026-02-03 16:58:41,216] INFO: OK: Syntax OK: core\ai\knowledge.py
[2026-02-03 16:58:41,220] INFO: OK: Syntax OK: core\ai\orchestrator.py
[2026-02-03 16:58:41,225] INFO: OK: Syntax OK: core\ai\updater.py
[2026-02-03 16:58:41,226] INFO: OK: Syntax OK: core\api\api_engine.py
[2026-02-03 16:58:41,226] INFO: OK: Syntax OK: core\api\api_rest.py
[2026-02-03 16:58:41,230] INFO: OK: Syntax OK: core\api\api_vector_aproximacion_v26.py
[2026-02-03 16:58:41,231] INFO: OK: Syntax OK: core\api\services.py
[2026-02-03 16:58:41,232] INFO: OK: Syntax OK: core\architecture\open_architecture.py
[2026-02-03 16:58:41,234] INFO: OK: Syntax OK: core\atmosphere\isa_calculator.py
[2026-02-03 16:58:41,236] INFO: OK: Syntax OK: core\auto\autocure_engine.py
[2026-02-03 16:58:41,236] INFO: OK: Syntax OK: core\auto\auto_expansion_engine.py
[2026-02-03 16:58:41,238] INFO: OK: Syntax OK: core\auto\auto_improvement_engine.py
[2026-02-03 16:58:41,239] INFO: OK: Syntax OK: core\auto\auto_repair_engine.py
[2026-02-03 16:58:41,246] INFO: OK: Syntax OK: core\auto\auto_sensor_discovery.py
[2026-02-03 16:58:41,249] INFO: OK: Syntax OK: core\bus\bus_async_writer.py
[2026-02-03 16:58:41,254] INFO: OK: Syntax OK: core\bus\bus_capas_informacion.py
[2026-02-03 16:58:41,257] INFO: OK: Syntax OK: core\bus\bus_indexer.py
[2026-02-03 16:58:41,260] INFO: OK: Syntax OK: core\bus\bus_snapshot.py
[2026-02-03 16:58:41,262] INFO: OK: Syntax OK: core\bus\bus_v3_adapter.py
[2026-02-03 16:58:41,265] INFO: OK: Syntax OK: core\bus\dato_historico.py
[2026-02-03 16:58:41,266] INFO: OK: Syntax OK: core\bus\metadata_middleware.py
[2026-02-03 16:58:41,269] INFO: OK: Syntax OK: core\bus\monitor_bus.py
[2026-02-03 16:58:41,276] INFO: OK: Syntax OK: core\calibration\auto_calibrator.py
[2026-02-03 16:58:41,280] INFO: OK: Syntax OK: core\calibration\bias_detector.py
[2026-02-03 16:58:41,283] INFO: OK: Syntax OK: core\calibration\calibration_engine.py
[2026-02-03 16:58:41,287] INFO: OK: Syntax OK: core\calibration\regression_calibrator.py
[2026-02-03 16:58:41,289] INFO: OK: Syntax OK: core\config\config_loader.py
[2026-02-03 16:58:41,289] INFO: OK: Syntax OK: core\config\config_manager.py
[2026-02-03 16:58:41,291] INFO: OK: Syntax OK: core\context\contexto_maestro_global.py
[2026-02-03 16:58:41,293] INFO: OK: Syntax OK: core\context\context_engine.py
[2026-02-03 16:58:41,295] INFO: OK: Syntax OK: core\context\fallback_universal.py
[2026-02-03 16:58:41,297] INFO: OK: Syntax OK: core\discovery\ble_scanner.py
[2026-02-03 16:58:41,299] INFO: OK: Syntax OK: core\discovery\driver_installer.py
[2026-02-03 16:58:41,302] INFO: OK: Syntax OK: core\discovery\mdns_scanner.py
[2026-02-03 16:58:41,304] INFO: OK: Syntax OK: core\discovery\omnipotence_manager.py
[2026-02-03 16:58:41,307] INFO: OK: Syntax OK: core\discovery\sensor_assimilator.py
[2026-02-03 16:58:41,310] INFO: OK: Syntax OK: core\discovery\universal_orchestrator.py
[2026-02-03 16:58:41,313] INFO: OK: Syntax OK: core\discovery\universal_scanner.py
[2026-02-03 16:58:41,316] INFO: OK: Syntax OK: core\discovery\usb_scanner.py
[2026-02-03 16:58:41,318] INFO: OK: Syntax OK: core\engines\autoimprovement_engine.py
[2026-02-03 16:58:41,321] INFO: OK: Syntax OK: core\engines\auto_improvement_engine.py
[2026-02-03 16:58:41,325] INFO: OK: Syntax OK: core\engines\brain_persistence.py
[2026-02-03 16:58:41,331] INFO: OK: Syntax OK: core\engines\communication_engine.py
[2026-02-03 16:58:41,355] INFO: OK: Syntax OK: core\engines\environmental_engines.py
[2026-02-03 16:58:41,358] INFO: OK: Syntax OK: core\engines\habits_engine.py
[2026-02-03 16:58:41,361] INFO: OK: Syntax OK: core\engines\indoor_air_cross_validator.py
[2026-02-03 16:58:41,364] INFO: OK: Syntax OK: core\engines\sensor_engine.py
[2026-02-03 16:58:41,372] INFO: OK: Syntax OK: core\engines\statistical_brain.py
[2026-02-03 16:58:41,373] INFO: OK: Syntax OK: core\evolution\evolution_engine.py
[2026-02-03 16:58:41,374] INFO: OK: Syntax OK: core\ia\assistant.py
[2026-02-03 16:58:41,375] INFO: OK: Syntax OK: core\ia\suggest_engine.py
[2026-02-03 16:58:41,378] INFO: OK: Syntax OK: core\indices\advanced_field_indices.py
[2026-02-03 16:58:41,382] INFO: OK: Syntax OK: core\indices\advanced_physics_models.py
[2026-02-03 16:58:41,390] INFO: OK: Syntax OK: core\indices\advanced_predictive_indices.py
[2026-02-03 16:58:41,392] INFO: OK: Syntax OK: core\indices\ashrae55_adaptive_vtt.py
[2026-02-03 16:58:41,395] INFO: OK: Syntax OK: core\indices\astronomia_recursiva.py
[2026-02-03 16:58:41,397] INFO: OK: Syntax OK: core\indices\atmospheric_profiler.py
[2026-02-03 16:58:41,399] INFO: OK: Syntax OK: core\indices\bucholtz_rayleigh_v25.py
[2026-02-03 16:58:41,402] INFO: OK: Syntax OK: core\indices\bus_estado_global.py
[2026-02-03 16:58:41,406] INFO: OK: Syntax OK: core\indices\elite_motors_v25.py
[2026-02-03 16:58:41,407] INFO: OK: Syntax OK: core\indices\elite_physics.py
[2026-02-03 16:58:41,561] INFO: OK: Syntax OK: core\indices\environmental_indices.py
[2026-02-03 16:58:41,562] INFO: OK: Syntax OK: core\indices\external_earthquake_validation.py
[2026-02-03 16:58:41,564] INFO: OK: Syntax OK: core\indices\external_lightning_validation.py
[2026-02-03 16:58:41,566] INFO: OK: Syntax OK: core\indices\fanger_pmv_ppd.py
[2026-02-03 16:58:41,567] INFO: OK: Syntax OK: core\indices\gab_sorption.py
[2026-02-03 16:58:41,569] INFO: OK: Syntax OK: core\indices\index_catalog.py
[2026-02-03 16:58:41,570] INFO: OK: Syntax OK: core\indices\index_registry.py
[2026-02-03 16:58:41,571] INFO: OK: Syntax OK: core\indices\index_selection.py
[2026-02-03 16:58:41,573] INFO: OK: Syntax OK: core\indices\integracion_elite_motors_v25.py
[2026-02-03 16:58:41,574] INFO: OK: Syntax OK: core\indices\liljegren_wbgt.py
[2026-02-03 16:58:41,579] INFO: OK: Syntax OK: core\indices\physical_consistency.py
[2026-02-03 16:58:41,583] INFO: OK: Syntax OK: core\indices\physics_engine_2026.py
[2026-02-03 16:58:41,586] INFO: OK: Syntax OK: core\indices\physics_engine_cached.py
[2026-02-03 16:58:41,589] INFO: OK: Syntax OK: core\indices\physics_numba.py
[2026-02-03 16:58:41,590] INFO: OK: Syntax OK: core\indices\rayleigh_miller_dispersion.py
[2026-02-03 16:58:41,591] INFO: OK: Syntax OK: core\indices\serializador_estado_atomico.py
[2026-02-03 16:58:41,594] INFO: OK: Syntax OK: core\indices\testigo_fallo.py
[2026-02-03 16:58:41,596] INFO: OK: Syntax OK: core\indices\utci_polynomial.py
[2026-02-03 16:58:41,598] INFO: OK: Syntax OK: core\indices\uv_angstrom_dinamico.py
[2026-02-03 16:58:41,601] INFO: OK: Syntax OK: core\indices\uv_spectral_diamond.py
[2026-02-03 16:58:41,604] INFO: OK: Syntax OK: core\indices\vector_aproximacion_v26.py
[2026-02-03 16:58:41,604] INFO: OK: Syntax OK: core\integration\dashboard_endpoint.py
[2026-02-03 16:58:41,617] INFO: OK: Syntax OK: core\integration\ecowitt_receiver.py
[2026-02-03 16:58:41,618] INFO: OK: Syntax OK: core\integration\integration_manager.py
[2026-02-03 16:58:41,620] INFO: OK: Syntax OK: core\integration\temporal_sync_persistence.py
[2026-02-03 16:58:41,622] INFO: OK: Syntax OK: core\learning\feature_store.py
[2026-02-03 16:58:41,626] INFO: OK: Syntax OK: core\learning\learning_simulation.py
[2026-02-03 16:58:41,628] INFO: OK: Syntax OK: core\learning\model_governance.py
[2026-02-03 16:58:41,631] INFO: OK: Syntax OK: core\location\location_engine.py
[2026-02-03 16:58:41,634] INFO: OK: Syntax OK: core\logging\audit_trail.py
[2026-02-03 16:58:41,635] INFO: OK: Syntax OK: core\logging\log_engine.py
[2026-02-03 16:58:41,637] INFO: OK: Syntax OK: core\meteo\meteo_engine.py
[2026-02-03 16:58:41,638] INFO: OK: Syntax OK: core\meteo\meteo_model.py
[2026-02-03 16:58:41,640] INFO: OK: Syntax OK: core\meteo\meteo_utils.py
[2026-02-03 16:58:41,641] INFO: OK: Syntax OK: core\motors\alarmas_motor.py
[2026-02-03 16:58:41,643] INFO: OK: Syntax OK: core\motors\ambiental_motor.py
[2026-02-03 16:58:41,644] INFO: OK: Syntax OK: core\motors\automejora_motor.py
[2026-02-03 16:58:41,645] INFO: OK: Syntax OK: core\motors\calendario_motor.py
[2026-02-03 16:58:41,645] INFO: OK: Syntax OK: core\motors\comunicacion_motor.py
[2026-02-03 16:58:41,646] INFO: OK: Syntax OK: core\motors\confort_motor.py
[2026-02-03 16:58:41,647] INFO: OK: Syntax OK: core\motors\edificio_motor.py
[2026-02-03 16:58:41,648] INFO: OK: Syntax OK: core\motors\estado_api.py
[2026-02-03 16:58:41,649] INFO: OK: Syntax OK: core\motors\estado_api_extendido.py
[2026-02-03 16:58:41,649] INFO: OK: Syntax OK: core\motors\eventos_motor.py
[2026-02-03 16:58:41,650] INFO: OK: Syntax OK: core\motors\huellas_motor.py
[2026-02-03 16:58:41,651] INFO: OK: Syntax OK: core\motors\impresion_motor.py
[2026-02-03 16:58:41,651] INFO: OK: Syntax OK: core\motors\lista_compra_motor.py
[2026-02-03 16:58:41,652] INFO: OK: Syntax OK: core\motors\meteorologico_motor.py
[2026-02-03 16:58:41,654] INFO: OK: Syntax OK: core\motors\motors_api.py
[2026-02-03 16:58:41,654] INFO: OK: Syntax OK: core\motors\recomendaciones_motor.py
[2026-02-03 16:58:41,656] INFO: OK: Syntax OK: core\motors\submenu_motor.py
[2026-02-03 16:58:41,657] INFO: OK: Syntax OK: core\motors\tareas_motor.py
[2026-02-03 16:58:41,661] INFO: OK: Syntax OK: core\omnipotence\integration_bridge.py
[2026-02-03 16:58:41,665] INFO: OK: Syntax OK: core\omnipotence\omnipotence_simple.py
[2026-02-03 16:58:41,667] INFO: OK: Syntax OK: core\organizer\organizer_api.py
[2026-02-03 16:58:41,669] INFO: OK: Syntax OK: core\organizer\organizer_model.py
[2026-02-03 16:58:41,672] INFO: OK: Syntax OK: core\pas\pas_engine.py
[2026-02-03 16:58:41,677] INFO: OK: Syntax OK: core\persistence\influxdb_manager.py
[2026-02-03 16:58:41,681] INFO: OK: Syntax OK: core\persistence\timeseries_archiver.py
[2026-02-03 16:58:41,685] INFO: OK: Syntax OK: core\prediction\lstm_predictor.py
[2026-02-03 16:58:41,691] INFO: OK: Syntax OK: core\prediction\prediction_engine.py
[2026-02-03 16:58:41,694] INFO: OK: Syntax OK: core\recommendations\unified_recommendation_engine.py
[2026-02-03 16:58:41,696] INFO: OK: Syntax OK: core\security\policies.py
[2026-02-03 16:58:41,697] INFO: OK: Syntax OK: core\selfmod\self_mod_engine.py
[2026-02-03 16:58:41,699] INFO: OK: Syntax OK: core\sensors\pm_calibration.py
[2026-02-03 16:58:41,701] INFO: OK: Syntax OK: core\sensors\sensor_aliases.py
[2026-02-03 16:58:41,702] INFO: OK: Syntax OK: core\sensors\sensor_fusion.py
[2026-02-03 16:58:41,704] INFO: OK: Syntax OK: core\sensors\sensor_virtual_altura.py
[2026-02-03 16:58:41,705] INFO: OK: Syntax OK: core\system\acorazado_orchestrator.py
[2026-02-03 16:58:41,707] INFO: OK: Syntax OK: core\system\bus_auto_capture.py
[2026-02-03 16:58:41,787] ERROR: ERROR: Syntax error in core\system\bus_expander.py: unexpected indent (bus_expander.py, line 571)
[2026-02-03 16:58:41,846] INFO: OK: Syntax OK: core\system\bus_expander_V13_BACKUP_20260202_180608.py
[2026-02-03 16:58:41,849] INFO: OK: Syntax OK: core\system\bus_expander_V20_CERTIFICADO.py
[2026-02-03 16:58:41,851] INFO: OK: Syntax OK: core\system\observability_engine.py
[2026-02-03 16:58:41,852] INFO: OK: Syntax OK: core\system\startup_auditor.py
[2026-02-03 16:58:41,856] INFO: OK: Syntax OK: core\system\system_core.py
[2026-02-03 16:58:41,857] INFO: OK: Syntax OK: core\system\system_launcher.py
[2026-02-03 16:58:41,858] INFO: OK: Syntax OK: core\system\system_manager.py
[2026-02-03 16:58:41,858] INFO: OK: Syntax OK: core\ui\main_ui.py
[2026-02-03 16:58:41,862] INFO: OK: Syntax OK: core\validation\anomaly_detector.py
[2026-02-03 16:58:41,863] INFO: OK: Syntax OK: core\validation\fallback_isa.py
[2026-02-03 16:58:41,869] INFO: OK: Syntax OK: core\validation\outlier_detector.py
[2026-02-03 16:58:41,873] INFO: OK: Syntax OK: core\validation\sensor_validator_cascada.py
[2026-02-03 16:58:41,876] INFO: OK: Syntax OK: core\virtual\virtual_sensors.py
[2026-02-03 16:58:41,878] INFO: OK: Syntax OK: core\indices\cetreria\cetreria_indices.py
[2026-02-03 16:58:41,881] INFO: OK: Syntax OK: core\discovery\drivers\ble_driver.py
[2026-02-03 16:58:41,884] INFO: OK: Syntax OK: core\discovery\drivers\usb_driver.py
[2026-02-03 16:58:41,887] INFO: OK: Syntax OK: core\discovery\drivers\wifi_driver.py
[2026-02-03 16:58:41,888] INFO: OK: Syntax OK: core\api\routers\admin.py
[2026-02-03 16:58:41,889] INFO: OK: Syntax OK: core\api\routers\assistant.py
[2026-02-03 16:58:41,891] INFO: OK: Syntax OK: core\api\routers\config.py
[2026-02-03 16:58:41,892] INFO: OK: Syntax OK: core\api\routers\sensors.py
[2026-02-03 16:58:41,892] INFO: OK: Syntax OK: core\api\routers\systems.py
[2026-02-03 16:58:41,893] INFO: OK: Syntax OK: core\api\routers\voice.py
[2026-02-03 16:58:41,895] INFO: OK: Syntax OK: ai_controller.py
[2026-02-03 16:58:41,898] INFO: OK: Syntax OK: ai_endpoints.py
[2026-02-03 16:58:41,899] INFO: OK: Syntax OK: arrancar_meteoser.py
[2026-02-03 16:58:41,899] INFO: OK: Syntax OK: arrancar_servidor_test.py
[2026-02-03 16:58:41,901] INFO: OK: Syntax OK: AUDITORIA_BUS_FASE1.py
[2026-02-03 16:58:41,903] INFO: OK: Syntax OK: auditoria_codigo.py
[2026-02-03 16:58:41,905] INFO: OK: Syntax OK: AUDITORIA_PROMESAS_VS_CODIGO.py
[2026-02-03 16:58:41,955] INFO: OK: Syntax OK: backup_main_asgi_ojo.py
[2026-02-03 16:58:41,959] INFO: OK: Syntax OK: benchmark_v14_ciclo.py
[2026-02-03 16:58:41,963] INFO: OK: Syntax OK: bucholtz_rayleigh_v25.py
[2026-02-03 16:58:41,965] INFO: OK: Syntax OK: BUS_DATA_CONTRACT.py
[2026-02-03 16:58:41,966] INFO: OK: Syntax OK: calcular_sha256_manifiesto.py
[2026-02-03 16:58:41,968] INFO: OK: Syntax OK: config_manager.py
[2026-02-03 16:58:41,969] INFO: OK: Syntax OK: conftest.py
[2026-02-03 16:58:41,972] INFO: OK: Syntax OK: demo_big_data_inteligente.py
[2026-02-03 16:58:41,975] INFO: OK: Syntax OK: diagnostico_rendimiento.py
[2026-02-03 16:58:41,978] INFO: OK: Syntax OK: ejemplo_bus_v3_mejorado.py
[2026-02-03 16:58:41,983] INFO: OK: Syntax OK: ejemplo_integracion_completa.py
[2026-02-03 16:58:41,988] INFO: OK: Syntax OK: elite_motors_v25.py
[2026-02-03 16:58:41,994] INFO: OK: Syntax OK: evolution_engine.py
[2026-02-03 16:58:41,996] INFO: OK: Syntax OK: generador_sha256_final.py
[2026-02-03 16:58:42,007] ERROR: ERROR: Syntax error in ideas.py: invalid character '→' (U+2192) (ideas.py, line 43)
[2026-02-03 16:58:42,008] INFO: OK: Syntax OK: INDICE_DOCUMENTACION.py
[2026-02-03 16:58:42,009] INFO: OK: Syntax OK: INSTRUCCIONES_INTEGRACION_IA.py
[2026-02-03 16:58:42,010] INFO: OK: Syntax OK: integracion_elite_motors_v25.py
[2026-02-03 16:58:42,011] INFO: OK: Syntax OK: integration_manager.py
[2026-02-03 16:58:42,012] INFO: OK: Syntax OK: launcher.py
[2026-02-03 16:58:42,016] INFO: OK: Syntax OK: learning_engine.py
[2026-02-03 16:58:42,022] INFO: OK: Syntax OK: learning_simulation.py
[2026-02-03 16:58:42,023] INFO: OK: Syntax OK: main.py
[2026-02-03 16:58:42,083] INFO: OK: Syntax OK: main_asgi.py
[2026-02-03 16:58:42,084] INFO: OK: Syntax OK: meteoser.py
[2026-02-03 16:58:42,087] INFO: OK: Syntax OK: meteoser_ia_integration.py
[2026-02-03 16:58:42,087] INFO: OK: Syntax OK: monitor_main_asgi.py
[2026-02-03 16:58:42,088] INFO: OK: Syntax OK: probar_envio_ecowitt.py
[2026-02-03 16:58:42,091] INFO: OK: Syntax OK: protocolo_certificacion_arranque_v26.py
[2026-02-03 16:58:42,092] INFO: OK: Syntax OK: RELLENO_ENDPOINTS_REALES.py
[2026-02-03 16:58:42,093] INFO: OK: Syntax OK: RESUMEN_LIMPIEZA_SIN_CHAPUZAS.py
[2026-02-03 16:58:42,097] INFO: OK: Syntax OK: self_mod_engine.py
[2026-02-03 16:58:42,101] INFO: OK: Syntax OK: simulation_engine.py
[2026-02-03 16:58:42,103] INFO: OK: Syntax OK: test_auto_discovery.py
[2026-02-03 16:58:42,106] INFO: OK: Syntax OK: test_biblia_v25_completa.py
[2026-02-03 16:58:42,107] INFO: OK: Syntax OK: test_boot.py
[2026-02-03 16:58:42,111] INFO: OK: Syntax OK: test_bus_capas_informacion.py
[2026-02-03 16:58:42,113] INFO: OK: Syntax OK: test_certificacion_v26.py
[2026-02-03 16:58:42,115] INFO: OK: Syntax OK: test_ignicion_fisica_2026.py
[2026-02-03 16:58:42,117] INFO: OK: Syntax OK: test_mejoras_tier_1_3.py
[2026-02-03 16:58:42,119] INFO: OK: Syntax OK: test_presion_quick.py
[2026-02-03 16:58:42,121] INFO: OK: Syntax OK: test_resiliencia_universal.py
[2026-02-03 16:58:42,121] INFO: OK: Syntax OK: test_sha256_simple.py
[2026-02-03 16:58:42,124] INFO: OK: Syntax OK: test_sintonizacion_2026.py
[2026-02-03 16:58:42,128] INFO: OK: Syntax OK: test_statistical_brain.py
[2026-02-03 16:58:42,129] INFO: OK: Syntax OK: test_visibilidad_factor_z.py
[2026-02-03 16:58:42,132] INFO: OK: Syntax OK: UNIFICACION_PLAN_MAESTRO.py
[2026-02-03 16:58:42,135] INFO: OK: Syntax OK: VALIDACION_ACCIONES_CRITICAS_2FEB2026.py
[2026-02-03 16:58:42,137] INFO: OK: Syntax OK: vector_aproximacion_v26.py
[2026-02-03 16:58:42,140] INFO: OK: Syntax OK: verificar_sistema.py
[2026-02-03 16:58:42,141] INFO: OK: Syntax OK: ver_estado_meteoser.py
[2026-02-03 16:58:42,144] INFO: OK: Syntax OK: virtual_sensors.py
[2026-02-03 16:58:42,144] INFO: ✓ Critical directory present: core/validation
[2026-02-03 16:58:42,144] INFO: ✓ Critical directory present: core/bus
[2026-02-03 16:58:42,145] INFO: ✓ Critical directory present: core/indices
[2026-02-03 16:58:42,145] INFO: ✓ Critical directory present: config
[2026-02-03 16:58:42,145] ERROR: ✗ Some CI tests failed
[2026-02-03 16:58:49,804] INFO: Running basic CI tests...
[2026-02-03 16:58:49,805] INFO: ✓ Critical file present: core/system/bus_expander.py
[2026-02-03 16:58:49,805] INFO: ✓ Critical file present: core/validation/anomaly_detector.py
[2026-02-03 16:58:49,805] INFO: ✓ Critical file present: meteoser_configuracion.txt
[2026-02-03 16:58:49,805] INFO: ✓ Critical file present: core/bus/__init__.py
[2026-02-03 16:58:49,805] INFO: ✓ Critical file present: core/bus/bus_capas_informacion.py
[2026-02-03 16:58:49,805] INFO: ✓ Critical file present: main.py
[2026-02-03 16:58:49,806] INFO: ✓ Critical file present: main_asgi.py
[2026-02-03 16:58:49,806] INFO: Checking Python syntax...
[2026-02-03 16:58:49,821] INFO: OK: Syntax OK: core\arcos_solares.py
[2026-02-03 16:58:49,823] INFO: OK: Syntax OK: core\auditoria_manager.py
[2026-02-03 16:58:49,823] INFO: OK: Syntax OK: core\correccion_geofisica_v26.py
[2026-02-03 16:58:49,824] INFO: OK: Syntax OK: core\data_model.py
[2026-02-03 16:58:49,825] INFO: OK: Syntax OK: core\devops_tools.py
[2026-02-03 16:58:49,827] INFO: OK: Syntax OK: core\feedback_manager.py
[2026-02-03 16:58:49,828] INFO: OK: Syntax OK: core\fiabilidad_manager.py
[2026-02-03 16:58:49,829] INFO: OK: Syntax OK: core\ideas_master.py
[2026-02-03 16:58:49,832] INFO: OK: Syntax OK: core\ideas_master_blocks.py
[2026-02-03 16:58:49,832] INFO: OK: Syntax OK: core\logger.py
[2026-02-03 16:58:49,834] INFO: OK: Syntax OK: core\meteo_interface.py
[2026-02-03 16:58:49,835] INFO: OK: Syntax OK: core\recomendaciones_motor.py
[2026-02-03 16:58:49,836] INFO: OK: Syntax OK: core\system_launcher.py
[2026-02-03 16:58:49,836] INFO: OK: Syntax OK: core\system_manager.py
[2026-02-03 16:58:49,836] INFO: OK: Syntax OK: core\utils.py
[2026-02-03 16:58:49,840] INFO: OK: Syntax OK: core\ai\autoheal.py
[2026-02-03 16:58:49,846] INFO: OK: Syntax OK: core\ai\codegen.py
[2026-02-03 16:58:49,851] INFO: OK: Syntax OK: core\ai\contracts.py
[2026-02-03 16:58:49,856] INFO: OK: Syntax OK: core\ai\dialog.py
[2026-02-03 16:58:49,859] INFO: OK: Syntax OK: core\ai\explainer.py
[2026-02-03 16:58:49,864] INFO: OK: Syntax OK: core\ai\knowledge.py
[2026-02-03 16:58:49,868] INFO: OK: Syntax OK: core\ai\orchestrator.py
[2026-02-03 16:58:49,872] INFO: OK: Syntax OK: core\ai\updater.py
[2026-02-03 16:58:49,873] INFO: OK: Syntax OK: core\api\api_engine.py
[2026-02-03 16:58:49,874] INFO: OK: Syntax OK: core\api\api_rest.py
[2026-02-03 16:58:49,877] INFO: OK: Syntax OK: core\api\api_vector_aproximacion_v26.py
[2026-02-03 16:58:49,877] INFO: OK: Syntax OK: core\api\services.py
[2026-02-03 16:58:49,878] INFO: OK: Syntax OK: core\architecture\open_architecture.py
[2026-02-03 16:58:49,880] INFO: OK: Syntax OK: core\atmosphere\isa_calculator.py
[2026-02-03 16:58:49,881] INFO: OK: Syntax OK: core\auto\autocure_engine.py
[2026-02-03 16:58:49,882] INFO: OK: Syntax OK: core\auto\auto_expansion_engine.py
[2026-02-03 16:58:49,883] INFO: OK: Syntax OK: core\auto\auto_improvement_engine.py
[2026-02-03 16:58:49,885] INFO: OK: Syntax OK: core\auto\auto_repair_engine.py
[2026-02-03 16:58:49,891] INFO: OK: Syntax OK: core\auto\auto_sensor_discovery.py
[2026-02-03 16:58:49,894] INFO: OK: Syntax OK: core\bus\bus_async_writer.py
[2026-02-03 16:58:49,899] INFO: OK: Syntax OK: core\bus\bus_capas_informacion.py
[2026-02-03 16:58:49,902] INFO: OK: Syntax OK: core\bus\bus_indexer.py
[2026-02-03 16:58:49,904] INFO: OK: Syntax OK: core\bus\bus_snapshot.py
[2026-02-03 16:58:49,906] INFO: OK: Syntax OK: core\bus\bus_v3_adapter.py
[2026-02-03 16:58:49,908] INFO: OK: Syntax OK: core\bus\dato_historico.py
[2026-02-03 16:58:49,909] INFO: OK: Syntax OK: core\bus\metadata_middleware.py
[2026-02-03 16:58:49,912] INFO: OK: Syntax OK: core\bus\monitor_bus.py
[2026-02-03 16:58:49,919] INFO: OK: Syntax OK: core\calibration\auto_calibrator.py
[2026-02-03 16:58:49,922] INFO: OK: Syntax OK: core\calibration\bias_detector.py
[2026-02-03 16:58:49,924] INFO: OK: Syntax OK: core\calibration\calibration_engine.py
[2026-02-03 16:58:49,928] INFO: OK: Syntax OK: core\calibration\regression_calibrator.py
[2026-02-03 16:58:49,930] INFO: OK: Syntax OK: core\config\config_loader.py
[2026-02-03 16:58:49,931] INFO: OK: Syntax OK: core\config\config_manager.py
[2026-02-03 16:58:49,933] INFO: OK: Syntax OK: core\context\contexto_maestro_global.py
[2026-02-03 16:58:49,934] INFO: OK: Syntax OK: core\context\context_engine.py
[2026-02-03 16:58:49,936] INFO: OK: Syntax OK: core\context\fallback_universal.py
[2026-02-03 16:58:49,938] INFO: OK: Syntax OK: core\discovery\ble_scanner.py
[2026-02-03 16:58:49,940] INFO: OK: Syntax OK: core\discovery\driver_installer.py
[2026-02-03 16:58:49,943] INFO: OK: Syntax OK: core\discovery\mdns_scanner.py
[2026-02-03 16:58:49,944] INFO: OK: Syntax OK: core\discovery\omnipotence_manager.py
[2026-02-03 16:58:49,947] INFO: OK: Syntax OK: core\discovery\sensor_assimilator.py
[2026-02-03 16:58:49,951] INFO: OK: Syntax OK: core\discovery\universal_orchestrator.py
[2026-02-03 16:58:49,954] INFO: OK: Syntax OK: core\discovery\universal_scanner.py
[2026-02-03 16:58:49,957] INFO: OK: Syntax OK: core\discovery\usb_scanner.py
[2026-02-03 16:58:49,960] INFO: OK: Syntax OK: core\engines\autoimprovement_engine.py
[2026-02-03 16:58:49,963] INFO: OK: Syntax OK: core\engines\auto_improvement_engine.py
[2026-02-03 16:58:49,966] INFO: OK: Syntax OK: core\engines\brain_persistence.py
[2026-02-03 16:58:49,970] INFO: OK: Syntax OK: core\engines\communication_engine.py
[2026-02-03 16:58:49,994] INFO: OK: Syntax OK: core\engines\environmental_engines.py
[2026-02-03 16:58:49,997] INFO: OK: Syntax OK: core\engines\habits_engine.py
[2026-02-03 16:58:50,000] INFO: OK: Syntax OK: core\engines\indoor_air_cross_validator.py
[2026-02-03 16:58:50,003] INFO: OK: Syntax OK: core\engines\sensor_engine.py
[2026-02-03 16:58:50,011] INFO: OK: Syntax OK: core\engines\statistical_brain.py
[2026-02-03 16:58:50,012] INFO: OK: Syntax OK: core\evolution\evolution_engine.py
[2026-02-03 16:58:50,013] INFO: OK: Syntax OK: core\ia\assistant.py
[2026-02-03 16:58:50,015] INFO: OK: Syntax OK: core\ia\suggest_engine.py
[2026-02-03 16:58:50,017] INFO: OK: Syntax OK: core\indices\advanced_field_indices.py
[2026-02-03 16:58:50,022] INFO: OK: Syntax OK: core\indices\advanced_physics_models.py
[2026-02-03 16:58:50,029] INFO: OK: Syntax OK: core\indices\advanced_predictive_indices.py
[2026-02-03 16:58:50,032] INFO: OK: Syntax OK: core\indices\ashrae55_adaptive_vtt.py
[2026-02-03 16:58:50,034] INFO: OK: Syntax OK: core\indices\astronomia_recursiva.py
[2026-02-03 16:58:50,036] INFO: OK: Syntax OK: core\indices\atmospheric_profiler.py
[2026-02-03 16:58:50,038] INFO: OK: Syntax OK: core\indices\bucholtz_rayleigh_v25.py
[2026-02-03 16:58:50,041] INFO: OK: Syntax OK: core\indices\bus_estado_global.py
[2026-02-03 16:58:50,046] INFO: OK: Syntax OK: core\indices\elite_motors_v25.py
[2026-02-03 16:58:50,047] INFO: OK: Syntax OK: core\indices\elite_physics.py
[2026-02-03 16:58:50,203] INFO: OK: Syntax OK: core\indices\environmental_indices.py
[2026-02-03 16:58:50,204] INFO: OK: Syntax OK: core\indices\external_earthquake_validation.py
[2026-02-03 16:58:50,206] INFO: OK: Syntax OK: core\indices\external_lightning_validation.py
[2026-02-03 16:58:50,208] INFO: OK: Syntax OK: core\indices\fanger_pmv_ppd.py
[2026-02-03 16:58:50,209] INFO: OK: Syntax OK: core\indices\gab_sorption.py
[2026-02-03 16:58:50,212] INFO: OK: Syntax OK: core\indices\index_catalog.py
[2026-02-03 16:58:50,213] INFO: OK: Syntax OK: core\indices\index_registry.py
[2026-02-03 16:58:50,214] INFO: OK: Syntax OK: core\indices\index_selection.py
[2026-02-03 16:58:50,216] INFO: OK: Syntax OK: core\indices\integracion_elite_motors_v25.py
[2026-02-03 16:58:50,218] INFO: OK: Syntax OK: core\indices\liljegren_wbgt.py
[2026-02-03 16:58:50,222] INFO: OK: Syntax OK: core\indices\physical_consistency.py
[2026-02-03 16:58:50,226] INFO: OK: Syntax OK: core\indices\physics_engine_2026.py
[2026-02-03 16:58:50,230] INFO: OK: Syntax OK: core\indices\physics_engine_cached.py
[2026-02-03 16:58:50,233] INFO: OK: Syntax OK: core\indices\physics_numba.py
[2026-02-03 16:58:50,234] INFO: OK: Syntax OK: core\indices\rayleigh_miller_dispersion.py
[2026-02-03 16:58:50,235] INFO: OK: Syntax OK: core\indices\serializador_estado_atomico.py
[2026-02-03 16:58:50,237] INFO: OK: Syntax OK: core\indices\testigo_fallo.py
[2026-02-03 16:58:50,239] INFO: OK: Syntax OK: core\indices\utci_polynomial.py
[2026-02-03 16:58:50,241] INFO: OK: Syntax OK: core\indices\uv_angstrom_dinamico.py
[2026-02-03 16:58:50,244] INFO: OK: Syntax OK: core\indices\uv_spectral_diamond.py
[2026-02-03 16:58:50,247] INFO: OK: Syntax OK: core\indices\vector_aproximacion_v26.py
[2026-02-03 16:58:50,248] INFO: OK: Syntax OK: core\integration\dashboard_endpoint.py
[2026-02-03 16:58:50,260] INFO: OK: Syntax OK: core\integration\ecowitt_receiver.py
[2026-02-03 16:58:50,262] INFO: OK: Syntax OK: core\integration\integration_manager.py
[2026-02-03 16:58:50,265] INFO: OK: Syntax OK: core\integration\temporal_sync_persistence.py
[2026-02-03 16:58:50,266] INFO: OK: Syntax OK: core\learning\feature_store.py
[2026-02-03 16:58:50,271] INFO: OK: Syntax OK: core\learning\learning_simulation.py
[2026-02-03 16:58:50,273] INFO: OK: Syntax OK: core\learning\model_governance.py
[2026-02-03 16:58:50,275] INFO: OK: Syntax OK: core\location\location_engine.py
[2026-02-03 16:58:50,277] INFO: OK: Syntax OK: core\logging\audit_trail.py
[2026-02-03 16:58:50,278] INFO: OK: Syntax OK: core\logging\log_engine.py
[2026-02-03 16:58:50,280] INFO: OK: Syntax OK: core\meteo\meteo_engine.py
[2026-02-03 16:58:50,281] INFO: OK: Syntax OK: core\meteo\meteo_model.py
[2026-02-03 16:58:50,283] INFO: OK: Syntax OK: core\meteo\meteo_utils.py
[2026-02-03 16:58:50,284] INFO: OK: Syntax OK: core\motors\alarmas_motor.py
[2026-02-03 16:58:50,285] INFO: OK: Syntax OK: core\motors\ambiental_motor.py
[2026-02-03 16:58:50,286] INFO: OK: Syntax OK: core\motors\automejora_motor.py
[2026-02-03 16:58:50,286] INFO: OK: Syntax OK: core\motors\calendario_motor.py
[2026-02-03 16:58:50,287] INFO: OK: Syntax OK: core\motors\comunicacion_motor.py
[2026-02-03 16:58:50,288] INFO: OK: Syntax OK: core\motors\confort_motor.py
[2026-02-03 16:58:50,288] INFO: OK: Syntax OK: core\motors\edificio_motor.py
[2026-02-03 16:58:50,289] INFO: OK: Syntax OK: core\motors\estado_api.py
[2026-02-03 16:58:50,289] INFO: OK: Syntax OK: core\motors\estado_api_extendido.py
[2026-02-03 16:58:50,290] INFO: OK: Syntax OK: core\motors\eventos_motor.py
[2026-02-03 16:58:50,290] INFO: OK: Syntax OK: core\motors\huellas_motor.py
[2026-02-03 16:58:50,291] INFO: OK: Syntax OK: core\motors\impresion_motor.py
[2026-02-03 16:58:50,291] INFO: OK: Syntax OK: core\motors\lista_compra_motor.py
[2026-02-03 16:58:50,292] INFO: OK: Syntax OK: core\motors\meteorologico_motor.py
[2026-02-03 16:58:50,293] INFO: OK: Syntax OK: core\motors\motors_api.py
[2026-02-03 16:58:50,294] INFO: OK: Syntax OK: core\motors\recomendaciones_motor.py
[2026-02-03 16:58:50,295] INFO: OK: Syntax OK: core\motors\submenu_motor.py
[2026-02-03 16:58:50,295] INFO: OK: Syntax OK: core\motors\tareas_motor.py
[2026-02-03 16:58:50,299] INFO: OK: Syntax OK: core\omnipotence\integration_bridge.py
[2026-02-03 16:58:50,301] INFO: OK: Syntax OK: core\omnipotence\omnipotence_simple.py
[2026-02-03 16:58:50,303] INFO: OK: Syntax OK: core\organizer\organizer_api.py
[2026-02-03 16:58:50,304] INFO: OK: Syntax OK: core\organizer\organizer_model.py
[2026-02-03 16:58:50,306] INFO: OK: Syntax OK: core\pas\pas_engine.py
[2026-02-03 16:58:50,310] INFO: OK: Syntax OK: core\persistence\influxdb_manager.py
[2026-02-03 16:58:50,313] INFO: OK: Syntax OK: core\persistence\timeseries_archiver.py
[2026-02-03 16:58:50,317] INFO: OK: Syntax OK: core\prediction\lstm_predictor.py
[2026-02-03 16:58:50,322] INFO: OK: Syntax OK: core\prediction\prediction_engine.py
[2026-02-03 16:58:50,325] INFO: OK: Syntax OK: core\recommendations\unified_recommendation_engine.py
[2026-02-03 16:58:50,327] INFO: OK: Syntax OK: core\security\policies.py
[2026-02-03 16:58:50,327] INFO: OK: Syntax OK: core\selfmod\self_mod_engine.py
[2026-02-03 16:58:50,330] INFO: OK: Syntax OK: core\sensors\pm_calibration.py
[2026-02-03 16:58:50,332] INFO: OK: Syntax OK: core\sensors\sensor_aliases.py
[2026-02-03 16:58:50,334] INFO: OK: Syntax OK: core\sensors\sensor_fusion.py
[2026-02-03 16:58:50,335] INFO: OK: Syntax OK: core\sensors\sensor_virtual_altura.py
[2026-02-03 16:58:50,336] INFO: OK: Syntax OK: core\system\acorazado_orchestrator.py
[2026-02-03 16:58:50,339] INFO: OK: Syntax OK: core\system\bus_auto_capture.py
[2026-02-03 16:58:50,384] ERROR: ERROR: Syntax error in core\system\bus_expander.py: unexpected indent (bus_expander.py, line 571)
[2026-02-03 16:58:50,445] INFO: OK: Syntax OK: core\system\bus_expander_V13_BACKUP_20260202_180608.py
[2026-02-03 16:58:50,451] INFO: OK: Syntax OK: core\system\bus_expander_V20_CERTIFICADO.py
[2026-02-03 16:58:50,453] INFO: OK: Syntax OK: core\system\observability_engine.py
[2026-02-03 16:58:50,456] INFO: OK: Syntax OK: core\system\startup_auditor.py
[2026-02-03 16:58:50,462] INFO: OK: Syntax OK: core\system\system_core.py
[2026-02-03 16:58:50,487] INFO: OK: Syntax OK: core\system\system_launcher.py
[2026-02-03 16:58:50,488] INFO: OK: Syntax OK: core\system\system_manager.py
[2026-02-03 16:58:50,489] INFO: OK: Syntax OK: core\ui\main_ui.py
[2026-02-03 16:58:50,493] INFO: OK: Syntax OK: core\validation\anomaly_detector.py
[2026-02-03 16:58:50,495] INFO: OK: Syntax OK: core\validation\fallback_isa.py
[2026-02-03 16:58:50,500] INFO: OK: Syntax OK: core\validation\outlier_detector.py
[2026-02-03 16:58:50,502] INFO: OK: Syntax OK: core\validation\sensor_validator_cascada.py
[2026-02-03 16:58:50,505] INFO: OK: Syntax OK: core\virtual\virtual_sensors.py
[2026-02-03 16:58:50,508] INFO: OK: Syntax OK: core\indices\cetreria\cetreria_indices.py
[2026-02-03 16:58:50,511] INFO: OK: Syntax OK: core\discovery\drivers\ble_driver.py
[2026-02-03 16:58:50,514] INFO: OK: Syntax OK: core\discovery\drivers\usb_driver.py
[2026-02-03 16:58:50,518] INFO: OK: Syntax OK: core\discovery\drivers\wifi_driver.py
[2026-02-03 16:58:50,519] INFO: OK: Syntax OK: core\api\routers\admin.py
[2026-02-03 16:58:50,521] INFO: OK: Syntax OK: core\api\routers\assistant.py
[2026-02-03 16:58:50,522] INFO: OK: Syntax OK: core\api\routers\config.py
[2026-02-03 16:58:50,523] INFO: OK: Syntax OK: core\api\routers\sensors.py
[2026-02-03 16:58:50,523] INFO: OK: Syntax OK: core\api\routers\systems.py
[2026-02-03 16:58:50,524] INFO: OK: Syntax OK: core\api\routers\voice.py
[2026-02-03 16:58:50,526] INFO: OK: Syntax OK: ai_controller.py
[2026-02-03 16:58:50,530] INFO: OK: Syntax OK: ai_endpoints.py
[2026-02-03 16:58:50,531] INFO: OK: Syntax OK: arrancar_meteoser.py
[2026-02-03 16:58:50,531] INFO: OK: Syntax OK: arrancar_servidor_test.py
[2026-02-03 16:58:50,533] INFO: OK: Syntax OK: AUDITORIA_BUS_FASE1.py
[2026-02-03 16:58:50,535] INFO: OK: Syntax OK: auditoria_codigo.py
[2026-02-03 16:58:50,538] INFO: OK: Syntax OK: AUDITORIA_PROMESAS_VS_CODIGO.py
[2026-02-03 16:58:50,589] INFO: OK: Syntax OK: backup_main_asgi_ojo.py
[2026-02-03 16:58:50,593] INFO: OK: Syntax OK: benchmark_v14_ciclo.py
[2026-02-03 16:58:50,595] INFO: OK: Syntax OK: bucholtz_rayleigh_v25.py
[2026-02-03 16:58:50,597] INFO: OK: Syntax OK: BUS_DATA_CONTRACT.py
[2026-02-03 16:58:50,598] INFO: OK: Syntax OK: calcular_sha256_manifiesto.py
[2026-02-03 16:58:50,599] INFO: OK: Syntax OK: config_manager.py
[2026-02-03 16:58:50,600] INFO: OK: Syntax OK: conftest.py
[2026-02-03 16:58:50,603] INFO: OK: Syntax OK: demo_big_data_inteligente.py
[2026-02-03 16:58:50,606] INFO: OK: Syntax OK: diagnostico_rendimiento.py
[2026-02-03 16:58:50,608] INFO: OK: Syntax OK: ejemplo_bus_v3_mejorado.py
[2026-02-03 16:58:50,613] INFO: OK: Syntax OK: ejemplo_integracion_completa.py
[2026-02-03 16:58:50,617] INFO: OK: Syntax OK: elite_motors_v25.py
[2026-02-03 16:58:50,621] INFO: OK: Syntax OK: evolution_engine.py
[2026-02-03 16:58:50,622] INFO: OK: Syntax OK: generador_sha256_final.py
[2026-02-03 16:58:50,623] ERROR: ERROR: Syntax error in ideas.py: invalid character '→' (U+2192) (ideas.py, line 43)
[2026-02-03 16:58:50,625] INFO: OK: Syntax OK: INDICE_DOCUMENTACION.py
[2026-02-03 16:58:50,625] INFO: OK: Syntax OK: INSTRUCCIONES_INTEGRACION_IA.py
[2026-02-03 16:58:50,626] INFO: OK: Syntax OK: integracion_elite_motors_v25.py
[2026-02-03 16:58:50,628] INFO: OK: Syntax OK: integration_manager.py
[2026-02-03 16:58:50,629] INFO: OK: Syntax OK: launcher.py
[2026-02-03 16:58:50,633] INFO: OK: Syntax OK: learning_engine.py
[2026-02-03 16:58:50,639] INFO: OK: Syntax OK: learning_simulation.py
[2026-02-03 16:58:50,639] INFO: OK: Syntax OK: main.py
[2026-02-03 16:58:50,705] INFO: OK: Syntax OK: main_asgi.py
[2026-02-03 16:58:50,706] INFO: OK: Syntax OK: meteoser.py
[2026-02-03 16:58:50,708] INFO: OK: Syntax OK: meteoser_ia_integration.py
[2026-02-03 16:58:50,709] INFO: OK: Syntax OK: monitor_main_asgi.py
[2026-02-03 16:58:50,709] INFO: OK: Syntax OK: probar_envio_ecowitt.py
[2026-02-03 16:58:50,714] INFO: OK: Syntax OK: protocolo_certificacion_arranque_v26.py
[2026-02-03 16:58:50,715] INFO: OK: Syntax OK: RELLENO_ENDPOINTS_REALES.py
[2026-02-03 16:58:50,716] INFO: OK: Syntax OK: RESUMEN_LIMPIEZA_SIN_CHAPUZAS.py
[2026-02-03 16:58:50,720] INFO: OK: Syntax OK: self_mod_engine.py
[2026-02-03 16:58:50,724] INFO: OK: Syntax OK: simulation_engine.py
[2026-02-03 16:58:50,727] INFO: OK: Syntax OK: test_auto_discovery.py
[2026-02-03 16:58:50,732] INFO: OK: Syntax OK: test_biblia_v25_completa.py
[2026-02-03 16:58:50,732] INFO: OK: Syntax OK: test_boot.py
[2026-02-03 16:58:50,736] INFO: OK: Syntax OK: test_bus_capas_informacion.py
[2026-02-03 16:58:50,737] INFO: OK: Syntax OK: test_certificacion_v26.py
[2026-02-03 16:58:50,739] INFO: OK: Syntax OK: test_ignicion_fisica_2026.py
[2026-02-03 16:58:50,742] INFO: OK: Syntax OK: test_mejoras_tier_1_3.py
[2026-02-03 16:58:50,743] INFO: OK: Syntax OK: test_presion_quick.py
[2026-02-03 16:58:50,746] INFO: OK: Syntax OK: test_resiliencia_universal.py
[2026-02-03 16:58:50,747] INFO: OK: Syntax OK: test_sha256_simple.py
[2026-02-03 16:58:50,750] INFO: OK: Syntax OK: test_sintonizacion_2026.py
[2026-02-03 16:58:50,754] INFO: OK: Syntax OK: test_statistical_brain.py
[2026-02-03 16:58:50,754] INFO: OK: Syntax OK: test_visibilidad_factor_z.py
[2026-02-03 16:58:50,756] INFO: OK: Syntax OK: UNIFICACION_PLAN_MAESTRO.py
[2026-02-03 16:58:50,760] INFO: OK: Syntax OK: VALIDACION_ACCIONES_CRITICAS_2FEB2026.py
[2026-02-03 16:58:50,763] INFO: OK: Syntax OK: vector_aproximacion_v26.py
[2026-02-03 16:58:50,766] INFO: OK: Syntax OK: verificar_sistema.py
[2026-02-03 16:58:50,767] INFO: OK: Syntax OK: ver_estado_meteoser.py
[2026-02-03 16:58:50,770] INFO: OK: Syntax OK: virtual_sensors.py
[2026-02-03 16:58:50,770] INFO: ✓ Critical directory present: core/validation
[2026-02-03 16:58:50,770] INFO: ✓ Critical directory present: core/bus
[2026-02-03 16:58:50,770] INFO: ✓ Critical directory present: core/indices
[2026-02-03 16:58:50,770] INFO: ✓ Critical directory present: config
[2026-02-03 16:58:50,770] ERROR: ✗ Some CI tests failed
[2026-02-03 16:59:26,065] INFO: Running basic CI tests...
[2026-02-03 16:59:26,065] INFO: ✓ Critical file present: core/system/bus_expander.py
[2026-02-03 16:59:26,065] INFO: ✓ Critical file present: core/validation/anomaly_detector.py
[2026-02-03 16:59:26,066] INFO: ✓ Critical file present: meteoser_configuracion.txt
[2026-02-03 16:59:26,066] INFO: ✓ Critical file present: core/bus/__init__.py
[2026-02-03 16:59:26,066] INFO: ✓ Critical file present: core/bus/bus_capas_informacion.py
[2026-02-03 16:59:26,066] INFO: ✓ Critical file present: main.py
[2026-02-03 16:59:26,066] INFO: ✓ Critical file present: main_asgi.py
[2026-02-03 16:59:26,066] INFO: Checking Python syntax...
[2026-02-03 16:59:26,081] INFO: OK: Syntax OK: core\arcos_solares.py
[2026-02-03 16:59:26,083] INFO: OK: Syntax OK: core\auditoria_manager.py
[2026-02-03 16:59:26,083] INFO: OK: Syntax OK: core\correccion_geofisica_v26.py
[2026-02-03 16:59:26,084] INFO: OK: Syntax OK: core\data_model.py
[2026-02-03 16:59:26,085] INFO: OK: Syntax OK: core\devops_tools.py
[2026-02-03 16:59:26,087] INFO: OK: Syntax OK: core\feedback_manager.py
[2026-02-03 16:59:26,088] INFO: OK: Syntax OK: core\fiabilidad_manager.py
[2026-02-03 16:59:26,089] INFO: OK: Syntax OK: core\ideas_master.py
[2026-02-03 16:59:26,092] INFO: OK: Syntax OK: core\ideas_master_blocks.py
[2026-02-03 16:59:26,093] INFO: OK: Syntax OK: core\logger.py
[2026-02-03 16:59:26,095] INFO: OK: Syntax OK: core\meteo_interface.py
[2026-02-03 16:59:26,096] INFO: OK: Syntax OK: core\recomendaciones_motor.py
[2026-02-03 16:59:26,096] INFO: OK: Syntax OK: core\system_launcher.py
[2026-02-03 16:59:26,097] INFO: OK: Syntax OK: core\system_manager.py
[2026-02-03 16:59:26,097] INFO: OK: Syntax OK: core\utils.py
[2026-02-03 16:59:26,101] INFO: OK: Syntax OK: core\ai\autoheal.py
[2026-02-03 16:59:26,107] INFO: OK: Syntax OK: core\ai\codegen.py
[2026-02-03 16:59:26,113] INFO: OK: Syntax OK: core\ai\contracts.py
[2026-02-03 16:59:26,118] INFO: OK: Syntax OK: core\ai\dialog.py
[2026-02-03 16:59:26,121] INFO: OK: Syntax OK: core\ai\explainer.py
[2026-02-03 16:59:26,126] INFO: OK: Syntax OK: core\ai\knowledge.py
[2026-02-03 16:59:26,130] INFO: OK: Syntax OK: core\ai\orchestrator.py
[2026-02-03 16:59:26,134] INFO: OK: Syntax OK: core\ai\updater.py
[2026-02-03 16:59:26,135] INFO: OK: Syntax OK: core\api\api_engine.py
[2026-02-03 16:59:26,136] INFO: OK: Syntax OK: core\api\api_rest.py
[2026-02-03 16:59:26,139] INFO: OK: Syntax OK: core\api\api_vector_aproximacion_v26.py
[2026-02-03 16:59:26,139] INFO: OK: Syntax OK: core\api\services.py
[2026-02-03 16:59:26,141] INFO: OK: Syntax OK: core\architecture\open_architecture.py
[2026-02-03 16:59:26,142] INFO: OK: Syntax OK: core\atmosphere\isa_calculator.py
[2026-02-03 16:59:26,144] INFO: OK: Syntax OK: core\auto\autocure_engine.py
[2026-02-03 16:59:26,144] INFO: OK: Syntax OK: core\auto\auto_expansion_engine.py
[2026-02-03 16:59:26,146] INFO: OK: Syntax OK: core\auto\auto_improvement_engine.py
[2026-02-03 16:59:26,147] INFO: OK: Syntax OK: core\auto\auto_repair_engine.py
[2026-02-03 16:59:26,153] INFO: OK: Syntax OK: core\auto\auto_sensor_discovery.py
[2026-02-03 16:59:26,156] INFO: OK: Syntax OK: core\bus\bus_async_writer.py
[2026-02-03 16:59:26,162] INFO: OK: Syntax OK: core\bus\bus_capas_informacion.py
[2026-02-03 16:59:26,164] INFO: OK: Syntax OK: core\bus\bus_indexer.py
[2026-02-03 16:59:26,167] INFO: OK: Syntax OK: core\bus\bus_snapshot.py
[2026-02-03 16:59:26,169] INFO: OK: Syntax OK: core\bus\bus_v3_adapter.py
[2026-02-03 16:59:26,171] INFO: OK: Syntax OK: core\bus\dato_historico.py
[2026-02-03 16:59:26,172] INFO: OK: Syntax OK: core\bus\metadata_middleware.py
[2026-02-03 16:59:26,175] INFO: OK: Syntax OK: core\bus\monitor_bus.py
[2026-02-03 16:59:26,182] INFO: OK: Syntax OK: core\calibration\auto_calibrator.py
[2026-02-03 16:59:26,185] INFO: OK: Syntax OK: core\calibration\bias_detector.py
[2026-02-03 16:59:26,187] INFO: OK: Syntax OK: core\calibration\calibration_engine.py
[2026-02-03 16:59:26,192] INFO: OK: Syntax OK: core\calibration\regression_calibrator.py
[2026-02-03 16:59:26,194] INFO: OK: Syntax OK: core\config\config_loader.py
[2026-02-03 16:59:26,195] INFO: OK: Syntax OK: core\config\config_manager.py
[2026-02-03 16:59:26,197] INFO: OK: Syntax OK: core\context\contexto_maestro_global.py
[2026-02-03 16:59:26,198] INFO: OK: Syntax OK: core\context\context_engine.py
[2026-02-03 16:59:26,200] INFO: OK: Syntax OK: core\context\fallback_universal.py
[2026-02-03 16:59:26,201] INFO: OK: Syntax OK: core\discovery\ble_scanner.py
[2026-02-03 16:59:26,204] INFO: OK: Syntax OK: core\discovery\driver_installer.py
[2026-02-03 16:59:26,206] INFO: OK: Syntax OK: core\discovery\mdns_scanner.py
[2026-02-03 16:59:26,208] INFO: OK: Syntax OK: core\discovery\omnipotence_manager.py
[2026-02-03 16:59:26,212] INFO: OK: Syntax OK: core\discovery\sensor_assimilator.py
[2026-02-03 16:59:26,215] INFO: OK: Syntax OK: core\discovery\universal_orchestrator.py
[2026-02-03 16:59:26,218] INFO: OK: Syntax OK: core\discovery\universal_scanner.py
[2026-02-03 16:59:26,221] INFO: OK: Syntax OK: core\discovery\usb_scanner.py
[2026-02-03 16:59:26,224] INFO: OK: Syntax OK: core\engines\autoimprovement_engine.py
[2026-02-03 16:59:26,227] INFO: OK: Syntax OK: core\engines\auto_improvement_engine.py
[2026-02-03 16:59:26,229] INFO: OK: Syntax OK: core\engines\brain_persistence.py
[2026-02-03 16:59:26,233] INFO: OK: Syntax OK: core\engines\communication_engine.py
[2026-02-03 16:59:26,255] INFO: OK: Syntax OK: core\engines\environmental_engines.py
[2026-02-03 16:59:26,259] INFO: OK: Syntax OK: core\engines\habits_engine.py
[2026-02-03 16:59:26,261] INFO: OK: Syntax OK: core\engines\indoor_air_cross_validator.py
[2026-02-03 16:59:26,264] INFO: OK: Syntax OK: core\engines\sensor_engine.py
[2026-02-03 16:59:26,272] INFO: OK: Syntax OK: core\engines\statistical_brain.py
[2026-02-03 16:59:26,272] INFO: OK: Syntax OK: core\evolution\evolution_engine.py
[2026-02-03 16:59:26,273] INFO: OK: Syntax OK: core\ia\assistant.py
[2026-02-03 16:59:26,275] INFO: OK: Syntax OK: core\ia\suggest_engine.py
[2026-02-03 16:59:26,278] INFO: OK: Syntax OK: core\indices\advanced_field_indices.py
[2026-02-03 16:59:26,282] INFO: OK: Syntax OK: core\indices\advanced_physics_models.py
[2026-02-03 16:59:26,289] INFO: OK: Syntax OK: core\indices\advanced_predictive_indices.py
[2026-02-03 16:59:26,292] INFO: OK: Syntax OK: core\indices\ashrae55_adaptive_vtt.py
[2026-02-03 16:59:26,295] INFO: OK: Syntax OK: core\indices\astronomia_recursiva.py
[2026-02-03 16:59:26,297] INFO: OK: Syntax OK: core\indices\atmospheric_profiler.py
[2026-02-03 16:59:26,299] INFO: OK: Syntax OK: core\indices\bucholtz_rayleigh_v25.py
[2026-02-03 16:59:26,303] INFO: OK: Syntax OK: core\indices\bus_estado_global.py
[2026-02-03 16:59:26,307] INFO: OK: Syntax OK: core\indices\elite_motors_v25.py
[2026-02-03 16:59:26,308] INFO: OK: Syntax OK: core\indices\elite_physics.py
[2026-02-03 16:59:26,463] INFO: OK: Syntax OK: core\indices\environmental_indices.py
[2026-02-03 16:59:26,464] INFO: OK: Syntax OK: core\indices\external_earthquake_validation.py
[2026-02-03 16:59:26,465] INFO: OK: Syntax OK: core\indices\external_lightning_validation.py
[2026-02-03 16:59:26,467] INFO: OK: Syntax OK: core\indices\fanger_pmv_ppd.py
[2026-02-03 16:59:26,468] INFO: OK: Syntax OK: core\indices\gab_sorption.py
[2026-02-03 16:59:26,470] INFO: OK: Syntax OK: core\indices\index_catalog.py
[2026-02-03 16:59:26,471] INFO: OK: Syntax OK: core\indices\index_registry.py
[2026-02-03 16:59:26,472] INFO: OK: Syntax OK: core\indices\index_selection.py
[2026-02-03 16:59:26,474] INFO: OK: Syntax OK: core\indices\integracion_elite_motors_v25.py
[2026-02-03 16:59:26,476] INFO: OK: Syntax OK: core\indices\liljegren_wbgt.py
[2026-02-03 16:59:26,480] INFO: OK: Syntax OK: core\indices\physical_consistency.py
[2026-02-03 16:59:26,484] INFO: OK: Syntax OK: core\indices\physics_engine_2026.py
[2026-02-03 16:59:26,487] INFO: OK: Syntax OK: core\indices\physics_engine_cached.py
[2026-02-03 16:59:26,489] INFO: OK: Syntax OK: core\indices\physics_numba.py
[2026-02-03 16:59:26,491] INFO: OK: Syntax OK: core\indices\rayleigh_miller_dispersion.py
[2026-02-03 16:59:26,493] INFO: OK: Syntax OK: core\indices\serializador_estado_atomico.py
[2026-02-03 16:59:26,495] INFO: OK: Syntax OK: core\indices\testigo_fallo.py
[2026-02-03 16:59:26,497] INFO: OK: Syntax OK: core\indices\utci_polynomial.py
[2026-02-03 16:59:26,499] INFO: OK: Syntax OK: core\indices\uv_angstrom_dinamico.py
[2026-02-03 16:59:26,501] INFO: OK: Syntax OK: core\indices\uv_spectral_diamond.py
[2026-02-03 16:59:26,504] INFO: OK: Syntax OK: core\indices\vector_aproximacion_v26.py
[2026-02-03 16:59:26,505] INFO: OK: Syntax OK: core\integration\dashboard_endpoint.py
[2026-02-03 16:59:26,516] INFO: OK: Syntax OK: core\integration\ecowitt_receiver.py
[2026-02-03 16:59:26,518] INFO: OK: Syntax OK: core\integration\integration_manager.py
[2026-02-03 16:59:26,520] INFO: OK: Syntax OK: core\integration\temporal_sync_persistence.py
[2026-02-03 16:59:26,521] INFO: OK: Syntax OK: core\learning\feature_store.py
[2026-02-03 16:59:26,526] INFO: OK: Syntax OK: core\learning\learning_simulation.py
[2026-02-03 16:59:26,528] INFO: OK: Syntax OK: core\learning\model_governance.py
[2026-02-03 16:59:26,530] INFO: OK: Syntax OK: core\location\location_engine.py
[2026-02-03 16:59:26,532] INFO: OK: Syntax OK: core\logging\audit_trail.py
[2026-02-03 16:59:26,532] INFO: OK: Syntax OK: core\logging\log_engine.py
[2026-02-03 16:59:26,534] INFO: OK: Syntax OK: core\meteo\meteo_engine.py
[2026-02-03 16:59:26,534] INFO: OK: Syntax OK: core\meteo\meteo_model.py
[2026-02-03 16:59:26,535] INFO: OK: Syntax OK: core\meteo\meteo_utils.py
[2026-02-03 16:59:26,536] INFO: OK: Syntax OK: core\motors\alarmas_motor.py
[2026-02-03 16:59:26,537] INFO: OK: Syntax OK: core\motors\ambiental_motor.py
[2026-02-03 16:59:26,538] INFO: OK: Syntax OK: core\motors\automejora_motor.py
[2026-02-03 16:59:26,538] INFO: OK: Syntax OK: core\motors\calendario_motor.py
[2026-02-03 16:59:26,539] INFO: OK: Syntax OK: core\motors\comunicacion_motor.py
[2026-02-03 16:59:26,539] INFO: OK: Syntax OK: core\motors\confort_motor.py
[2026-02-03 16:59:26,541] INFO: OK: Syntax OK: core\motors\edificio_motor.py
[2026-02-03 16:59:26,541] INFO: OK: Syntax OK: core\motors\estado_api.py
[2026-02-03 16:59:26,542] INFO: OK: Syntax OK: core\motors\estado_api_extendido.py
[2026-02-03 16:59:26,543] INFO: OK: Syntax OK: core\motors\eventos_motor.py
[2026-02-03 16:59:26,543] INFO: OK: Syntax OK: core\motors\huellas_motor.py
[2026-02-03 16:59:26,544] INFO: OK: Syntax OK: core\motors\impresion_motor.py
[2026-02-03 16:59:26,544] INFO: OK: Syntax OK: core\motors\lista_compra_motor.py
[2026-02-03 16:59:26,545] INFO: OK: Syntax OK: core\motors\meteorologico_motor.py
[2026-02-03 16:59:26,546] INFO: OK: Syntax OK: core\motors\motors_api.py
[2026-02-03 16:59:26,547] INFO: OK: Syntax OK: core\motors\recomendaciones_motor.py
[2026-02-03 16:59:26,548] INFO: OK: Syntax OK: core\motors\submenu_motor.py
[2026-02-03 16:59:26,548] INFO: OK: Syntax OK: core\motors\tareas_motor.py
[2026-02-03 16:59:26,551] INFO: OK: Syntax OK: core\omnipotence\integration_bridge.py
[2026-02-03 16:59:26,553] INFO: OK: Syntax OK: core\omnipotence\omnipotence_simple.py
[2026-02-03 16:59:26,554] INFO: OK: Syntax OK: core\organizer\organizer_api.py
[2026-02-03 16:59:26,555] INFO: OK: Syntax OK: core\organizer\organizer_model.py
[2026-02-03 16:59:26,558] INFO: OK: Syntax OK: core\pas\pas_engine.py
[2026-02-03 16:59:26,562] INFO: OK: Syntax OK: core\persistence\influxdb_manager.py
[2026-02-03 16:59:26,565] INFO: OK: Syntax OK: core\persistence\timeseries_archiver.py
[2026-02-03 16:59:26,568] INFO: OK: Syntax OK: core\prediction\lstm_predictor.py
[2026-02-03 16:59:26,574] INFO: OK: Syntax OK: core\prediction\prediction_engine.py
[2026-02-03 16:59:26,577] INFO: OK: Syntax OK: core\recommendations\unified_recommendation_engine.py
[2026-02-03 16:59:26,578] INFO: OK: Syntax OK: core\security\policies.py
[2026-02-03 16:59:26,579] INFO: OK: Syntax OK: core\selfmod\self_mod_engine.py
[2026-02-03 16:59:26,581] INFO: OK: Syntax OK: core\sensors\pm_calibration.py
[2026-02-03 16:59:26,582] INFO: OK: Syntax OK: core\sensors\sensor_aliases.py
[2026-02-03 16:59:26,584] INFO: OK: Syntax OK: core\sensors\sensor_fusion.py
[2026-02-03 16:59:26,585] INFO: OK: Syntax OK: core\sensors\sensor_virtual_altura.py
[2026-02-03 16:59:26,586] INFO: OK: Syntax OK: core\system\acorazado_orchestrator.py
[2026-02-03 16:59:26,589] INFO: OK: Syntax OK: core\system\bus_auto_capture.py
[2026-02-03 16:59:26,651] ERROR: ERROR: Syntax error in core\system\bus_expander.py: unexpected indent (bus_expander.py, line 581)
[2026-02-03 16:59:26,710] INFO: OK: Syntax OK: core\system\bus_expander_V13_BACKUP_20260202_180608.py
[2026-02-03 16:59:26,713] INFO: OK: Syntax OK: core\system\bus_expander_V20_CERTIFICADO.py
[2026-02-03 16:59:26,715] INFO: OK: Syntax OK: core\system\observability_engine.py
[2026-02-03 16:59:26,716] INFO: OK: Syntax OK: core\system\startup_auditor.py
[2026-02-03 16:59:26,720] INFO: OK: Syntax OK: core\system\system_core.py
[2026-02-03 16:59:26,721] INFO: OK: Syntax OK: core\system\system_launcher.py
[2026-02-03 16:59:26,722] INFO: OK: Syntax OK: core\system\system_manager.py
[2026-02-03 16:59:26,723] INFO: OK: Syntax OK: core\ui\main_ui.py
[2026-02-03 16:59:26,726] INFO: OK: Syntax OK: core\validation\anomaly_detector.py
[2026-02-03 16:59:26,728] INFO: OK: Syntax OK: core\validation\fallback_isa.py
[2026-02-03 16:59:26,731] INFO: OK: Syntax OK: core\validation\outlier_detector.py
[2026-02-03 16:59:26,735] INFO: OK: Syntax OK: core\validation\sensor_validator_cascada.py
[2026-02-03 16:59:26,738] INFO: OK: Syntax OK: core\virtual\virtual_sensors.py
[2026-02-03 16:59:26,741] INFO: OK: Syntax OK: core\indices\cetreria\cetreria_indices.py
[2026-02-03 16:59:26,744] INFO: OK: Syntax OK: core\discovery\drivers\ble_driver.py
[2026-02-03 16:59:26,746] INFO: OK: Syntax OK: core\discovery\drivers\usb_driver.py
[2026-02-03 16:59:26,750] INFO: OK: Syntax OK: core\discovery\drivers\wifi_driver.py
[2026-02-03 16:59:26,751] INFO: OK: Syntax OK: core\api\routers\admin.py
[2026-02-03 16:59:26,752] INFO: OK: Syntax OK: core\api\routers\assistant.py
[2026-02-03 16:59:26,754] INFO: OK: Syntax OK: core\api\routers\config.py
[2026-02-03 16:59:26,754] INFO: OK: Syntax OK: core\api\routers\sensors.py
[2026-02-03 16:59:26,755] INFO: OK: Syntax OK: core\api\routers\systems.py
[2026-02-03 16:59:26,756] INFO: OK: Syntax OK: core\api\routers\voice.py
[2026-02-03 16:59:26,759] INFO: OK: Syntax OK: ai_controller.py
[2026-02-03 16:59:26,761] INFO: OK: Syntax OK: ai_endpoints.py
[2026-02-03 16:59:26,762] INFO: OK: Syntax OK: arrancar_meteoser.py
[2026-02-03 16:59:26,763] INFO: OK: Syntax OK: arrancar_servidor_test.py
[2026-02-03 16:59:26,765] INFO: OK: Syntax OK: AUDITORIA_BUS_FASE1.py
[2026-02-03 16:59:26,766] INFO: OK: Syntax OK: auditoria_codigo.py
[2026-02-03 16:59:26,769] INFO: OK: Syntax OK: AUDITORIA_PROMESAS_VS_CODIGO.py
[2026-02-03 16:59:26,821] INFO: OK: Syntax OK: backup_main_asgi_ojo.py
[2026-02-03 16:59:26,825] INFO: OK: Syntax OK: benchmark_v14_ciclo.py
[2026-02-03 16:59:26,827] INFO: OK: Syntax OK: bucholtz_rayleigh_v25.py
[2026-02-03 16:59:26,829] INFO: OK: Syntax OK: BUS_DATA_CONTRACT.py
[2026-02-03 16:59:26,830] INFO: OK: Syntax OK: calcular_sha256_manifiesto.py
[2026-02-03 16:59:26,831] INFO: OK: Syntax OK: config_manager.py
[2026-02-03 16:59:26,832] INFO: OK: Syntax OK: conftest.py
[2026-02-03 16:59:26,835] INFO: OK: Syntax OK: demo_big_data_inteligente.py
[2026-02-03 16:59:26,837] INFO: OK: Syntax OK: diagnostico_rendimiento.py
[2026-02-03 16:59:26,841] INFO: OK: Syntax OK: ejemplo_bus_v3_mejorado.py
[2026-02-03 16:59:26,845] INFO: OK: Syntax OK: ejemplo_integracion_completa.py
[2026-02-03 16:59:26,847] INFO: OK: Syntax OK: elite_motors_v25.py
[2026-02-03 16:59:26,850] INFO: OK: Syntax OK: evolution_engine.py
[2026-02-03 16:59:26,851] INFO: OK: Syntax OK: generador_sha256_final.py
[2026-02-03 16:59:26,865] ERROR: ERROR: Syntax error in ideas.py: invalid character '₂' (U+2082) (ideas.py, line 83)
[2026-02-03 16:59:26,866] INFO: OK: Syntax OK: INDICE_DOCUMENTACION.py
[2026-02-03 16:59:26,866] INFO: OK: Syntax OK: INSTRUCCIONES_INTEGRACION_IA.py
[2026-02-03 16:59:26,867] INFO: OK: Syntax OK: integracion_elite_motors_v25.py
[2026-02-03 16:59:26,869] INFO: OK: Syntax OK: integration_manager.py
[2026-02-03 16:59:26,869] INFO: OK: Syntax OK: launcher.py
[2026-02-03 16:59:26,874] INFO: OK: Syntax OK: learning_engine.py
[2026-02-03 16:59:26,880] INFO: OK: Syntax OK: learning_simulation.py
[2026-02-03 16:59:26,880] INFO: OK: Syntax OK: main.py
[2026-02-03 16:59:26,944] INFO: OK: Syntax OK: main_asgi.py
[2026-02-03 16:59:26,945] INFO: OK: Syntax OK: meteoser.py
[2026-02-03 16:59:26,948] INFO: OK: Syntax OK: meteoser_ia_integration.py
[2026-02-03 16:59:26,948] INFO: OK: Syntax OK: monitor_main_asgi.py
[2026-02-03 16:59:26,949] INFO: OK: Syntax OK: probar_envio_ecowitt.py
[2026-02-03 16:59:26,952] INFO: OK: Syntax OK: protocolo_certificacion_arranque_v26.py
[2026-02-03 16:59:26,952] INFO: OK: Syntax OK: RELLENO_ENDPOINTS_REALES.py
[2026-02-03 16:59:26,953] INFO: OK: Syntax OK: RESUMEN_LIMPIEZA_SIN_CHAPUZAS.py
[2026-02-03 16:59:26,958] INFO: OK: Syntax OK: self_mod_engine.py
[2026-02-03 16:59:26,962] INFO: OK: Syntax OK: simulation_engine.py
[2026-02-03 16:59:26,965] INFO: OK: Syntax OK: test_auto_discovery.py
[2026-02-03 16:59:26,967] INFO: OK: Syntax OK: test_biblia_v25_completa.py
[2026-02-03 16:59:26,968] INFO: OK: Syntax OK: test_boot.py
[2026-02-03 16:59:26,971] INFO: OK: Syntax OK: test_bus_capas_informacion.py
[2026-02-03 16:59:26,973] INFO: OK: Syntax OK: test_certificacion_v26.py
[2026-02-03 16:59:26,976] INFO: OK: Syntax OK: test_ignicion_fisica_2026.py
[2026-02-03 16:59:26,978] INFO: OK: Syntax OK: test_mejoras_tier_1_3.py
[2026-02-03 16:59:26,980] INFO: OK: Syntax OK: test_presion_quick.py
[2026-02-03 16:59:26,982] INFO: OK: Syntax OK: test_resiliencia_universal.py
[2026-02-03 16:59:26,982] INFO: OK: Syntax OK: test_sha256_simple.py
[2026-02-03 16:59:26,985] INFO: OK: Syntax OK: test_sintonizacion_2026.py
[2026-02-03 16:59:26,988] INFO: OK: Syntax OK: test_statistical_brain.py
[2026-02-03 16:59:26,989] INFO: OK: Syntax OK: test_visibilidad_factor_z.py
[2026-02-03 16:59:26,992] INFO: OK: Syntax OK: UNIFICACION_PLAN_MAESTRO.py
[2026-02-03 16:59:26,995] INFO: OK: Syntax OK: VALIDACION_ACCIONES_CRITICAS_2FEB2026.py
[2026-02-03 16:59:26,997] INFO: OK: Syntax OK: vector_aproximacion_v26.py
[2026-02-03 16:59:27,000] INFO: OK: Syntax OK: verificar_sistema.py
[2026-02-03 16:59:27,000] INFO: OK: Syntax OK: ver_estado_meteoser.py
[2026-02-03 16:59:27,003] INFO: OK: Syntax OK: virtual_sensors.py
[2026-02-03 16:59:27,003] INFO: ✓ Critical directory present: core/validation
[2026-02-03 16:59:27,003] INFO: ✓ Critical directory present: core/bus
[2026-02-03 16:59:27,004] INFO: ✓ Critical directory present: core/indices
[2026-02-03 16:59:27,004] INFO: ✓ Critical directory present: config
[2026-02-03 16:59:27,004] ERROR: ✗ Some CI tests failed
[2026-02-03 16:59:32,754] INFO: Running basic CI tests...
[2026-02-03 16:59:32,755] INFO: ✓ Critical file present: core/system/bus_expander.py
[2026-02-03 16:59:32,755] INFO: ✓ Critical file present: core/validation/anomaly_detector.py
[2026-02-03 16:59:32,755] INFO: ✓ Critical file present: meteoser_configuracion.txt
[2026-02-03 16:59:32,755] INFO: ✓ Critical file present: core/bus/__init__.py
[2026-02-03 16:59:32,755] INFO: ✓ Critical file present: core/bus/bus_capas_informacion.py
[2026-02-03 16:59:32,756] INFO: ✓ Critical file present: main.py
[2026-02-03 16:59:32,756] INFO: ✓ Critical file present: main_asgi.py
[2026-02-03 16:59:32,756] INFO: Checking Python syntax...
[2026-02-03 16:59:32,771] INFO: OK: Syntax OK: core\arcos_solares.py
[2026-02-03 16:59:32,773] INFO: OK: Syntax OK: core\auditoria_manager.py
[2026-02-03 16:59:32,774] INFO: OK: Syntax OK: core\correccion_geofisica_v26.py
[2026-02-03 16:59:32,775] INFO: OK: Syntax OK: core\data_model.py
[2026-02-03 16:59:32,776] INFO: OK: Syntax OK: core\devops_tools.py
[2026-02-03 16:59:32,778] INFO: OK: Syntax OK: core\feedback_manager.py
[2026-02-03 16:59:32,779] INFO: OK: Syntax OK: core\fiabilidad_manager.py
[2026-02-03 16:59:32,780] INFO: OK: Syntax OK: core\ideas_master.py
[2026-02-03 16:59:32,782] INFO: OK: Syntax OK: core\ideas_master_blocks.py
[2026-02-03 16:59:32,783] INFO: OK: Syntax OK: core\logger.py
[2026-02-03 16:59:32,784] INFO: OK: Syntax OK: core\meteo_interface.py
[2026-02-03 16:59:32,785] INFO: OK: Syntax OK: core\recomendaciones_motor.py
[2026-02-03 16:59:32,786] INFO: OK: Syntax OK: core\system_launcher.py
[2026-02-03 16:59:32,786] INFO: OK: Syntax OK: core\system_manager.py
[2026-02-03 16:59:32,787] INFO: OK: Syntax OK: core\utils.py
[2026-02-03 16:59:32,791] INFO: OK: Syntax OK: core\ai\autoheal.py
[2026-02-03 16:59:32,797] INFO: OK: Syntax OK: core\ai\codegen.py
[2026-02-03 16:59:32,802] INFO: OK: Syntax OK: core\ai\contracts.py
[2026-02-03 16:59:32,807] INFO: OK: Syntax OK: core\ai\dialog.py
[2026-02-03 16:59:32,811] INFO: OK: Syntax OK: core\ai\explainer.py
[2026-02-03 16:59:32,815] INFO: OK: Syntax OK: core\ai\knowledge.py
[2026-02-03 16:59:32,819] INFO: OK: Syntax OK: core\ai\orchestrator.py
[2026-02-03 16:59:32,824] INFO: OK: Syntax OK: core\ai\updater.py
[2026-02-03 16:59:32,825] INFO: OK: Syntax OK: core\api\api_engine.py
[2026-02-03 16:59:32,826] INFO: OK: Syntax OK: core\api\api_rest.py
[2026-02-03 16:59:32,829] INFO: OK: Syntax OK: core\api\api_vector_aproximacion_v26.py
[2026-02-03 16:59:32,829] INFO: OK: Syntax OK: core\api\services.py
[2026-02-03 16:59:32,830] INFO: OK: Syntax OK: core\architecture\open_architecture.py
[2026-02-03 16:59:32,831] INFO: OK: Syntax OK: core\atmosphere\isa_calculator.py
[2026-02-03 16:59:32,833] INFO: OK: Syntax OK: core\auto\autocure_engine.py
[2026-02-03 16:59:32,834] INFO: OK: Syntax OK: core\auto\auto_expansion_engine.py
[2026-02-03 16:59:32,835] INFO: OK: Syntax OK: core\auto\auto_improvement_engine.py
[2026-02-03 16:59:32,837] INFO: OK: Syntax OK: core\auto\auto_repair_engine.py
[2026-02-03 16:59:32,844] INFO: OK: Syntax OK: core\auto\auto_sensor_discovery.py
[2026-02-03 16:59:32,847] INFO: OK: Syntax OK: core\bus\bus_async_writer.py
[2026-02-03 16:59:32,852] INFO: OK: Syntax OK: core\bus\bus_capas_informacion.py
[2026-02-03 16:59:32,855] INFO: OK: Syntax OK: core\bus\bus_indexer.py
[2026-02-03 16:59:32,859] INFO: OK: Syntax OK: core\bus\bus_snapshot.py
[2026-02-03 16:59:32,860] INFO: OK: Syntax OK: core\bus\bus_v3_adapter.py
[2026-02-03 16:59:32,863] INFO: OK: Syntax OK: core\bus\dato_historico.py
[2026-02-03 16:59:32,864] INFO: OK: Syntax OK: core\bus\metadata_middleware.py
[2026-02-03 16:59:32,866] INFO: OK: Syntax OK: core\bus\monitor_bus.py
[2026-02-03 16:59:32,873] INFO: OK: Syntax OK: core\calibration\auto_calibrator.py
[2026-02-03 16:59:32,876] INFO: OK: Syntax OK: core\calibration\bias_detector.py
[2026-02-03 16:59:32,879] INFO: OK: Syntax OK: core\calibration\calibration_engine.py
[2026-02-03 16:59:32,882] INFO: OK: Syntax OK: core\calibration\regression_calibrator.py
[2026-02-03 16:59:32,884] INFO: OK: Syntax OK: core\config\config_loader.py
[2026-02-03 16:59:32,885] INFO: OK: Syntax OK: core\config\config_manager.py
[2026-02-03 16:59:32,887] INFO: OK: Syntax OK: core\context\contexto_maestro_global.py
[2026-02-03 16:59:32,888] INFO: OK: Syntax OK: core\context\context_engine.py
[2026-02-03 16:59:32,891] INFO: OK: Syntax OK: core\context\fallback_universal.py
[2026-02-03 16:59:32,892] INFO: OK: Syntax OK: core\discovery\ble_scanner.py
[2026-02-03 16:59:32,895] INFO: OK: Syntax OK: core\discovery\driver_installer.py
[2026-02-03 16:59:32,897] INFO: OK: Syntax OK: core\discovery\mdns_scanner.py
[2026-02-03 16:59:32,899] INFO: OK: Syntax OK: core\discovery\omnipotence_manager.py
[2026-02-03 16:59:32,902] INFO: OK: Syntax OK: core\discovery\sensor_assimilator.py
[2026-02-03 16:59:32,905] INFO: OK: Syntax OK: core\discovery\universal_orchestrator.py
[2026-02-03 16:59:32,909] INFO: OK: Syntax OK: core\discovery\universal_scanner.py
[2026-02-03 16:59:32,912] INFO: OK: Syntax OK: core\discovery\usb_scanner.py
[2026-02-03 16:59:32,914] INFO: OK: Syntax OK: core\engines\autoimprovement_engine.py
[2026-02-03 16:59:32,917] INFO: OK: Syntax OK: core\engines\auto_improvement_engine.py
[2026-02-03 16:59:32,920] INFO: OK: Syntax OK: core\engines\brain_persistence.py
[2026-02-03 16:59:32,924] INFO: OK: Syntax OK: core\engines\communication_engine.py
[2026-02-03 16:59:32,949] INFO: OK: Syntax OK: core\engines\environmental_engines.py
[2026-02-03 16:59:32,952] INFO: OK: Syntax OK: core\engines\habits_engine.py
[2026-02-03 16:59:32,955] INFO: OK: Syntax OK: core\engines\indoor_air_cross_validator.py
[2026-02-03 16:59:32,960] INFO: OK: Syntax OK: core\engines\sensor_engine.py
[2026-02-03 16:59:32,967] INFO: OK: Syntax OK: core\engines\statistical_brain.py
[2026-02-03 16:59:32,968] INFO: OK: Syntax OK: core\evolution\evolution_engine.py
[2026-02-03 16:59:32,969] INFO: OK: Syntax OK: core\ia\assistant.py
[2026-02-03 16:59:32,970] INFO: OK: Syntax OK: core\ia\suggest_engine.py
[2026-02-03 16:59:32,973] INFO: OK: Syntax OK: core\indices\advanced_field_indices.py
[2026-02-03 16:59:32,978] INFO: OK: Syntax OK: core\indices\advanced_physics_models.py
[2026-02-03 16:59:32,985] INFO: OK: Syntax OK: core\indices\advanced_predictive_indices.py
[2026-02-03 16:59:32,988] INFO: OK: Syntax OK: core\indices\ashrae55_adaptive_vtt.py
[2026-02-03 16:59:32,990] INFO: OK: Syntax OK: core\indices\astronomia_recursiva.py
[2026-02-03 16:59:32,992] INFO: OK: Syntax OK: core\indices\atmospheric_profiler.py
[2026-02-03 16:59:32,994] INFO: OK: Syntax OK: core\indices\bucholtz_rayleigh_v25.py
[2026-02-03 16:59:32,998] INFO: OK: Syntax OK: core\indices\bus_estado_global.py
[2026-02-03 16:59:33,002] INFO: OK: Syntax OK: core\indices\elite_motors_v25.py
[2026-02-03 16:59:33,002] INFO: OK: Syntax OK: core\indices\elite_physics.py
[2026-02-03 16:59:33,158] INFO: OK: Syntax OK: core\indices\environmental_indices.py
[2026-02-03 16:59:33,159] INFO: OK: Syntax OK: core\indices\external_earthquake_validation.py
[2026-02-03 16:59:33,161] INFO: OK: Syntax OK: core\indices\external_lightning_validation.py
[2026-02-03 16:59:33,162] INFO: OK: Syntax OK: core\indices\fanger_pmv_ppd.py
[2026-02-03 16:59:33,164] INFO: OK: Syntax OK: core\indices\gab_sorption.py
[2026-02-03 16:59:33,166] INFO: OK: Syntax OK: core\indices\index_catalog.py
[2026-02-03 16:59:33,167] INFO: OK: Syntax OK: core\indices\index_registry.py
[2026-02-03 16:59:33,167] INFO: OK: Syntax OK: core\indices\index_selection.py
[2026-02-03 16:59:33,169] INFO: OK: Syntax OK: core\indices\integracion_elite_motors_v25.py
[2026-02-03 16:59:33,171] INFO: OK: Syntax OK: core\indices\liljegren_wbgt.py
[2026-02-03 16:59:33,176] INFO: OK: Syntax OK: core\indices\physical_consistency.py
[2026-02-03 16:59:33,179] INFO: OK: Syntax OK: core\indices\physics_engine_2026.py
[2026-02-03 16:59:33,182] INFO: OK: Syntax OK: core\indices\physics_engine_cached.py
[2026-02-03 16:59:33,185] INFO: OK: Syntax OK: core\indices\physics_numba.py
[2026-02-03 16:59:33,186] INFO: OK: Syntax OK: core\indices\rayleigh_miller_dispersion.py
[2026-02-03 16:59:33,187] INFO: OK: Syntax OK: core\indices\serializador_estado_atomico.py
[2026-02-03 16:59:33,190] INFO: OK: Syntax OK: core\indices\testigo_fallo.py
[2026-02-03 16:59:33,192] INFO: OK: Syntax OK: core\indices\utci_polynomial.py
[2026-02-03 16:59:33,194] INFO: OK: Syntax OK: core\indices\uv_angstrom_dinamico.py
[2026-02-03 16:59:33,197] INFO: OK: Syntax OK: core\indices\uv_spectral_diamond.py
[2026-02-03 16:59:33,200] INFO: OK: Syntax OK: core\indices\vector_aproximacion_v26.py
[2026-02-03 16:59:33,200] INFO: OK: Syntax OK: core\integration\dashboard_endpoint.py
[2026-02-03 16:59:33,213] INFO: OK: Syntax OK: core\integration\ecowitt_receiver.py
[2026-02-03 16:59:33,214] INFO: OK: Syntax OK: core\integration\integration_manager.py
[2026-02-03 16:59:33,216] INFO: OK: Syntax OK: core\integration\temporal_sync_persistence.py
[2026-02-03 16:59:33,218] INFO: OK: Syntax OK: core\learning\feature_store.py
[2026-02-03 16:59:33,223] INFO: OK: Syntax OK: core\learning\learning_simulation.py
[2026-02-03 16:59:33,226] INFO: OK: Syntax OK: core\learning\model_governance.py
[2026-02-03 16:59:33,228] INFO: OK: Syntax OK: core\location\location_engine.py
[2026-02-03 16:59:33,230] INFO: OK: Syntax OK: core\logging\audit_trail.py
[2026-02-03 16:59:33,231] INFO: OK: Syntax OK: core\logging\log_engine.py
[2026-02-03 16:59:33,232] INFO: OK: Syntax OK: core\meteo\meteo_engine.py
[2026-02-03 16:59:33,233] INFO: OK: Syntax OK: core\meteo\meteo_model.py
[2026-02-03 16:59:33,234] INFO: OK: Syntax OK: core\meteo\meteo_utils.py
[2026-02-03 16:59:33,234] INFO: OK: Syntax OK: core\motors\alarmas_motor.py
[2026-02-03 16:59:33,235] INFO: OK: Syntax OK: core\motors\ambiental_motor.py
[2026-02-03 16:59:33,236] INFO: OK: Syntax OK: core\motors\automejora_motor.py
[2026-02-03 16:59:33,236] INFO: OK: Syntax OK: core\motors\calendario_motor.py
[2026-02-03 16:59:33,237] INFO: OK: Syntax OK: core\motors\comunicacion_motor.py
[2026-02-03 16:59:33,237] INFO: OK: Syntax OK: core\motors\confort_motor.py
[2026-02-03 16:59:33,238] INFO: OK: Syntax OK: core\motors\edificio_motor.py
[2026-02-03 16:59:33,239] INFO: OK: Syntax OK: core\motors\estado_api.py
[2026-02-03 16:59:33,240] INFO: OK: Syntax OK: core\motors\estado_api_extendido.py
[2026-02-03 16:59:33,241] INFO: OK: Syntax OK: core\motors\eventos_motor.py
[2026-02-03 16:59:33,241] INFO: OK: Syntax OK: core\motors\huellas_motor.py
[2026-02-03 16:59:33,242] INFO: OK: Syntax OK: core\motors\impresion_motor.py
[2026-02-03 16:59:33,242] INFO: OK: Syntax OK: core\motors\lista_compra_motor.py
[2026-02-03 16:59:33,243] INFO: OK: Syntax OK: core\motors\meteorologico_motor.py
[2026-02-03 16:59:33,244] INFO: OK: Syntax OK: core\motors\motors_api.py
[2026-02-03 16:59:33,245] INFO: OK: Syntax OK: core\motors\recomendaciones_motor.py
[2026-02-03 16:59:33,246] INFO: OK: Syntax OK: core\motors\submenu_motor.py
[2026-02-03 16:59:33,246] INFO: OK: Syntax OK: core\motors\tareas_motor.py
[2026-02-03 16:59:33,250] INFO: OK: Syntax OK: core\omnipotence\integration_bridge.py
[2026-02-03 16:59:33,252] INFO: OK: Syntax OK: core\omnipotence\omnipotence_simple.py
[2026-02-03 16:59:33,253] INFO: OK: Syntax OK: core\organizer\organizer_api.py
[2026-02-03 16:59:33,255] INFO: OK: Syntax OK: core\organizer\organizer_model.py
[2026-02-03 16:59:33,258] INFO: OK: Syntax OK: core\pas\pas_engine.py
[2026-02-03 16:59:33,261] INFO: OK: Syntax OK: core\persistence\influxdb_manager.py
[2026-02-03 16:59:33,264] INFO: OK: Syntax OK: core\persistence\timeseries_archiver.py
[2026-02-03 16:59:33,268] INFO: OK: Syntax OK: core\prediction\lstm_predictor.py
[2026-02-03 16:59:33,276] INFO: OK: Syntax OK: core\prediction\prediction_engine.py
[2026-02-03 16:59:33,280] INFO: OK: Syntax OK: core\recommendations\unified_recommendation_engine.py
[2026-02-03 16:59:33,282] INFO: OK: Syntax OK: core\security\policies.py
[2026-02-03 16:59:33,283] INFO: OK: Syntax OK: core\selfmod\self_mod_engine.py
[2026-02-03 16:59:33,286] INFO: OK: Syntax OK: core\sensors\pm_calibration.py
[2026-02-03 16:59:33,288] INFO: OK: Syntax OK: core\sensors\sensor_aliases.py
[2026-02-03 16:59:33,290] INFO: OK: Syntax OK: core\sensors\sensor_fusion.py
[2026-02-03 16:59:33,292] INFO: OK: Syntax OK: core\sensors\sensor_virtual_altura.py
[2026-02-03 16:59:33,294] INFO: OK: Syntax OK: core\system\acorazado_orchestrator.py
[2026-02-03 16:59:33,297] INFO: OK: Syntax OK: core\system\bus_auto_capture.py
[2026-02-03 16:59:33,343] ERROR: ERROR: Syntax error in core\system\bus_expander.py: unexpected indent (bus_expander.py, line 581)
[2026-02-03 16:59:33,404] INFO: OK: Syntax OK: core\system\bus_expander_V13_BACKUP_20260202_180608.py
[2026-02-03 16:59:33,407] INFO: OK: Syntax OK: core\system\bus_expander_V20_CERTIFICADO.py
[2026-02-03 16:59:33,409] INFO: OK: Syntax OK: core\system\observability_engine.py
[2026-02-03 16:59:33,411] INFO: OK: Syntax OK: core\system\startup_auditor.py
[2026-02-03 16:59:33,414] INFO: OK: Syntax OK: core\system\system_core.py
[2026-02-03 16:59:33,415] INFO: OK: Syntax OK: core\system\system_launcher.py
[2026-02-03 16:59:33,416] INFO: OK: Syntax OK: core\system\system_manager.py
[2026-02-03 16:59:33,417] INFO: OK: Syntax OK: core\ui\main_ui.py
[2026-02-03 16:59:33,420] INFO: OK: Syntax OK: core\validation\anomaly_detector.py
[2026-02-03 16:59:33,421] INFO: OK: Syntax OK: core\validation\fallback_isa.py
[2026-02-03 16:59:33,425] INFO: OK: Syntax OK: core\validation\outlier_detector.py
[2026-02-03 16:59:33,428] INFO: OK: Syntax OK: core\validation\sensor_validator_cascada.py
[2026-02-03 16:59:33,431] INFO: OK: Syntax OK: core\virtual\virtual_sensors.py
[2026-02-03 16:59:33,434] INFO: OK: Syntax OK: core\indices\cetreria\cetreria_indices.py
[2026-02-03 16:59:33,436] INFO: OK: Syntax OK: core\discovery\drivers\ble_driver.py
[2026-02-03 16:59:33,440] INFO: OK: Syntax OK: core\discovery\drivers\usb_driver.py
[2026-02-03 16:59:33,445] INFO: OK: Syntax OK: core\discovery\drivers\wifi_driver.py
[2026-02-03 16:59:33,446] INFO: OK: Syntax OK: core\api\routers\admin.py
[2026-02-03 16:59:33,448] INFO: OK: Syntax OK: core\api\routers\assistant.py
[2026-02-03 16:59:33,449] INFO: OK: Syntax OK: core\api\routers\config.py
[2026-02-03 16:59:33,450] INFO: OK: Syntax OK: core\api\routers\sensors.py
[2026-02-03 16:59:33,451] INFO: OK: Syntax OK: core\api\routers\systems.py
[2026-02-03 16:59:33,452] INFO: OK: Syntax OK: core\api\routers\voice.py
[2026-02-03 16:59:33,454] INFO: OK: Syntax OK: ai_controller.py
[2026-02-03 16:59:33,458] INFO: OK: Syntax OK: ai_endpoints.py
[2026-02-03 16:59:33,459] INFO: OK: Syntax OK: arrancar_meteoser.py
[2026-02-03 16:59:33,459] INFO: OK: Syntax OK: arrancar_servidor_test.py
[2026-02-03 16:59:33,461] INFO: OK: Syntax OK: AUDITORIA_BUS_FASE1.py
[2026-02-03 16:59:33,463] INFO: OK: Syntax OK: auditoria_codigo.py
[2026-02-03 16:59:33,465] INFO: OK: Syntax OK: AUDITORIA_PROMESAS_VS_CODIGO.py
[2026-02-03 16:59:33,518] INFO: OK: Syntax OK: backup_main_asgi_ojo.py
[2026-02-03 16:59:33,521] INFO: OK: Syntax OK: benchmark_v14_ciclo.py
[2026-02-03 16:59:33,523] INFO: OK: Syntax OK: bucholtz_rayleigh_v25.py
[2026-02-03 16:59:33,526] INFO: OK: Syntax OK: BUS_DATA_CONTRACT.py
[2026-02-03 16:59:33,526] INFO: OK: Syntax OK: calcular_sha256_manifiesto.py
[2026-02-03 16:59:33,528] INFO: OK: Syntax OK: config_manager.py
[2026-02-03 16:59:33,529] INFO: OK: Syntax OK: conftest.py
[2026-02-03 16:59:33,533] INFO: OK: Syntax OK: demo_big_data_inteligente.py
[2026-02-03 16:59:33,535] INFO: OK: Syntax OK: diagnostico_rendimiento.py
[2026-02-03 16:59:33,538] INFO: OK: Syntax OK: ejemplo_bus_v3_mejorado.py
[2026-02-03 16:59:33,545] INFO: OK: Syntax OK: ejemplo_integracion_completa.py
[2026-02-03 16:59:33,548] INFO: OK: Syntax OK: elite_motors_v25.py
[2026-02-03 16:59:33,552] INFO: OK: Syntax OK: evolution_engine.py
[2026-02-03 16:59:33,553] INFO: OK: Syntax OK: generador_sha256_final.py
[2026-02-03 16:59:33,554] ERROR: ERROR: Syntax error in ideas.py: invalid character '₂' (U+2082) (ideas.py, line 83)
[2026-02-03 16:59:33,556] INFO: OK: Syntax OK: INDICE_DOCUMENTACION.py
[2026-02-03 16:59:33,557] INFO: OK: Syntax OK: INSTRUCCIONES_INTEGRACION_IA.py
[2026-02-03 16:59:33,559] INFO: OK: Syntax OK: integracion_elite_motors_v25.py
[2026-02-03 16:59:33,560] INFO: OK: Syntax OK: integration_manager.py
[2026-02-03 16:59:33,561] INFO: OK: Syntax OK: launcher.py
[2026-02-03 16:59:33,565] INFO: OK: Syntax OK: learning_engine.py
[2026-02-03 16:59:33,570] INFO: OK: Syntax OK: learning_simulation.py
[2026-02-03 16:59:33,571] INFO: OK: Syntax OK: main.py
[2026-02-03 16:59:33,638] INFO: OK: Syntax OK: main_asgi.py
[2026-02-03 16:59:33,640] INFO: OK: Syntax OK: meteoser.py
[2026-02-03 16:59:33,643] INFO: OK: Syntax OK: meteoser_ia_integration.py
[2026-02-03 16:59:33,643] INFO: OK: Syntax OK: monitor_main_asgi.py
[2026-02-03 16:59:33,644] INFO: OK: Syntax OK: probar_envio_ecowitt.py
[2026-02-03 16:59:33,647] INFO: OK: Syntax OK: protocolo_certificacion_arranque_v26.py
[2026-02-03 16:59:33,648] INFO: OK: Syntax OK: RELLENO_ENDPOINTS_REALES.py
[2026-02-03 16:59:33,648] INFO: OK: Syntax OK: RESUMEN_LIMPIEZA_SIN_CHAPUZAS.py
[2026-02-03 16:59:33,653] INFO: OK: Syntax OK: self_mod_engine.py
[2026-02-03 16:59:33,656] INFO: OK: Syntax OK: simulation_engine.py
[2026-02-03 16:59:33,659] INFO: OK: Syntax OK: test_auto_discovery.py
[2026-02-03 16:59:33,662] INFO: OK: Syntax OK: test_biblia_v25_completa.py
[2026-02-03 16:59:33,663] INFO: OK: Syntax OK: test_boot.py
[2026-02-03 16:59:33,667] INFO: OK: Syntax OK: test_bus_capas_informacion.py
[2026-02-03 16:59:33,668] INFO: OK: Syntax OK: test_certificacion_v26.py
[2026-02-03 16:59:33,670] INFO: OK: Syntax OK: test_ignicion_fisica_2026.py
[2026-02-03 16:59:33,673] INFO: OK: Syntax OK: test_mejoras_tier_1_3.py
[2026-02-03 16:59:33,675] INFO: OK: Syntax OK: test_presion_quick.py
[2026-02-03 16:59:33,677] INFO: OK: Syntax OK: test_resiliencia_universal.py
[2026-02-03 16:59:33,678] INFO: OK: Syntax OK: test_sha256_simple.py
[2026-02-03 16:59:33,681] INFO: OK: Syntax OK: test_sintonizacion_2026.py
[2026-02-03 16:59:33,684] INFO: OK: Syntax OK: test_statistical_brain.py
[2026-02-03 16:59:33,686] INFO: OK: Syntax OK: test_visibilidad_factor_z.py
[2026-02-03 16:59:33,688] INFO: OK: Syntax OK: UNIFICACION_PLAN_MAESTRO.py
[2026-02-03 16:59:33,692] INFO: OK: Syntax OK: VALIDACION_ACCIONES_CRITICAS_2FEB2026.py
[2026-02-03 16:59:33,694] INFO: OK: Syntax OK: vector_aproximacion_v26.py
[2026-02-03 16:59:33,697] INFO: OK: Syntax OK: verificar_sistema.py
[2026-02-03 16:59:33,698] INFO: OK: Syntax OK: ver_estado_meteoser.py
[2026-02-03 16:59:33,701] INFO: OK: Syntax OK: virtual_sensors.py
[2026-02-03 16:59:33,701] INFO: ✓ Critical directory present: core/validation
[2026-02-03 16:59:33,702] INFO: ✓ Critical directory present: core/bus
[2026-02-03 16:59:33,702] INFO: ✓ Critical directory present: core/indices
[2026-02-03 16:59:33,702] INFO: ✓ Critical directory present: config
[2026-02-03 16:59:33,702] ERROR: ✗ Some CI tests failed
[2026-02-03 17:00:19,781] INFO: Running basic CI tests...
[2026-02-03 17:00:19,782] INFO: ✓ Critical file present: core/system/bus_expander.py
[2026-02-03 17:00:19,782] INFO: ✓ Critical file present: core/validation/anomaly_detector.py
[2026-02-03 17:00:19,782] INFO: ✓ Critical file present: meteoser_configuracion.txt
[2026-02-03 17:00:19,782] INFO: ✓ Critical file present: core/bus/__init__.py
[2026-02-03 17:00:19,782] INFO: ✓ Critical file present: core/bus/bus_capas_informacion.py
[2026-02-03 17:00:19,782] INFO: ✓ Critical file present: main.py
[2026-02-03 17:00:19,783] INFO: ✓ Critical file present: main_asgi.py
[2026-02-03 17:00:19,783] INFO: Checking Python syntax...
[2026-02-03 17:00:19,798] INFO: OK: Syntax OK: core\arcos_solares.py
[2026-02-03 17:00:19,800] INFO: OK: Syntax OK: core\auditoria_manager.py
[2026-02-03 17:00:19,801] INFO: OK: Syntax OK: core\correccion_geofisica_v26.py
[2026-02-03 17:00:19,802] INFO: OK: Syntax OK: core\data_model.py
[2026-02-03 17:00:19,802] INFO: OK: Syntax OK: core\devops_tools.py
[2026-02-03 17:00:19,804] INFO: OK: Syntax OK: core\feedback_manager.py
[2026-02-03 17:00:19,806] INFO: OK: Syntax OK: core\fiabilidad_manager.py
[2026-02-03 17:00:19,806] INFO: OK: Syntax OK: core\ideas_master.py
[2026-02-03 17:00:19,809] INFO: OK: Syntax OK: core\ideas_master_blocks.py
[2026-02-03 17:00:19,809] INFO: OK: Syntax OK: core\logger.py
[2026-02-03 17:00:19,812] INFO: OK: Syntax OK: core\meteo_interface.py
[2026-02-03 17:00:19,813] INFO: OK: Syntax OK: core\recomendaciones_motor.py
[2026-02-03 17:00:19,813] INFO: OK: Syntax OK: core\system_launcher.py
[2026-02-03 17:00:19,814] INFO: OK: Syntax OK: core\system_manager.py
[2026-02-03 17:00:19,814] INFO: OK: Syntax OK: core\utils.py
[2026-02-03 17:00:19,818] INFO: OK: Syntax OK: core\ai\autoheal.py
[2026-02-03 17:00:19,824] INFO: OK: Syntax OK: core\ai\codegen.py
[2026-02-03 17:00:19,829] INFO: OK: Syntax OK: core\ai\contracts.py
[2026-02-03 17:00:19,834] INFO: OK: Syntax OK: core\ai\dialog.py
[2026-02-03 17:00:19,838] INFO: OK: Syntax OK: core\ai\explainer.py
[2026-02-03 17:00:19,843] INFO: OK: Syntax OK: core\ai\knowledge.py
[2026-02-03 17:00:19,847] INFO: OK: Syntax OK: core\ai\orchestrator.py
[2026-02-03 17:00:19,852] INFO: OK: Syntax OK: core\ai\updater.py
[2026-02-03 17:00:19,853] INFO: OK: Syntax OK: core\api\api_engine.py
[2026-02-03 17:00:19,853] INFO: OK: Syntax OK: core\api\api_rest.py
[2026-02-03 17:00:19,856] INFO: OK: Syntax OK: core\api\api_vector_aproximacion_v26.py
[2026-02-03 17:00:19,857] INFO: OK: Syntax OK: core\api\services.py
[2026-02-03 17:00:19,858] INFO: OK: Syntax OK: core\architecture\open_architecture.py
[2026-02-03 17:00:19,859] INFO: OK: Syntax OK: core\atmosphere\isa_calculator.py
[2026-02-03 17:00:19,861] INFO: OK: Syntax OK: core\auto\autocure_engine.py
[2026-02-03 17:00:19,861] INFO: OK: Syntax OK: core\auto\auto_expansion_engine.py
[2026-02-03 17:00:19,863] INFO: OK: Syntax OK: core\auto\auto_improvement_engine.py
[2026-02-03 17:00:19,864] INFO: OK: Syntax OK: core\auto\auto_repair_engine.py
[2026-02-03 17:00:19,872] INFO: OK: Syntax OK: core\auto\auto_sensor_discovery.py
[2026-02-03 17:00:19,875] INFO: OK: Syntax OK: core\bus\bus_async_writer.py
[2026-02-03 17:00:19,880] INFO: OK: Syntax OK: core\bus\bus_capas_informacion.py
[2026-02-03 17:00:19,883] INFO: OK: Syntax OK: core\bus\bus_indexer.py
[2026-02-03 17:00:19,886] INFO: OK: Syntax OK: core\bus\bus_snapshot.py
[2026-02-03 17:00:19,888] INFO: OK: Syntax OK: core\bus\bus_v3_adapter.py
[2026-02-03 17:00:19,890] INFO: OK: Syntax OK: core\bus\dato_historico.py
[2026-02-03 17:00:19,891] INFO: OK: Syntax OK: core\bus\metadata_middleware.py
[2026-02-03 17:00:19,894] INFO: OK: Syntax OK: core\bus\monitor_bus.py
[2026-02-03 17:00:19,901] INFO: OK: Syntax OK: core\calibration\auto_calibrator.py
[2026-02-03 17:00:19,904] INFO: OK: Syntax OK: core\calibration\bias_detector.py
[2026-02-03 17:00:19,907] INFO: OK: Syntax OK: core\calibration\calibration_engine.py
[2026-02-03 17:00:19,911] INFO: OK: Syntax OK: core\calibration\regression_calibrator.py
[2026-02-03 17:00:19,913] INFO: OK: Syntax OK: core\config\config_loader.py
[2026-02-03 17:00:19,913] INFO: OK: Syntax OK: core\config\config_manager.py
[2026-02-03 17:00:19,915] INFO: OK: Syntax OK: core\context\contexto_maestro_global.py
[2026-02-03 17:00:19,917] INFO: OK: Syntax OK: core\context\context_engine.py
[2026-02-03 17:00:19,919] INFO: OK: Syntax OK: core\context\fallback_universal.py
[2026-02-03 17:00:19,921] INFO: OK: Syntax OK: core\discovery\ble_scanner.py
[2026-02-03 17:00:19,924] INFO: OK: Syntax OK: core\discovery\driver_installer.py
[2026-02-03 17:00:19,928] INFO: OK: Syntax OK: core\discovery\mdns_scanner.py
[2026-02-03 17:00:19,930] INFO: OK: Syntax OK: core\discovery\omnipotence_manager.py
[2026-02-03 17:00:19,935] INFO: OK: Syntax OK: core\discovery\sensor_assimilator.py
[2026-02-03 17:00:19,939] INFO: OK: Syntax OK: core\discovery\universal_orchestrator.py
[2026-02-03 17:00:19,942] INFO: OK: Syntax OK: core\discovery\universal_scanner.py
[2026-02-03 17:00:19,946] INFO: OK: Syntax OK: core\discovery\usb_scanner.py
[2026-02-03 17:00:19,949] INFO: OK: Syntax OK: core\engines\autoimprovement_engine.py
[2026-02-03 17:00:19,953] INFO: OK: Syntax OK: core\engines\auto_improvement_engine.py
[2026-02-03 17:00:19,957] INFO: OK: Syntax OK: core\engines\brain_persistence.py
[2026-02-03 17:00:19,960] INFO: OK: Syntax OK: core\engines\communication_engine.py
[2026-02-03 17:00:19,984] INFO: OK: Syntax OK: core\engines\environmental_engines.py
[2026-02-03 17:00:19,987] INFO: OK: Syntax OK: core\engines\habits_engine.py
[2026-02-03 17:00:19,990] INFO: OK: Syntax OK: core\engines\indoor_air_cross_validator.py
[2026-02-03 17:00:19,992] INFO: OK: Syntax OK: core\engines\sensor_engine.py
[2026-02-03 17:00:19,999] INFO: OK: Syntax OK: core\engines\statistical_brain.py
[2026-02-03 17:00:20,000] INFO: OK: Syntax OK: core\evolution\evolution_engine.py
[2026-02-03 17:00:20,001] INFO: OK: Syntax OK: core\ia\assistant.py
[2026-02-03 17:00:20,002] INFO: OK: Syntax OK: core\ia\suggest_engine.py
[2026-02-03 17:00:20,005] INFO: OK: Syntax OK: core\indices\advanced_field_indices.py
[2026-02-03 17:00:20,009] INFO: OK: Syntax OK: core\indices\advanced_physics_models.py
[2026-02-03 17:00:20,017] INFO: OK: Syntax OK: core\indices\advanced_predictive_indices.py
[2026-02-03 17:00:20,020] INFO: OK: Syntax OK: core\indices\ashrae55_adaptive_vtt.py
[2026-02-03 17:00:20,022] INFO: OK: Syntax OK: core\indices\astronomia_recursiva.py
[2026-02-03 17:00:20,024] INFO: OK: Syntax OK: core\indices\atmospheric_profiler.py
[2026-02-03 17:00:20,026] INFO: OK: Syntax OK: core\indices\bucholtz_rayleigh_v25.py
[2026-02-03 17:00:20,029] INFO: OK: Syntax OK: core\indices\bus_estado_global.py
[2026-02-03 17:00:20,034] INFO: OK: Syntax OK: core\indices\elite_motors_v25.py
[2026-02-03 17:00:20,035] INFO: OK: Syntax OK: core\indices\elite_physics.py
[2026-02-03 17:00:20,191] INFO: OK: Syntax OK: core\indices\environmental_indices.py
[2026-02-03 17:00:20,192] INFO: OK: Syntax OK: core\indices\external_earthquake_validation.py
[2026-02-03 17:00:20,194] INFO: OK: Syntax OK: core\indices\external_lightning_validation.py
[2026-02-03 17:00:20,196] INFO: OK: Syntax OK: core\indices\fanger_pmv_ppd.py
[2026-02-03 17:00:20,197] INFO: OK: Syntax OK: core\indices\gab_sorption.py
[2026-02-03 17:00:20,200] INFO: OK: Syntax OK: core\indices\index_catalog.py
[2026-02-03 17:00:20,201] INFO: OK: Syntax OK: core\indices\index_registry.py
[2026-02-03 17:00:20,202] INFO: OK: Syntax OK: core\indices\index_selection.py
[2026-02-03 17:00:20,204] INFO: OK: Syntax OK: core\indices\integracion_elite_motors_v25.py
[2026-02-03 17:00:20,206] INFO: OK: Syntax OK: core\indices\liljegren_wbgt.py
[2026-02-03 17:00:20,210] INFO: OK: Syntax OK: core\indices\physical_consistency.py
[2026-02-03 17:00:20,213] INFO: OK: Syntax OK: core\indices\physics_engine_2026.py
[2026-02-03 17:00:20,216] INFO: OK: Syntax OK: core\indices\physics_engine_cached.py
[2026-02-03 17:00:20,220] INFO: OK: Syntax OK: core\indices\physics_numba.py
[2026-02-03 17:00:20,221] INFO: OK: Syntax OK: core\indices\rayleigh_miller_dispersion.py
[2026-02-03 17:00:20,223] INFO: OK: Syntax OK: core\indices\serializador_estado_atomico.py
[2026-02-03 17:00:20,225] INFO: OK: Syntax OK: core\indices\testigo_fallo.py
[2026-02-03 17:00:20,227] INFO: OK: Syntax OK: core\indices\utci_polynomial.py
[2026-02-03 17:00:20,228] INFO: OK: Syntax OK: core\indices\uv_angstrom_dinamico.py
[2026-02-03 17:00:20,231] INFO: OK: Syntax OK: core\indices\uv_spectral_diamond.py
[2026-02-03 17:00:20,234] INFO: OK: Syntax OK: core\indices\vector_aproximacion_v26.py
[2026-02-03 17:00:20,235] INFO: OK: Syntax OK: core\integration\dashboard_endpoint.py
[2026-02-03 17:00:20,246] INFO: OK: Syntax OK: core\integration\ecowitt_receiver.py
[2026-02-03 17:00:20,248] INFO: OK: Syntax OK: core\integration\integration_manager.py
[2026-02-03 17:00:20,251] INFO: OK: Syntax OK: core\integration\temporal_sync_persistence.py
[2026-02-03 17:00:20,252] INFO: OK: Syntax OK: core\learning\feature_store.py
[2026-02-03 17:00:20,257] INFO: OK: Syntax OK: core\learning\learning_simulation.py
[2026-02-03 17:00:20,259] INFO: OK: Syntax OK: core\learning\model_governance.py
[2026-02-03 17:00:20,261] INFO: OK: Syntax OK: core\location\location_engine.py
[2026-02-03 17:00:20,262] INFO: OK: Syntax OK: core\logging\audit_trail.py
[2026-02-03 17:00:20,263] INFO: OK: Syntax OK: core\logging\log_engine.py
[2026-02-03 17:00:20,264] INFO: OK: Syntax OK: core\meteo\meteo_engine.py
[2026-02-03 17:00:20,265] INFO: OK: Syntax OK: core\meteo\meteo_model.py
[2026-02-03 17:00:20,267] INFO: OK: Syntax OK: core\meteo\meteo_utils.py
[2026-02-03 17:00:20,268] INFO: OK: Syntax OK: core\motors\alarmas_motor.py
[2026-02-03 17:00:20,270] INFO: OK: Syntax OK: core\motors\ambiental_motor.py
[2026-02-03 17:00:20,271] INFO: OK: Syntax OK: core\motors\automejora_motor.py
[2026-02-03 17:00:20,271] INFO: OK: Syntax OK: core\motors\calendario_motor.py
[2026-02-03 17:00:20,272] INFO: OK: Syntax OK: core\motors\comunicacion_motor.py
[2026-02-03 17:00:20,273] INFO: OK: Syntax OK: core\motors\confort_motor.py
[2026-02-03 17:00:20,274] INFO: OK: Syntax OK: core\motors\edificio_motor.py
[2026-02-03 17:00:20,275] INFO: OK: Syntax OK: core\motors\estado_api.py
[2026-02-03 17:00:20,276] INFO: OK: Syntax OK: core\motors\estado_api_extendido.py
[2026-02-03 17:00:20,278] INFO: OK: Syntax OK: core\motors\eventos_motor.py
[2026-02-03 17:00:20,278] INFO: OK: Syntax OK: core\motors\huellas_motor.py
[2026-02-03 17:00:20,279] INFO: OK: Syntax OK: core\motors\impresion_motor.py
[2026-02-03 17:00:20,280] INFO: OK: Syntax OK: core\motors\lista_compra_motor.py
[2026-02-03 17:00:20,281] INFO: OK: Syntax OK: core\motors\meteorologico_motor.py
[2026-02-03 17:00:20,283] INFO: OK: Syntax OK: core\motors\motors_api.py
[2026-02-03 17:00:20,284] INFO: OK: Syntax OK: core\motors\recomendaciones_motor.py
[2026-02-03 17:00:20,285] INFO: OK: Syntax OK: core\motors\submenu_motor.py
[2026-02-03 17:00:20,286] INFO: OK: Syntax OK: core\motors\tareas_motor.py
[2026-02-03 17:00:20,290] INFO: OK: Syntax OK: core\omnipotence\integration_bridge.py
[2026-02-03 17:00:20,293] INFO: OK: Syntax OK: core\omnipotence\omnipotence_simple.py
[2026-02-03 17:00:20,295] INFO: OK: Syntax OK: core\organizer\organizer_api.py
[2026-02-03 17:00:20,296] INFO: OK: Syntax OK: core\organizer\organizer_model.py
[2026-02-03 17:00:20,298] INFO: OK: Syntax OK: core\pas\pas_engine.py
[2026-02-03 17:00:20,302] INFO: OK: Syntax OK: core\persistence\influxdb_manager.py
[2026-02-03 17:00:20,305] INFO: OK: Syntax OK: core\persistence\timeseries_archiver.py
[2026-02-03 17:00:20,309] INFO: OK: Syntax OK: core\prediction\lstm_predictor.py
[2026-02-03 17:00:20,314] INFO: OK: Syntax OK: core\prediction\prediction_engine.py
[2026-02-03 17:00:20,317] INFO: OK: Syntax OK: core\recommendations\unified_recommendation_engine.py
[2026-02-03 17:00:20,320] INFO: OK: Syntax OK: core\security\policies.py
[2026-02-03 17:00:20,320] INFO: OK: Syntax OK: core\selfmod\self_mod_engine.py
[2026-02-03 17:00:20,322] INFO: OK: Syntax OK: core\sensors\pm_calibration.py
[2026-02-03 17:00:20,324] INFO: OK: Syntax OK: core\sensors\sensor_aliases.py
[2026-02-03 17:00:20,325] INFO: OK: Syntax OK: core\sensors\sensor_fusion.py
[2026-02-03 17:00:20,327] INFO: OK: Syntax OK: core\sensors\sensor_virtual_altura.py
[2026-02-03 17:00:20,328] INFO: OK: Syntax OK: core\system\acorazado_orchestrator.py
[2026-02-03 17:00:20,330] INFO: OK: Syntax OK: core\system\bus_auto_capture.py
[2026-02-03 17:00:20,549] INFO: OK: Syntax OK: core\system\bus_expander.py
[2026-02-03 17:00:20,610] INFO: OK: Syntax OK: core\system\bus_expander_V13_BACKUP_20260202_180608.py
[2026-02-03 17:00:20,613] INFO: OK: Syntax OK: core\system\bus_expander_V20_CERTIFICADO.py
[2026-02-03 17:00:20,614] INFO: OK: Syntax OK: core\system\observability_engine.py
[2026-02-03 17:00:20,616] INFO: OK: Syntax OK: core\system\startup_auditor.py
[2026-02-03 17:00:20,620] INFO: OK: Syntax OK: core\system\system_core.py
[2026-02-03 17:00:20,621] INFO: OK: Syntax OK: core\system\system_launcher.py
[2026-02-03 17:00:20,621] INFO: OK: Syntax OK: core\system\system_manager.py
[2026-02-03 17:00:20,622] INFO: OK: Syntax OK: core\ui\main_ui.py
[2026-02-03 17:00:20,625] INFO: OK: Syntax OK: core\validation\anomaly_detector.py
[2026-02-03 17:00:20,626] INFO: OK: Syntax OK: core\validation\fallback_isa.py
[2026-02-03 17:00:20,629] INFO: OK: Syntax OK: core\validation\outlier_detector.py
[2026-02-03 17:00:20,632] INFO: OK: Syntax OK: core\validation\sensor_validator_cascada.py
[2026-02-03 17:00:20,635] INFO: OK: Syntax OK: core\virtual\virtual_sensors.py
[2026-02-03 17:00:20,638] INFO: OK: Syntax OK: core\indices\cetreria\cetreria_indices.py
[2026-02-03 17:00:20,640] INFO: OK: Syntax OK: core\discovery\drivers\ble_driver.py
[2026-02-03 17:00:20,642] INFO: OK: Syntax OK: core\discovery\drivers\usb_driver.py
[2026-02-03 17:00:20,645] INFO: OK: Syntax OK: core\discovery\drivers\wifi_driver.py
[2026-02-03 17:00:20,646] INFO: OK: Syntax OK: core\api\routers\admin.py
[2026-02-03 17:00:20,647] INFO: OK: Syntax OK: core\api\routers\assistant.py
[2026-02-03 17:00:20,648] INFO: OK: Syntax OK: core\api\routers\config.py
[2026-02-03 17:00:20,649] INFO: OK: Syntax OK: core\api\routers\sensors.py
[2026-02-03 17:00:20,651] INFO: OK: Syntax OK: core\api\routers\systems.py
[2026-02-03 17:00:20,652] INFO: OK: Syntax OK: core\api\routers\voice.py
[2026-02-03 17:00:20,654] INFO: OK: Syntax OK: ai_controller.py
[2026-02-03 17:00:20,656] INFO: OK: Syntax OK: ai_endpoints.py
[2026-02-03 17:00:20,657] INFO: OK: Syntax OK: arrancar_meteoser.py
[2026-02-03 17:00:20,657] INFO: OK: Syntax OK: arrancar_servidor_test.py
[2026-02-03 17:00:20,659] INFO: OK: Syntax OK: AUDITORIA_BUS_FASE1.py
[2026-02-03 17:00:20,660] INFO: OK: Syntax OK: auditoria_codigo.py
[2026-02-03 17:00:20,662] INFO: OK: Syntax OK: AUDITORIA_PROMESAS_VS_CODIGO.py
[2026-02-03 17:00:20,726] INFO: OK: Syntax OK: backup_main_asgi_ojo.py
[2026-02-03 17:00:20,730] INFO: OK: Syntax OK: benchmark_v14_ciclo.py
[2026-02-03 17:00:20,731] INFO: OK: Syntax OK: bucholtz_rayleigh_v25.py
[2026-02-03 17:00:20,734] INFO: OK: Syntax OK: BUS_DATA_CONTRACT.py
[2026-02-03 17:00:20,735] INFO: OK: Syntax OK: calcular_sha256_manifiesto.py
[2026-02-03 17:00:20,737] INFO: OK: Syntax OK: config_manager.py
[2026-02-03 17:00:20,738] INFO: OK: Syntax OK: conftest.py
[2026-02-03 17:00:20,741] INFO: OK: Syntax OK: demo_big_data_inteligente.py
[2026-02-03 17:00:20,746] INFO: OK: Syntax OK: diagnostico_rendimiento.py
[2026-02-03 17:00:20,749] INFO: OK: Syntax OK: ejemplo_bus_v3_mejorado.py
[2026-02-03 17:00:20,753] INFO: OK: Syntax OK: ejemplo_integracion_completa.py
[2026-02-03 17:00:20,755] INFO: OK: Syntax OK: elite_motors_v25.py
[2026-02-03 17:00:20,759] INFO: OK: Syntax OK: evolution_engine.py
[2026-02-03 17:00:20,760] INFO: OK: Syntax OK: generador_sha256_final.py
[2026-02-03 17:00:20,773] ERROR: ERROR: Syntax error in ideas.py: unmatched ')' (ideas.py, line 479)
[2026-02-03 17:00:20,775] INFO: OK: Syntax OK: INDICE_DOCUMENTACION.py
[2026-02-03 17:00:20,775] INFO: OK: Syntax OK: INSTRUCCIONES_INTEGRACION_IA.py
[2026-02-03 17:00:20,776] INFO: OK: Syntax OK: integracion_elite_motors_v25.py
[2026-02-03 17:00:20,778] INFO: OK: Syntax OK: integration_manager.py
[2026-02-03 17:00:20,778] INFO: OK: Syntax OK: launcher.py
[2026-02-03 17:00:20,783] INFO: OK: Syntax OK: learning_engine.py
[2026-02-03 17:00:20,788] INFO: OK: Syntax OK: learning_simulation.py
[2026-02-03 17:00:20,789] INFO: OK: Syntax OK: main.py
[2026-02-03 17:00:20,855] INFO: OK: Syntax OK: main_asgi.py
[2026-02-03 17:00:20,856] INFO: OK: Syntax OK: meteoser.py
[2026-02-03 17:00:20,858] INFO: OK: Syntax OK: meteoser_ia_integration.py
[2026-02-03 17:00:20,859] INFO: OK: Syntax OK: monitor_main_asgi.py
[2026-02-03 17:00:20,859] INFO: OK: Syntax OK: probar_envio_ecowitt.py
[2026-02-03 17:00:20,863] INFO: OK: Syntax OK: protocolo_certificacion_arranque_v26.py
[2026-02-03 17:00:20,863] INFO: OK: Syntax OK: RELLENO_ENDPOINTS_REALES.py
[2026-02-03 17:00:20,864] INFO: OK: Syntax OK: RESUMEN_LIMPIEZA_SIN_CHAPUZAS.py
[2026-02-03 17:00:20,870] INFO: OK: Syntax OK: self_mod_engine.py
[2026-02-03 17:00:20,873] INFO: OK: Syntax OK: simulation_engine.py
[2026-02-03 17:00:20,876] INFO: OK: Syntax OK: test_auto_discovery.py
[2026-02-03 17:00:20,879] INFO: OK: Syntax OK: test_biblia_v25_completa.py
[2026-02-03 17:00:20,880] INFO: OK: Syntax OK: test_boot.py
[2026-02-03 17:00:20,884] INFO: OK: Syntax OK: test_bus_capas_informacion.py
[2026-02-03 17:00:20,887] INFO: OK: Syntax OK: test_certificacion_v26.py
[2026-02-03 17:00:20,890] INFO: OK: Syntax OK: test_ignicion_fisica_2026.py
[2026-02-03 17:00:20,893] INFO: OK: Syntax OK: test_mejoras_tier_1_3.py
[2026-02-03 17:00:20,895] INFO: OK: Syntax OK: test_presion_quick.py
[2026-02-03 17:00:20,897] INFO: OK: Syntax OK: test_resiliencia_universal.py
[2026-02-03 17:00:20,897] INFO: OK: Syntax OK: test_sha256_simple.py
[2026-02-03 17:00:20,901] INFO: OK: Syntax OK: test_sintonizacion_2026.py
[2026-02-03 17:00:20,905] INFO: OK: Syntax OK: test_statistical_brain.py
[2026-02-03 17:00:20,906] INFO: OK: Syntax OK: test_visibilidad_factor_z.py
[2026-02-03 17:00:20,907] INFO: OK: Syntax OK: UNIFICACION_PLAN_MAESTRO.py
[2026-02-03 17:00:20,910] INFO: OK: Syntax OK: VALIDACION_ACCIONES_CRITICAS_2FEB2026.py
[2026-02-03 17:00:20,912] INFO: OK: Syntax OK: vector_aproximacion_v26.py
[2026-02-03 17:00:20,915] INFO: OK: Syntax OK: verificar_sistema.py
[2026-02-03 17:00:20,915] INFO: OK: Syntax OK: ver_estado_meteoser.py
[2026-02-03 17:00:20,919] INFO: OK: Syntax OK: virtual_sensors.py
[2026-02-03 17:00:20,919] INFO: ✓ Critical directory present: core/validation
[2026-02-03 17:00:20,919] INFO: ✓ Critical directory present: core/bus
[2026-02-03 17:00:20,920] INFO: ✓ Critical directory present: core/indices
[2026-02-03 17:00:20,920] INFO: ✓ Critical directory present: config
[2026-02-03 17:00:20,920] ERROR: ✗ Some CI tests failed
[2026-02-03 17:00:26,737] INFO: Running basic CI tests...
[2026-02-03 17:00:26,737] INFO: ✓ Critical file present: core/system/bus_expander.py
[2026-02-03 17:00:26,737] INFO: ✓ Critical file present: core/validation/anomaly_detector.py
[2026-02-03 17:00:26,737] INFO: ✓ Critical file present: meteoser_configuracion.txt
[2026-02-03 17:00:26,737] INFO: ✓ Critical file present: core/bus/__init__.py
[2026-02-03 17:00:26,738] INFO: ✓ Critical file present: core/bus/bus_capas_informacion.py
[2026-02-03 17:00:26,738] INFO: ✓ Critical file present: main.py
[2026-02-03 17:00:26,738] INFO: ✓ Critical file present: main_asgi.py
[2026-02-03 17:00:26,738] INFO: Checking Python syntax...
[2026-02-03 17:00:26,752] INFO: OK: Syntax OK: core\arcos_solares.py
[2026-02-03 17:00:26,754] INFO: OK: Syntax OK: core\auditoria_manager.py
[2026-02-03 17:00:26,755] INFO: OK: Syntax OK: core\correccion_geofisica_v26.py
[2026-02-03 17:00:26,756] INFO: OK: Syntax OK: core\data_model.py
[2026-02-03 17:00:26,757] INFO: OK: Syntax OK: core\devops_tools.py
[2026-02-03 17:00:26,758] INFO: OK: Syntax OK: core\feedback_manager.py
[2026-02-03 17:00:26,760] INFO: OK: Syntax OK: core\fiabilidad_manager.py
[2026-02-03 17:00:26,761] INFO: OK: Syntax OK: core\ideas_master.py
[2026-02-03 17:00:26,763] INFO: OK: Syntax OK: core\ideas_master_blocks.py
[2026-02-03 17:00:26,764] INFO: OK: Syntax OK: core\logger.py
[2026-02-03 17:00:26,765] INFO: OK: Syntax OK: core\meteo_interface.py
[2026-02-03 17:00:26,767] INFO: OK: Syntax OK: core\recomendaciones_motor.py
[2026-02-03 17:00:26,768] INFO: OK: Syntax OK: core\system_launcher.py
[2026-02-03 17:00:26,768] INFO: OK: Syntax OK: core\system_manager.py
[2026-02-03 17:00:26,768] INFO: OK: Syntax OK: core\utils.py
[2026-02-03 17:00:26,772] INFO: OK: Syntax OK: core\ai\autoheal.py
[2026-02-03 17:00:26,777] INFO: OK: Syntax OK: core\ai\codegen.py
[2026-02-03 17:00:26,783] INFO: OK: Syntax OK: core\ai\contracts.py
[2026-02-03 17:00:26,788] INFO: OK: Syntax OK: core\ai\dialog.py
[2026-02-03 17:00:26,792] INFO: OK: Syntax OK: core\ai\explainer.py
[2026-02-03 17:00:26,796] INFO: OK: Syntax OK: core\ai\knowledge.py
[2026-02-03 17:00:26,800] INFO: OK: Syntax OK: core\ai\orchestrator.py
[2026-02-03 17:00:26,804] INFO: OK: Syntax OK: core\ai\updater.py
[2026-02-03 17:00:26,806] INFO: OK: Syntax OK: core\api\api_engine.py
[2026-02-03 17:00:26,806] INFO: OK: Syntax OK: core\api\api_rest.py
[2026-02-03 17:00:26,809] INFO: OK: Syntax OK: core\api\api_vector_aproximacion_v26.py
[2026-02-03 17:00:26,810] INFO: OK: Syntax OK: core\api\services.py
[2026-02-03 17:00:26,811] INFO: OK: Syntax OK: core\architecture\open_architecture.py
[2026-02-03 17:00:26,812] INFO: OK: Syntax OK: core\atmosphere\isa_calculator.py
[2026-02-03 17:00:26,814] INFO: OK: Syntax OK: core\auto\autocure_engine.py
[2026-02-03 17:00:26,815] INFO: OK: Syntax OK: core\auto\auto_expansion_engine.py
[2026-02-03 17:00:26,816] INFO: OK: Syntax OK: core\auto\auto_improvement_engine.py
[2026-02-03 17:00:26,818] INFO: OK: Syntax OK: core\auto\auto_repair_engine.py
[2026-02-03 17:00:26,824] INFO: OK: Syntax OK: core\auto\auto_sensor_discovery.py
[2026-02-03 17:00:26,827] INFO: OK: Syntax OK: core\bus\bus_async_writer.py
[2026-02-03 17:00:26,833] INFO: OK: Syntax OK: core\bus\bus_capas_informacion.py
[2026-02-03 17:00:26,836] INFO: OK: Syntax OK: core\bus\bus_indexer.py
[2026-02-03 17:00:26,839] INFO: OK: Syntax OK: core\bus\bus_snapshot.py
[2026-02-03 17:00:26,840] INFO: OK: Syntax OK: core\bus\bus_v3_adapter.py
[2026-02-03 17:00:26,843] INFO: OK: Syntax OK: core\bus\dato_historico.py
[2026-02-03 17:00:26,844] INFO: OK: Syntax OK: core\bus\metadata_middleware.py
[2026-02-03 17:00:26,846] INFO: OK: Syntax OK: core\bus\monitor_bus.py
[2026-02-03 17:00:26,853] INFO: OK: Syntax OK: core\calibration\auto_calibrator.py
[2026-02-03 17:00:26,856] INFO: OK: Syntax OK: core\calibration\bias_detector.py
[2026-02-03 17:00:26,859] INFO: OK: Syntax OK: core\calibration\calibration_engine.py
[2026-02-03 17:00:26,863] INFO: OK: Syntax OK: core\calibration\regression_calibrator.py
[2026-02-03 17:00:26,865] INFO: OK: Syntax OK: core\config\config_loader.py
[2026-02-03 17:00:26,865] INFO: OK: Syntax OK: core\config\config_manager.py
[2026-02-03 17:00:26,868] INFO: OK: Syntax OK: core\context\contexto_maestro_global.py
[2026-02-03 17:00:26,869] INFO: OK: Syntax OK: core\context\context_engine.py
[2026-02-03 17:00:26,871] INFO: OK: Syntax OK: core\context\fallback_universal.py
[2026-02-03 17:00:26,873] INFO: OK: Syntax OK: core\discovery\ble_scanner.py
[2026-02-03 17:00:26,875] INFO: OK: Syntax OK: core\discovery\driver_installer.py
[2026-02-03 17:00:26,878] INFO: OK: Syntax OK: core\discovery\mdns_scanner.py
[2026-02-03 17:00:26,879] INFO: OK: Syntax OK: core\discovery\omnipotence_manager.py
[2026-02-03 17:00:26,882] INFO: OK: Syntax OK: core\discovery\sensor_assimilator.py
[2026-02-03 17:00:26,886] INFO: OK: Syntax OK: core\discovery\universal_orchestrator.py
[2026-02-03 17:00:26,889] INFO: OK: Syntax OK: core\discovery\universal_scanner.py
[2026-02-03 17:00:26,892] INFO: OK: Syntax OK: core\discovery\usb_scanner.py
[2026-02-03 17:00:26,895] INFO: OK: Syntax OK: core\engines\autoimprovement_engine.py
[2026-02-03 17:00:26,897] INFO: OK: Syntax OK: core\engines\auto_improvement_engine.py
[2026-02-03 17:00:26,900] INFO: OK: Syntax OK: core\engines\brain_persistence.py
[2026-02-03 17:00:26,904] INFO: OK: Syntax OK: core\engines\communication_engine.py
[2026-02-03 17:00:26,928] INFO: OK: Syntax OK: core\engines\environmental_engines.py
[2026-02-03 17:00:26,931] INFO: OK: Syntax OK: core\engines\habits_engine.py
[2026-02-03 17:00:26,934] INFO: OK: Syntax OK: core\engines\indoor_air_cross_validator.py
[2026-02-03 17:00:26,937] INFO: OK: Syntax OK: core\engines\sensor_engine.py
[2026-02-03 17:00:26,945] INFO: OK: Syntax OK: core\engines\statistical_brain.py
[2026-02-03 17:00:26,946] INFO: OK: Syntax OK: core\evolution\evolution_engine.py
[2026-02-03 17:00:26,947] INFO: OK: Syntax OK: core\ia\assistant.py
[2026-02-03 17:00:26,948] INFO: OK: Syntax OK: core\ia\suggest_engine.py
[2026-02-03 17:00:26,951] INFO: OK: Syntax OK: core\indices\advanced_field_indices.py
[2026-02-03 17:00:26,955] INFO: OK: Syntax OK: core\indices\advanced_physics_models.py
[2026-02-03 17:00:26,963] INFO: OK: Syntax OK: core\indices\advanced_predictive_indices.py
[2026-02-03 17:00:26,965] INFO: OK: Syntax OK: core\indices\ashrae55_adaptive_vtt.py
[2026-02-03 17:00:26,968] INFO: OK: Syntax OK: core\indices\astronomia_recursiva.py
[2026-02-03 17:00:26,970] INFO: OK: Syntax OK: core\indices\atmospheric_profiler.py
[2026-02-03 17:00:26,972] INFO: OK: Syntax OK: core\indices\bucholtz_rayleigh_v25.py
[2026-02-03 17:00:26,976] INFO: OK: Syntax OK: core\indices\bus_estado_global.py
[2026-02-03 17:00:26,980] INFO: OK: Syntax OK: core\indices\elite_motors_v25.py
[2026-02-03 17:00:26,981] INFO: OK: Syntax OK: core\indices\elite_physics.py
[2026-02-03 17:00:27,137] INFO: OK: Syntax OK: core\indices\environmental_indices.py
[2026-02-03 17:00:27,138] INFO: OK: Syntax OK: core\indices\external_earthquake_validation.py
[2026-02-03 17:00:27,140] INFO: OK: Syntax OK: core\indices\external_lightning_validation.py
[2026-02-03 17:00:27,141] INFO: OK: Syntax OK: core\indices\fanger_pmv_ppd.py
[2026-02-03 17:00:27,143] INFO: OK: Syntax OK: core\indices\gab_sorption.py
[2026-02-03 17:00:27,145] INFO: OK: Syntax OK: core\indices\index_catalog.py
[2026-02-03 17:00:27,146] INFO: OK: Syntax OK: core\indices\index_registry.py
[2026-02-03 17:00:27,146] INFO: OK: Syntax OK: core\indices\index_selection.py
[2026-02-03 17:00:27,148] INFO: OK: Syntax OK: core\indices\integracion_elite_motors_v25.py
[2026-02-03 17:00:27,151] INFO: OK: Syntax OK: core\indices\liljegren_wbgt.py
[2026-02-03 17:00:27,155] INFO: OK: Syntax OK: core\indices\physical_consistency.py
[2026-02-03 17:00:27,158] INFO: OK: Syntax OK: core\indices\physics_engine_2026.py
[2026-02-03 17:00:27,160] INFO: OK: Syntax OK: core\indices\physics_engine_cached.py
[2026-02-03 17:00:27,163] INFO: OK: Syntax OK: core\indices\physics_numba.py
[2026-02-03 17:00:27,164] INFO: OK: Syntax OK: core\indices\rayleigh_miller_dispersion.py
[2026-02-03 17:00:27,165] INFO: OK: Syntax OK: core\indices\serializador_estado_atomico.py
[2026-02-03 17:00:27,168] INFO: OK: Syntax OK: core\indices\testigo_fallo.py
[2026-02-03 17:00:27,169] INFO: OK: Syntax OK: core\indices\utci_polynomial.py
[2026-02-03 17:00:27,171] INFO: OK: Syntax OK: core\indices\uv_angstrom_dinamico.py
[2026-02-03 17:00:27,174] INFO: OK: Syntax OK: core\indices\uv_spectral_diamond.py
[2026-02-03 17:00:27,177] INFO: OK: Syntax OK: core\indices\vector_aproximacion_v26.py
[2026-02-03 17:00:27,177] INFO: OK: Syntax OK: core\integration\dashboard_endpoint.py
[2026-02-03 17:00:27,190] INFO: OK: Syntax OK: core\integration\ecowitt_receiver.py
[2026-02-03 17:00:27,191] INFO: OK: Syntax OK: core\integration\integration_manager.py
[2026-02-03 17:00:27,193] INFO: OK: Syntax OK: core\integration\temporal_sync_persistence.py
[2026-02-03 17:00:27,195] INFO: OK: Syntax OK: core\learning\feature_store.py
[2026-02-03 17:00:27,200] INFO: OK: Syntax OK: core\learning\learning_simulation.py
[2026-02-03 17:00:27,202] INFO: OK: Syntax OK: core\learning\model_governance.py
[2026-02-03 17:00:27,205] INFO: OK: Syntax OK: core\location\location_engine.py
[2026-02-03 17:00:27,206] INFO: OK: Syntax OK: core\logging\audit_trail.py
[2026-02-03 17:00:27,207] INFO: OK: Syntax OK: core\logging\log_engine.py
[2026-02-03 17:00:27,208] INFO: OK: Syntax OK: core\meteo\meteo_engine.py
[2026-02-03 17:00:27,209] INFO: OK: Syntax OK: core\meteo\meteo_model.py
[2026-02-03 17:00:27,210] INFO: OK: Syntax OK: core\meteo\meteo_utils.py
[2026-02-03 17:00:27,211] INFO: OK: Syntax OK: core\motors\alarmas_motor.py
[2026-02-03 17:00:27,212] INFO: OK: Syntax OK: core\motors\ambiental_motor.py
[2026-02-03 17:00:27,212] INFO: OK: Syntax OK: core\motors\automejora_motor.py
[2026-02-03 17:00:27,213] INFO: OK: Syntax OK: core\motors\calendario_motor.py
[2026-02-03 17:00:27,213] INFO: OK: Syntax OK: core\motors\comunicacion_motor.py
[2026-02-03 17:00:27,214] INFO: OK: Syntax OK: core\motors\confort_motor.py
[2026-02-03 17:00:27,215] INFO: OK: Syntax OK: core\motors\edificio_motor.py
[2026-02-03 17:00:27,216] INFO: OK: Syntax OK: core\motors\estado_api.py
[2026-02-03 17:00:27,217] INFO: OK: Syntax OK: core\motors\estado_api_extendido.py
[2026-02-03 17:00:27,217] INFO: OK: Syntax OK: core\motors\eventos_motor.py
[2026-02-03 17:00:27,218] INFO: OK: Syntax OK: core\motors\huellas_motor.py
[2026-02-03 17:00:27,218] INFO: OK: Syntax OK: core\motors\impresion_motor.py
[2026-02-03 17:00:27,219] INFO: OK: Syntax OK: core\motors\lista_compra_motor.py
[2026-02-03 17:00:27,220] INFO: OK: Syntax OK: core\motors\meteorologico_motor.py
[2026-02-03 17:00:27,221] INFO: OK: Syntax OK: core\motors\motors_api.py
[2026-02-03 17:00:27,222] INFO: OK: Syntax OK: core\motors\recomendaciones_motor.py
[2026-02-03 17:00:27,223] INFO: OK: Syntax OK: core\motors\submenu_motor.py
[2026-02-03 17:00:27,223] INFO: OK: Syntax OK: core\motors\tareas_motor.py
[2026-02-03 17:00:27,226] INFO: OK: Syntax OK: core\omnipotence\integration_bridge.py
[2026-02-03 17:00:27,228] INFO: OK: Syntax OK: core\omnipotence\omnipotence_simple.py
[2026-02-03 17:00:27,229] INFO: OK: Syntax OK: core\organizer\organizer_api.py
[2026-02-03 17:00:27,231] INFO: OK: Syntax OK: core\organizer\organizer_model.py
[2026-02-03 17:00:27,234] INFO: OK: Syntax OK: core\pas\pas_engine.py
[2026-02-03 17:00:27,269] INFO: OK: Syntax OK: core\persistence\influxdb_manager.py
[2026-02-03 17:00:27,276] INFO: OK: Syntax OK: core\persistence\timeseries_archiver.py
[2026-02-03 17:00:27,282] INFO: OK: Syntax OK: core\prediction\lstm_predictor.py
[2026-02-03 17:00:27,291] INFO: OK: Syntax OK: core\prediction\prediction_engine.py
[2026-02-03 17:00:27,294] INFO: OK: Syntax OK: core\recommendations\unified_recommendation_engine.py
[2026-02-03 17:00:27,296] INFO: OK: Syntax OK: core\security\policies.py
[2026-02-03 17:00:27,297] INFO: OK: Syntax OK: core\selfmod\self_mod_engine.py
[2026-02-03 17:00:27,299] INFO: OK: Syntax OK: core\sensors\pm_calibration.py
[2026-02-03 17:00:27,301] INFO: OK: Syntax OK: core\sensors\sensor_aliases.py
[2026-02-03 17:00:27,303] INFO: OK: Syntax OK: core\sensors\sensor_fusion.py
[2026-02-03 17:00:27,304] INFO: OK: Syntax OK: core\sensors\sensor_virtual_altura.py
[2026-02-03 17:00:27,306] INFO: OK: Syntax OK: core\system\acorazado_orchestrator.py
[2026-02-03 17:00:27,308] INFO: OK: Syntax OK: core\system\bus_auto_capture.py
[2026-02-03 17:00:27,510] INFO: OK: Syntax OK: core\system\bus_expander.py
[2026-02-03 17:00:27,572] INFO: OK: Syntax OK: core\system\bus_expander_V13_BACKUP_20260202_180608.py
[2026-02-03 17:00:27,575] INFO: OK: Syntax OK: core\system\bus_expander_V20_CERTIFICADO.py
[2026-02-03 17:00:27,576] INFO: OK: Syntax OK: core\system\observability_engine.py
[2026-02-03 17:00:27,578] INFO: OK: Syntax OK: core\system\startup_auditor.py
[2026-02-03 17:00:27,581] INFO: OK: Syntax OK: core\system\system_core.py
[2026-02-03 17:00:27,583] INFO: OK: Syntax OK: core\system\system_launcher.py
[2026-02-03 17:00:27,584] INFO: OK: Syntax OK: core\system\system_manager.py
[2026-02-03 17:00:27,585] INFO: OK: Syntax OK: core\ui\main_ui.py
[2026-02-03 17:00:27,588] INFO: OK: Syntax OK: core\validation\anomaly_detector.py
[2026-02-03 17:00:27,589] INFO: OK: Syntax OK: core\validation\fallback_isa.py
[2026-02-03 17:00:27,592] INFO: OK: Syntax OK: core\validation\outlier_detector.py
[2026-02-03 17:00:27,595] INFO: OK: Syntax OK: core\validation\sensor_validator_cascada.py
[2026-02-03 17:00:27,598] INFO: OK: Syntax OK: core\virtual\virtual_sensors.py
[2026-02-03 17:00:27,601] INFO: OK: Syntax OK: core\indices\cetreria\cetreria_indices.py
[2026-02-03 17:00:27,604] INFO: OK: Syntax OK: core\discovery\drivers\ble_driver.py
[2026-02-03 17:00:27,606] INFO: OK: Syntax OK: core\discovery\drivers\usb_driver.py
[2026-02-03 17:00:27,609] INFO: OK: Syntax OK: core\discovery\drivers\wifi_driver.py
[2026-02-03 17:00:27,610] INFO: OK: Syntax OK: core\api\routers\admin.py
[2026-02-03 17:00:27,611] INFO: OK: Syntax OK: core\api\routers\assistant.py
[2026-02-03 17:00:27,612] INFO: OK: Syntax OK: core\api\routers\config.py
[2026-02-03 17:00:27,613] INFO: OK: Syntax OK: core\api\routers\sensors.py
[2026-02-03 17:00:27,614] INFO: OK: Syntax OK: core\api\routers\systems.py
[2026-02-03 17:00:27,614] INFO: OK: Syntax OK: core\api\routers\voice.py
[2026-02-03 17:00:27,618] INFO: OK: Syntax OK: ai_controller.py
[2026-02-03 17:00:27,620] INFO: OK: Syntax OK: ai_endpoints.py
[2026-02-03 17:00:27,621] INFO: OK: Syntax OK: arrancar_meteoser.py
[2026-02-03 17:00:27,621] INFO: OK: Syntax OK: arrancar_servidor_test.py
[2026-02-03 17:00:27,623] INFO: OK: Syntax OK: AUDITORIA_BUS_FASE1.py
[2026-02-03 17:00:27,625] INFO: OK: Syntax OK: auditoria_codigo.py
[2026-02-03 17:00:27,627] INFO: OK: Syntax OK: AUDITORIA_PROMESAS_VS_CODIGO.py
[2026-02-03 17:00:27,676] INFO: OK: Syntax OK: backup_main_asgi_ojo.py
[2026-02-03 17:00:27,679] INFO: OK: Syntax OK: benchmark_v14_ciclo.py
[2026-02-03 17:00:27,681] INFO: OK: Syntax OK: bucholtz_rayleigh_v25.py
[2026-02-03 17:00:27,682] INFO: OK: Syntax OK: BUS_DATA_CONTRACT.py
[2026-02-03 17:00:27,683] INFO: OK: Syntax OK: calcular_sha256_manifiesto.py
[2026-02-03 17:00:27,685] INFO: OK: Syntax OK: config_manager.py
[2026-02-03 17:00:27,686] INFO: OK: Syntax OK: conftest.py
[2026-02-03 17:00:27,689] INFO: OK: Syntax OK: demo_big_data_inteligente.py
[2026-02-03 17:00:27,691] INFO: OK: Syntax OK: diagnostico_rendimiento.py
[2026-02-03 17:00:27,693] INFO: OK: Syntax OK: ejemplo_bus_v3_mejorado.py
[2026-02-03 17:00:27,697] INFO: OK: Syntax OK: ejemplo_integracion_completa.py
[2026-02-03 17:00:27,699] INFO: OK: Syntax OK: elite_motors_v25.py
[2026-02-03 17:00:27,703] INFO: OK: Syntax OK: evolution_engine.py
[2026-02-03 17:00:27,704] INFO: OK: Syntax OK: generador_sha256_final.py
[2026-02-03 17:00:27,706] ERROR: ERROR: Syntax error in ideas.py: unmatched ')' (ideas.py, line 479)
[2026-02-03 17:00:27,707] INFO: OK: Syntax OK: INDICE_DOCUMENTACION.py
[2026-02-03 17:00:27,708] INFO: OK: Syntax OK: INSTRUCCIONES_INTEGRACION_IA.py
[2026-02-03 17:00:27,709] INFO: OK: Syntax OK: integracion_elite_motors_v25.py
[2026-02-03 17:00:27,710] INFO: OK: Syntax OK: integration_manager.py
[2026-02-03 17:00:27,711] INFO: OK: Syntax OK: launcher.py
[2026-02-03 17:00:27,715] INFO: OK: Syntax OK: learning_engine.py
[2026-02-03 17:00:27,721] INFO: OK: Syntax OK: learning_simulation.py
[2026-02-03 17:00:27,721] INFO: OK: Syntax OK: main.py
[2026-02-03 17:00:27,786] INFO: OK: Syntax OK: main_asgi.py
[2026-02-03 17:00:27,786] INFO: OK: Syntax OK: meteoser.py
[2026-02-03 17:00:27,789] INFO: OK: Syntax OK: meteoser_ia_integration.py
[2026-02-03 17:00:27,790] INFO: OK: Syntax OK: monitor_main_asgi.py
[2026-02-03 17:00:27,790] INFO: OK: Syntax OK: probar_envio_ecowitt.py
[2026-02-03 17:00:27,794] INFO: OK: Syntax OK: protocolo_certificacion_arranque_v26.py
[2026-02-03 17:00:27,794] INFO: OK: Syntax OK: RELLENO_ENDPOINTS_REALES.py
[2026-02-03 17:00:27,795] INFO: OK: Syntax OK: RESUMEN_LIMPIEZA_SIN_CHAPUZAS.py
[2026-02-03 17:00:27,800] INFO: OK: Syntax OK: self_mod_engine.py
[2026-02-03 17:00:27,803] INFO: OK: Syntax OK: simulation_engine.py
[2026-02-03 17:00:27,806] INFO: OK: Syntax OK: test_auto_discovery.py
[2026-02-03 17:00:27,809] INFO: OK: Syntax OK: test_biblia_v25_completa.py
[2026-02-03 17:00:27,809] INFO: OK: Syntax OK: test_boot.py
[2026-02-03 17:00:27,813] INFO: OK: Syntax OK: test_bus_capas_informacion.py
[2026-02-03 17:00:27,814] INFO: OK: Syntax OK: test_certificacion_v26.py
[2026-02-03 17:00:27,817] INFO: OK: Syntax OK: test_ignicion_fisica_2026.py
[2026-02-03 17:00:27,819] INFO: OK: Syntax OK: test_mejoras_tier_1_3.py
[2026-02-03 17:00:27,821] INFO: OK: Syntax OK: test_presion_quick.py
[2026-02-03 17:00:27,823] INFO: OK: Syntax OK: test_resiliencia_universal.py
[2026-02-03 17:00:27,824] INFO: OK: Syntax OK: test_sha256_simple.py
[2026-02-03 17:00:27,827] INFO: OK: Syntax OK: test_sintonizacion_2026.py
[2026-02-03 17:00:27,831] INFO: OK: Syntax OK: test_statistical_brain.py
[2026-02-03 17:00:27,832] INFO: OK: Syntax OK: test_visibilidad_factor_z.py
[2026-02-03 17:00:27,834] INFO: OK: Syntax OK: UNIFICACION_PLAN_MAESTRO.py
[2026-02-03 17:00:27,838] INFO: OK: Syntax OK: VALIDACION_ACCIONES_CRITICAS_2FEB2026.py
[2026-02-03 17:00:27,839] INFO: OK: Syntax OK: vector_aproximacion_v26.py
[2026-02-03 17:00:27,842] INFO: OK: Syntax OK: verificar_sistema.py
[2026-02-03 17:00:27,843] INFO: OK: Syntax OK: ver_estado_meteoser.py
[2026-02-03 17:00:27,846] INFO: OK: Syntax OK: virtual_sensors.py
[2026-02-03 17:00:27,846] INFO: ✓ Critical directory present: core/validation
[2026-02-03 17:00:27,846] INFO: ✓ Critical directory present: core/bus
[2026-02-03 17:00:27,846] INFO: ✓ Critical directory present: core/indices
[2026-02-03 17:00:27,846] INFO: ✓ Critical directory present: config
[2026-02-03 17:00:27,846] ERROR: ✗ Some CI tests failed
[2026-02-03 17:00:55,606] INFO: Running basic CI tests...
[2026-02-03 17:00:55,607] INFO: ✓ Critical file present: core/system/bus_expander.py
[2026-02-03 17:00:55,607] INFO: ✓ Critical file present: core/validation/anomaly_detector.py
[2026-02-03 17:00:55,607] INFO: ✓ Critical file present: meteoser_configuracion.txt
[2026-02-03 17:00:55,607] INFO: ✓ Critical file present: core/bus/__init__.py
[2026-02-03 17:00:55,607] INFO: ✓ Critical file present: core/bus/bus_capas_informacion.py
[2026-02-03 17:00:55,607] INFO: ✓ Critical file present: main.py
[2026-02-03 17:00:55,607] INFO: ✓ Critical file present: main_asgi.py
[2026-02-03 17:00:55,607] INFO: Checking Python syntax...
[2026-02-03 17:00:55,622] INFO: OK: Syntax OK: core\arcos_solares.py
[2026-02-03 17:00:55,624] INFO: OK: Syntax OK: core\auditoria_manager.py
[2026-02-03 17:00:55,624] INFO: OK: Syntax OK: core\correccion_geofisica_v26.py
[2026-02-03 17:00:55,626] INFO: OK: Syntax OK: core\data_model.py
[2026-02-03 17:00:55,626] INFO: OK: Syntax OK: core\devops_tools.py
[2026-02-03 17:00:55,628] INFO: OK: Syntax OK: core\feedback_manager.py
[2026-02-03 17:00:55,629] INFO: OK: Syntax OK: core\fiabilidad_manager.py
[2026-02-03 17:00:55,630] INFO: OK: Syntax OK: core\ideas_master.py
[2026-02-03 17:00:55,633] INFO: OK: Syntax OK: core\ideas_master_blocks.py
[2026-02-03 17:00:55,634] INFO: OK: Syntax OK: core\logger.py
[2026-02-03 17:00:55,635] INFO: OK: Syntax OK: core\meteo_interface.py
[2026-02-03 17:00:55,637] INFO: OK: Syntax OK: core\recomendaciones_motor.py
[2026-02-03 17:00:55,637] INFO: OK: Syntax OK: core\system_launcher.py
[2026-02-03 17:00:55,637] INFO: OK: Syntax OK: core\system_manager.py
[2026-02-03 17:00:55,638] INFO: OK: Syntax OK: core\utils.py
[2026-02-03 17:00:55,642] INFO: OK: Syntax OK: core\ai\autoheal.py
[2026-02-03 17:00:55,648] INFO: OK: Syntax OK: core\ai\codegen.py
[2026-02-03 17:00:55,653] INFO: OK: Syntax OK: core\ai\contracts.py
[2026-02-03 17:00:55,658] INFO: OK: Syntax OK: core\ai\dialog.py
[2026-02-03 17:00:55,662] INFO: OK: Syntax OK: core\ai\explainer.py
[2026-02-03 17:00:55,667] INFO: OK: Syntax OK: core\ai\knowledge.py
[2026-02-03 17:00:55,670] INFO: OK: Syntax OK: core\ai\orchestrator.py
[2026-02-03 17:00:55,674] INFO: OK: Syntax OK: core\ai\updater.py
[2026-02-03 17:00:55,675] INFO: OK: Syntax OK: core\api\api_engine.py
[2026-02-03 17:00:55,676] INFO: OK: Syntax OK: core\api\api_rest.py
[2026-02-03 17:00:55,679] INFO: OK: Syntax OK: core\api\api_vector_aproximacion_v26.py
[2026-02-03 17:00:55,680] INFO: OK: Syntax OK: core\api\services.py
[2026-02-03 17:00:55,681] INFO: OK: Syntax OK: core\architecture\open_architecture.py
[2026-02-03 17:00:55,682] INFO: OK: Syntax OK: core\atmosphere\isa_calculator.py
[2026-02-03 17:00:55,684] INFO: OK: Syntax OK: core\auto\autocure_engine.py
[2026-02-03 17:00:55,685] INFO: OK: Syntax OK: core\auto\auto_expansion_engine.py
[2026-02-03 17:00:55,686] INFO: OK: Syntax OK: core\auto\auto_improvement_engine.py
[2026-02-03 17:00:55,688] INFO: OK: Syntax OK: core\auto\auto_repair_engine.py
[2026-02-03 17:00:55,694] INFO: OK: Syntax OK: core\auto\auto_sensor_discovery.py
[2026-02-03 17:00:55,697] INFO: OK: Syntax OK: core\bus\bus_async_writer.py
[2026-02-03 17:00:55,702] INFO: OK: Syntax OK: core\bus\bus_capas_informacion.py
[2026-02-03 17:00:55,705] INFO: OK: Syntax OK: core\bus\bus_indexer.py
[2026-02-03 17:00:55,708] INFO: OK: Syntax OK: core\bus\bus_snapshot.py
[2026-02-03 17:00:55,709] INFO: OK: Syntax OK: core\bus\bus_v3_adapter.py
[2026-02-03 17:00:55,712] INFO: OK: Syntax OK: core\bus\dato_historico.py
[2026-02-03 17:00:55,714] INFO: OK: Syntax OK: core\bus\metadata_middleware.py
[2026-02-03 17:00:55,717] INFO: OK: Syntax OK: core\bus\monitor_bus.py
[2026-02-03 17:00:55,723] INFO: OK: Syntax OK: core\calibration\auto_calibrator.py
[2026-02-03 17:00:55,727] INFO: OK: Syntax OK: core\calibration\bias_detector.py
[2026-02-03 17:00:55,729] INFO: OK: Syntax OK: core\calibration\calibration_engine.py
[2026-02-03 17:00:55,733] INFO: OK: Syntax OK: core\calibration\regression_calibrator.py
[2026-02-03 17:00:55,735] INFO: OK: Syntax OK: core\config\config_loader.py
[2026-02-03 17:00:55,735] INFO: OK: Syntax OK: core\config\config_manager.py
[2026-02-03 17:00:55,737] INFO: OK: Syntax OK: core\context\contexto_maestro_global.py
[2026-02-03 17:00:55,738] INFO: OK: Syntax OK: core\context\context_engine.py
[2026-02-03 17:00:55,740] INFO: OK: Syntax OK: core\context\fallback_universal.py
[2026-02-03 17:00:55,742] INFO: OK: Syntax OK: core\discovery\ble_scanner.py
[2026-02-03 17:00:55,744] INFO: OK: Syntax OK: core\discovery\driver_installer.py
[2026-02-03 17:00:55,747] INFO: OK: Syntax OK: core\discovery\mdns_scanner.py
[2026-02-03 17:00:55,749] INFO: OK: Syntax OK: core\discovery\omnipotence_manager.py
[2026-02-03 17:00:55,752] INFO: OK: Syntax OK: core\discovery\sensor_assimilator.py
[2026-02-03 17:00:55,755] INFO: OK: Syntax OK: core\discovery\universal_orchestrator.py
[2026-02-03 17:00:55,758] INFO: OK: Syntax OK: core\discovery\universal_scanner.py
[2026-02-03 17:00:55,761] INFO: OK: Syntax OK: core\discovery\usb_scanner.py
[2026-02-03 17:00:55,764] INFO: OK: Syntax OK: core\engines\autoimprovement_engine.py
[2026-02-03 17:00:55,766] INFO: OK: Syntax OK: core\engines\auto_improvement_engine.py
[2026-02-03 17:00:55,769] INFO: OK: Syntax OK: core\engines\brain_persistence.py
[2026-02-03 17:00:55,773] INFO: OK: Syntax OK: core\engines\communication_engine.py
[2026-02-03 17:00:55,797] INFO: OK: Syntax OK: core\engines\environmental_engines.py
[2026-02-03 17:00:55,800] INFO: OK: Syntax OK: core\engines\habits_engine.py
[2026-02-03 17:00:55,803] INFO: OK: Syntax OK: core\engines\indoor_air_cross_validator.py
[2026-02-03 17:00:55,806] INFO: OK: Syntax OK: core\engines\sensor_engine.py
[2026-02-03 17:00:55,815] INFO: OK: Syntax OK: core\engines\statistical_brain.py
[2026-02-03 17:00:55,816] INFO: OK: Syntax OK: core\evolution\evolution_engine.py
[2026-02-03 17:00:55,817] INFO: OK: Syntax OK: core\ia\assistant.py
[2026-02-03 17:00:55,819] INFO: OK: Syntax OK: core\ia\suggest_engine.py
[2026-02-03 17:00:55,822] INFO: OK: Syntax OK: core\indices\advanced_field_indices.py
[2026-02-03 17:00:55,826] INFO: OK: Syntax OK: core\indices\advanced_physics_models.py
[2026-02-03 17:00:55,834] INFO: OK: Syntax OK: core\indices\advanced_predictive_indices.py
[2026-02-03 17:00:55,837] INFO: OK: Syntax OK: core\indices\ashrae55_adaptive_vtt.py
[2026-02-03 17:00:55,839] INFO: OK: Syntax OK: core\indices\astronomia_recursiva.py
[2026-02-03 17:00:55,841] INFO: OK: Syntax OK: core\indices\atmospheric_profiler.py
[2026-02-03 17:00:55,843] INFO: OK: Syntax OK: core\indices\bucholtz_rayleigh_v25.py
[2026-02-03 17:00:55,847] INFO: OK: Syntax OK: core\indices\bus_estado_global.py
[2026-02-03 17:00:55,851] INFO: OK: Syntax OK: core\indices\elite_motors_v25.py
[2026-02-03 17:00:55,852] INFO: OK: Syntax OK: core\indices\elite_physics.py
[2026-02-03 17:00:56,008] INFO: OK: Syntax OK: core\indices\environmental_indices.py
[2026-02-03 17:00:56,009] INFO: OK: Syntax OK: core\indices\external_earthquake_validation.py
[2026-02-03 17:00:56,011] INFO: OK: Syntax OK: core\indices\external_lightning_validation.py
[2026-02-03 17:00:56,013] INFO: OK: Syntax OK: core\indices\fanger_pmv_ppd.py
[2026-02-03 17:00:56,014] INFO: OK: Syntax OK: core\indices\gab_sorption.py
[2026-02-03 17:00:56,017] INFO: OK: Syntax OK: core\indices\index_catalog.py
[2026-02-03 17:00:56,018] INFO: OK: Syntax OK: core\indices\index_registry.py
[2026-02-03 17:00:56,018] INFO: OK: Syntax OK: core\indices\index_selection.py
[2026-02-03 17:00:56,020] INFO: OK: Syntax OK: core\indices\integracion_elite_motors_v25.py
[2026-02-03 17:00:56,022] INFO: OK: Syntax OK: core\indices\liljegren_wbgt.py
[2026-02-03 17:00:56,026] INFO: OK: Syntax OK: core\indices\physical_consistency.py
[2026-02-03 17:00:56,030] INFO: OK: Syntax OK: core\indices\physics_engine_2026.py
[2026-02-03 17:00:56,033] INFO: OK: Syntax OK: core\indices\physics_engine_cached.py
[2026-02-03 17:00:56,036] INFO: OK: Syntax OK: core\indices\physics_numba.py
[2026-02-03 17:00:56,037] INFO: OK: Syntax OK: core\indices\rayleigh_miller_dispersion.py
[2026-02-03 17:00:56,038] INFO: OK: Syntax OK: core\indices\serializador_estado_atomico.py
[2026-02-03 17:00:56,040] INFO: OK: Syntax OK: core\indices\testigo_fallo.py
[2026-02-03 17:00:56,042] INFO: OK: Syntax OK: core\indices\utci_polynomial.py
[2026-02-03 17:00:56,044] INFO: OK: Syntax OK: core\indices\uv_angstrom_dinamico.py
[2026-02-03 17:00:56,047] INFO: OK: Syntax OK: core\indices\uv_spectral_diamond.py
[2026-02-03 17:00:56,050] INFO: OK: Syntax OK: core\indices\vector_aproximacion_v26.py
[2026-02-03 17:00:56,051] INFO: OK: Syntax OK: core\integration\dashboard_endpoint.py
[2026-02-03 17:00:56,063] INFO: OK: Syntax OK: core\integration\ecowitt_receiver.py
[2026-02-03 17:00:56,065] INFO: OK: Syntax OK: core\integration\integration_manager.py
[2026-02-03 17:00:56,067] INFO: OK: Syntax OK: core\integration\temporal_sync_persistence.py
[2026-02-03 17:00:56,068] INFO: OK: Syntax OK: core\learning\feature_store.py
[2026-02-03 17:00:56,073] INFO: OK: Syntax OK: core\learning\learning_simulation.py
[2026-02-03 17:00:56,075] INFO: OK: Syntax OK: core\learning\model_governance.py
[2026-02-03 17:00:56,077] INFO: OK: Syntax OK: core\location\location_engine.py
[2026-02-03 17:00:56,079] INFO: OK: Syntax OK: core\logging\audit_trail.py
[2026-02-03 17:00:56,080] INFO: OK: Syntax OK: core\logging\log_engine.py
[2026-02-03 17:00:56,082] INFO: OK: Syntax OK: core\meteo\meteo_engine.py
[2026-02-03 17:00:56,083] INFO: OK: Syntax OK: core\meteo\meteo_model.py
[2026-02-03 17:00:56,084] INFO: OK: Syntax OK: core\meteo\meteo_utils.py
[2026-02-03 17:00:56,084] INFO: OK: Syntax OK: core\motors\alarmas_motor.py
[2026-02-03 17:00:56,085] INFO: OK: Syntax OK: core\motors\ambiental_motor.py
[2026-02-03 17:00:56,086] INFO: OK: Syntax OK: core\motors\automejora_motor.py
[2026-02-03 17:00:56,086] INFO: OK: Syntax OK: core\motors\calendario_motor.py
[2026-02-03 17:00:56,087] INFO: OK: Syntax OK: core\motors\comunicacion_motor.py
[2026-02-03 17:00:56,088] INFO: OK: Syntax OK: core\motors\confort_motor.py
[2026-02-03 17:00:56,088] INFO: OK: Syntax OK: core\motors\edificio_motor.py
[2026-02-03 17:00:56,089] INFO: OK: Syntax OK: core\motors\estado_api.py
[2026-02-03 17:00:56,089] INFO: OK: Syntax OK: core\motors\estado_api_extendido.py
[2026-02-03 17:00:56,090] INFO: OK: Syntax OK: core\motors\eventos_motor.py
[2026-02-03 17:00:56,090] INFO: OK: Syntax OK: core\motors\huellas_motor.py
[2026-02-03 17:00:56,091] INFO: OK: Syntax OK: core\motors\impresion_motor.py
[2026-02-03 17:00:56,091] INFO: OK: Syntax OK: core\motors\lista_compra_motor.py
[2026-02-03 17:00:56,092] INFO: OK: Syntax OK: core\motors\meteorologico_motor.py
[2026-02-03 17:00:56,093] INFO: OK: Syntax OK: core\motors\motors_api.py
[2026-02-03 17:00:56,094] INFO: OK: Syntax OK: core\motors\recomendaciones_motor.py
[2026-02-03 17:00:56,095] INFO: OK: Syntax OK: core\motors\submenu_motor.py
[2026-02-03 17:00:56,095] INFO: OK: Syntax OK: core\motors\tareas_motor.py
[2026-02-03 17:00:56,099] INFO: OK: Syntax OK: core\omnipotence\integration_bridge.py
[2026-02-03 17:00:56,101] INFO: OK: Syntax OK: core\omnipotence\omnipotence_simple.py
[2026-02-03 17:00:56,102] INFO: OK: Syntax OK: core\organizer\organizer_api.py
[2026-02-03 17:00:56,104] INFO: OK: Syntax OK: core\organizer\organizer_model.py
[2026-02-03 17:00:56,105] INFO: OK: Syntax OK: core\pas\pas_engine.py
[2026-02-03 17:00:56,109] INFO: OK: Syntax OK: core\persistence\influxdb_manager.py
[2026-02-03 17:00:56,113] INFO: OK: Syntax OK: core\persistence\timeseries_archiver.py
[2026-02-03 17:00:56,117] INFO: OK: Syntax OK: core\prediction\lstm_predictor.py
[2026-02-03 17:00:56,122] INFO: OK: Syntax OK: core\prediction\prediction_engine.py
[2026-02-03 17:00:56,125] INFO: OK: Syntax OK: core\recommendations\unified_recommendation_engine.py
[2026-02-03 17:00:56,127] INFO: OK: Syntax OK: core\security\policies.py
[2026-02-03 17:00:56,127] INFO: OK: Syntax OK: core\selfmod\self_mod_engine.py
[2026-02-03 17:00:56,130] INFO: OK: Syntax OK: core\sensors\pm_calibration.py
[2026-02-03 17:00:56,132] INFO: OK: Syntax OK: core\sensors\sensor_aliases.py
[2026-02-03 17:00:56,134] INFO: OK: Syntax OK: core\sensors\sensor_fusion.py
[2026-02-03 17:00:56,135] INFO: OK: Syntax OK: core\sensors\sensor_virtual_altura.py
[2026-02-03 17:00:56,137] INFO: OK: Syntax OK: core\system\acorazado_orchestrator.py
[2026-02-03 17:00:56,139] INFO: OK: Syntax OK: core\system\bus_auto_capture.py
[2026-02-03 17:00:56,339] INFO: OK: Syntax OK: core\system\bus_expander.py
[2026-02-03 17:00:56,400] INFO: OK: Syntax OK: core\system\bus_expander_V13_BACKUP_20260202_180608.py
[2026-02-03 17:00:56,403] INFO: OK: Syntax OK: core\system\bus_expander_V20_CERTIFICADO.py
[2026-02-03 17:00:56,404] INFO: OK: Syntax OK: core\system\observability_engine.py
[2026-02-03 17:00:56,406] INFO: OK: Syntax OK: core\system\startup_auditor.py
[2026-02-03 17:00:56,410] INFO: OK: Syntax OK: core\system\system_core.py
[2026-02-03 17:00:56,410] INFO: OK: Syntax OK: core\system\system_launcher.py
[2026-02-03 17:00:56,411] INFO: OK: Syntax OK: core\system\system_manager.py
[2026-02-03 17:00:56,412] INFO: OK: Syntax OK: core\ui\main_ui.py
[2026-02-03 17:00:56,416] INFO: OK: Syntax OK: core\validation\anomaly_detector.py
[2026-02-03 17:00:56,417] INFO: OK: Syntax OK: core\validation\fallback_isa.py
[2026-02-03 17:00:56,421] INFO: OK: Syntax OK: core\validation\outlier_detector.py
[2026-02-03 17:00:56,423] INFO: OK: Syntax OK: core\validation\sensor_validator_cascada.py
[2026-02-03 17:00:56,426] INFO: OK: Syntax OK: core\virtual\virtual_sensors.py
[2026-02-03 17:00:56,429] INFO: OK: Syntax OK: core\indices\cetreria\cetreria_indices.py
[2026-02-03 17:00:56,432] INFO: OK: Syntax OK: core\discovery\drivers\ble_driver.py
[2026-02-03 17:00:56,435] INFO: OK: Syntax OK: core\discovery\drivers\usb_driver.py
[2026-02-03 17:00:56,438] INFO: OK: Syntax OK: core\discovery\drivers\wifi_driver.py
[2026-02-03 17:00:56,439] INFO: OK: Syntax OK: core\api\routers\admin.py
[2026-02-03 17:00:56,440] INFO: OK: Syntax OK: core\api\routers\assistant.py
[2026-02-03 17:00:56,442] INFO: OK: Syntax OK: core\api\routers\config.py
[2026-02-03 17:00:56,442] INFO: OK: Syntax OK: core\api\routers\sensors.py
[2026-02-03 17:00:56,443] INFO: OK: Syntax OK: core\api\routers\systems.py
[2026-02-03 17:00:56,444] INFO: OK: Syntax OK: core\api\routers\voice.py
[2026-02-03 17:00:56,447] INFO: OK: Syntax OK: ai_controller.py
[2026-02-03 17:00:56,450] INFO: OK: Syntax OK: ai_endpoints.py
[2026-02-03 17:00:56,451] INFO: OK: Syntax OK: arrancar_meteoser.py
[2026-02-03 17:00:56,451] INFO: OK: Syntax OK: arrancar_servidor_test.py
[2026-02-03 17:00:56,453] INFO: OK: Syntax OK: AUDITORIA_BUS_FASE1.py
[2026-02-03 17:00:56,455] INFO: OK: Syntax OK: auditoria_codigo.py
[2026-02-03 17:00:56,457] INFO: OK: Syntax OK: AUDITORIA_PROMESAS_VS_CODIGO.py
[2026-02-03 17:00:56,507] INFO: OK: Syntax OK: backup_main_asgi_ojo.py
[2026-02-03 17:00:56,510] INFO: OK: Syntax OK: benchmark_v14_ciclo.py
[2026-02-03 17:00:56,512] INFO: OK: Syntax OK: bucholtz_rayleigh_v25.py
[2026-02-03 17:00:56,514] INFO: OK: Syntax OK: BUS_DATA_CONTRACT.py
[2026-02-03 17:00:56,515] INFO: OK: Syntax OK: calcular_sha256_manifiesto.py
[2026-02-03 17:00:56,516] INFO: OK: Syntax OK: config_manager.py
[2026-02-03 17:00:56,517] INFO: OK: Syntax OK: conftest.py
[2026-02-03 17:00:56,520] INFO: OK: Syntax OK: demo_big_data_inteligente.py
[2026-02-03 17:00:56,522] INFO: OK: Syntax OK: diagnostico_rendimiento.py
[2026-02-03 17:00:56,525] INFO: OK: Syntax OK: ejemplo_bus_v3_mejorado.py
[2026-02-03 17:00:56,528] INFO: OK: Syntax OK: ejemplo_integracion_completa.py
[2026-02-03 17:00:56,531] INFO: OK: Syntax OK: elite_motors_v25.py
[2026-02-03 17:00:56,535] INFO: OK: Syntax OK: evolution_engine.py
[2026-02-03 17:00:56,536] INFO: OK: Syntax OK: generador_sha256_final.py
[2026-02-03 17:00:56,537] INFO: OK: Syntax OK: ideas.py
[2026-02-03 17:00:56,538] INFO: OK: Syntax OK: INSTRUCCIONES_INTEGRACION_IA.py
[2026-02-03 17:00:56,539] INFO: OK: Syntax OK: integracion_elite_motors_v25.py
[2026-02-03 17:00:56,540] INFO: OK: Syntax OK: integration_manager.py
[2026-02-03 17:00:56,540] INFO: OK: Syntax OK: launcher.py
[2026-02-03 17:00:56,544] INFO: OK: Syntax OK: learning_engine.py
[2026-02-03 17:00:56,550] INFO: OK: Syntax OK: learning_simulation.py
[2026-02-03 17:00:56,550] INFO: OK: Syntax OK: main.py
[2026-02-03 17:00:56,613] INFO: OK: Syntax OK: main_asgi.py
[2026-02-03 17:00:56,614] INFO: OK: Syntax OK: meteoser.py
[2026-02-03 17:00:56,617] INFO: OK: Syntax OK: meteoser_ia_integration.py
[2026-02-03 17:00:56,617] INFO: OK: Syntax OK: monitor_main_asgi.py
[2026-02-03 17:00:56,618] INFO: OK: Syntax OK: probar_envio_ecowitt.py
[2026-02-03 17:00:56,621] INFO: OK: Syntax OK: protocolo_certificacion_arranque_v26.py
[2026-02-03 17:00:56,622] INFO: OK: Syntax OK: RELLENO_ENDPOINTS_REALES.py
[2026-02-03 17:00:56,622] INFO: OK: Syntax OK: RESUMEN_LIMPIEZA_SIN_CHAPUZAS.py
[2026-02-03 17:00:56,626] INFO: OK: Syntax OK: self_mod_engine.py
[2026-02-03 17:00:56,631] INFO: OK: Syntax OK: simulation_engine.py
[2026-02-03 17:00:56,634] INFO: OK: Syntax OK: test_auto_discovery.py
[2026-02-03 17:00:56,637] INFO: OK: Syntax OK: test_biblia_v25_completa.py
[2026-02-03 17:00:56,637] INFO: OK: Syntax OK: test_boot.py
[2026-02-03 17:00:56,641] INFO: OK: Syntax OK: test_bus_capas_informacion.py
[2026-02-03 17:00:56,643] INFO: OK: Syntax OK: test_certificacion_v26.py
[2026-02-03 17:00:56,644] INFO: OK: Syntax OK: test_ignicion_fisica_2026.py
[2026-02-03 17:00:56,648] INFO: OK: Syntax OK: test_mejoras_tier_1_3.py
[2026-02-03 17:00:56,650] INFO: OK: Syntax OK: test_presion_quick.py
[2026-02-03 17:00:56,652] INFO: OK: Syntax OK: test_resiliencia_universal.py
[2026-02-03 17:00:56,652] INFO: OK: Syntax OK: test_sha256_simple.py
[2026-02-03 17:00:56,655] INFO: OK: Syntax OK: test_sintonizacion_2026.py
[2026-02-03 17:00:56,659] INFO: OK: Syntax OK: test_statistical_brain.py
[2026-02-03 17:00:56,659] INFO: OK: Syntax OK: test_visibilidad_factor_z.py
[2026-02-03 17:00:56,662] INFO: OK: Syntax OK: UNIFICACION_PLAN_MAESTRO.py
[2026-02-03 17:00:56,666] INFO: OK: Syntax OK: VALIDACION_ACCIONES_CRITICAS_2FEB2026.py
[2026-02-03 17:00:56,668] INFO: OK: Syntax OK: vector_aproximacion_v26.py
[2026-02-03 17:00:56,671] INFO: OK: Syntax OK: verificar_sistema.py
[2026-02-03 17:00:56,672] INFO: OK: Syntax OK: ver_estado_meteoser.py
[2026-02-03 17:00:56,675] INFO: OK: Syntax OK: virtual_sensors.py
[2026-02-03 17:00:56,675] INFO: ✓ Critical directory present: core/validation
[2026-02-03 17:00:56,675] INFO: ✓ Critical directory present: core/bus
[2026-02-03 17:00:56,675] INFO: ✓ Critical directory present: core/indices
[2026-02-03 17:00:56,675] INFO: ✓ Critical directory present: config
[2026-02-03 17:00:56,676] INFO: ✓ All basic CI tests passed
[2026-02-03 17:01:03,458] INFO: Creating checkpoint: sistema_completo_limpio_sin_warnings_3feb2026
[2026-02-03 17:01:03,463] INFO: ✓ Backed up: core/system/bus_expander.py
[2026-02-03 17:01:03,465] INFO: ✓ Backed up: core/validation/anomaly_detector.py
[2026-02-03 17:01:03,467] INFO: ✓ Backed up: meteoser_configuracion.txt
[2026-02-03 17:01:03,469] INFO: ✓ Backed up: core/bus/__init__.py
[2026-02-03 17:01:03,470] INFO: ✓ Backed up: core/bus/bus_capas_informacion.py
[2026-02-03 17:01:03,472] INFO: ✓ Backed up: main.py
[2026-02-03 17:01:03,475] INFO: ✓ Backed up: main_asgi.py
[2026-02-03 17:01:03,476] ERROR: ✗ Failed to backup directory core/validation: [WinError 183] No se puede crear un archivo que ya existe: 'C:\\Users\\kioko\\Desktop\\MeteoSerV3\\backups\\system_checkpoints\\sistema_completo_limpio_sin_warnings_3feb2026\\core\\validation'
[2026-02-03 17:01:03,477] ERROR: ✗ Failed to backup directory core/bus: [WinError 183] No se puede crear un archivo que ya existe: 'C:\\Users\\kioko\\Desktop\\MeteoSerV3\\backups\\system_checkpoints\\sistema_completo_limpio_sin_warnings_3feb2026\\core\\bus'
[2026-02-03 17:01:03,519] INFO: ✓ Backed up directory: core/indices
[2026-02-03 17:01:03,520] INFO: ✓ Backed up directory: config
[2026-02-03 17:01:03,521] INFO: ✓ Checkpoint created successfully: sistema_completo_limpio_sin_warnings_3feb2026
[2026-02-03 17:16:00,661] INFO: Creating checkpoint: unificacion_atomica_v23_coherencia_fisica_3feb2026
[2026-02-03 17:16:00,678] INFO: ✓ Backed up: core/system/bus_expander.py
[2026-02-03 17:16:00,681] INFO: ✓ Backed up: core/validation/anomaly_detector.py
[2026-02-03 17:16:00,683] INFO: ✓ Backed up: meteoser_configuracion.txt
[2026-02-03 17:16:00,685] INFO: ✓ Backed up: core/bus/__init__.py
[2026-02-03 17:16:00,687] INFO: ✓ Backed up: core/bus/bus_capas_informacion.py
[2026-02-03 17:16:00,689] INFO: ✓ Backed up: main.py
[2026-02-03 17:16:00,719] INFO: ✓ Backed up: main_asgi.py
[2026-02-03 17:16:00,720] ERROR: ✗ Failed to backup directory core/validation: [WinError 183] No se puede crear un archivo que ya existe: 'C:\\Users\\kioko\\Desktop\\MeteoSerV3\\backups\\system_checkpoints\\unificacion_atomica_v23_coherencia_fisica_3feb2026\\core\\validation'
[2026-02-03 17:16:00,722] ERROR: ✗ Failed to backup directory core/bus: [WinError 183] No se puede crear un archivo que ya existe: 'C:\\Users\\kioko\\Desktop\\MeteoSerV3\\backups\\system_checkpoints\\unificacion_atomica_v23_coherencia_fisica_3feb2026\\core\\bus'
[2026-02-03 17:16:00,764] INFO: ✓ Backed up directory: core/indices
[2026-02-03 17:16:00,766] INFO: ✓ Backed up directory: config
[2026-02-03 17:16:00,768] INFO: ✓ Checkpoint created successfully: unificacion_atomica_v23_coherencia_fisica_3feb2026
[2026-02-04 01:59:48,438] INFO: Creating checkpoint: v34_1_pre
[2026-02-04 01:59:48,442] INFO: ✓ Backed up: core/system/bus_expander.py
[2026-02-04 01:59:48,445] INFO: ✓ Backed up: core/validation/anomaly_detector.py
[2026-02-04 01:59:48,447] INFO: ✓ Backed up: meteoser_configuracion.txt
[2026-02-04 01:59:48,449] INFO: ✓ Backed up: core/bus/__init__.py
[2026-02-04 01:59:48,450] INFO: ✓ Backed up: core/bus/bus_capas_informacion.py
[2026-02-04 01:59:48,452] INFO: ✓ Backed up: main.py
[2026-02-04 01:59:48,455] INFO: ✓ Backed up: main_asgi.py
[2026-02-04 01:59:48,456] ERROR: ✗ Failed to backup directory core/validation: [WinError 183] No se puede crear un archivo que ya existe: 'C:\\Users\\kioko\\Desktop\\MeteoSerV3\\backups\\system_checkpoints\\v34_1_pre\\core\\validation'
[2026-02-04 01:59:48,457] ERROR: ✗ Failed to backup directory core/bus: [WinError 183] No se puede crear un archivo que ya existe: 'C:\\Users\\kioko\\Desktop\\MeteoSerV3\\backups\\system_checkpoints\\v34_1_pre\\core\\bus'
[2026-02-04 01:59:48,502] INFO: ✓ Backed up directory: core/indices
[2026-02-04 01:59:48,503] INFO: ✓ Backed up directory: config
[2026-02-04 01:59:48,505] INFO: ✓ Checkpoint created successfully: v34_1_pre
[2026-02-04 02:23:27,698] INFO: Running basic CI tests...
[2026-02-04 02:23:27,698] INFO: ✓ Critical file present: core/system/bus_expander.py
[2026-02-04 02:23:27,699] INFO: ✓ Critical file present: core/validation/anomaly_detector.py
[2026-02-04 02:23:27,699] INFO: ✓ Critical file present: meteoser_configuracion.txt
[2026-02-04 02:23:27,699] INFO: ✓ Critical file present: core/bus/__init__.py
[2026-02-04 02:23:27,700] INFO: ✓ Critical file present: core/bus/bus_capas_informacion.py
[2026-02-04 02:23:27,700] INFO: ✓ Critical file present: main.py
[2026-02-04 02:23:27,700] INFO: ✓ Critical file present: main_asgi.py
[2026-02-04 02:23:27,700] INFO: Checking Python syntax...
[2026-02-04 02:23:27,719] INFO: OK: Syntax OK: core\arcos_solares.py
[2026-02-04 02:23:27,721] INFO: OK: Syntax OK: core\auditoria_manager.py
[2026-02-04 02:23:27,722] INFO: OK: Syntax OK: core\correccion_geofisica_v26.py
[2026-02-04 02:23:27,724] INFO: OK: Syntax OK: core\data_model.py
[2026-02-04 02:23:27,725] INFO: OK: Syntax OK: core\devops_tools.py
[2026-02-04 02:23:27,727] INFO: OK: Syntax OK: core\feedback_manager.py
[2026-02-04 02:23:27,730] INFO: OK: Syntax OK: core\fiabilidad_manager.py
[2026-02-04 02:23:27,732] INFO: OK: Syntax OK: core\ideas_master.py
[2026-02-04 02:23:27,736] INFO: OK: Syntax OK: core\ideas_master_blocks.py
[2026-02-04 02:23:27,738] INFO: OK: Syntax OK: core\logger.py
[2026-02-04 02:23:27,741] INFO: OK: Syntax OK: core\meteo_interface.py
[2026-02-04 02:23:27,744] INFO: OK: Syntax OK: core\recomendaciones_motor.py
[2026-02-04 02:23:27,745] INFO: OK: Syntax OK: core\system_launcher.py
[2026-02-04 02:23:27,746] INFO: OK: Syntax OK: core\system_manager.py
[2026-02-04 02:23:27,747] INFO: OK: Syntax OK: core\utils.py
[2026-02-04 02:23:27,753] INFO: OK: Syntax OK: core\ai\autoheal.py
[2026-02-04 02:23:27,760] INFO: OK: Syntax OK: core\ai\codegen.py
[2026-02-04 02:23:27,769] INFO: OK: Syntax OK: core\ai\contracts.py
[2026-02-04 02:23:27,775] INFO: OK: Syntax OK: core\ai\dialog.py
[2026-02-04 02:23:27,781] INFO: OK: Syntax OK: core\ai\explainer.py
[2026-02-04 02:23:27,788] INFO: OK: Syntax OK: core\ai\knowledge.py
[2026-02-04 02:23:27,795] INFO: OK: Syntax OK: core\ai\orchestrator.py
[2026-02-04 02:23:27,801] INFO: OK: Syntax OK: core\ai\updater.py
[2026-02-04 02:23:27,803] INFO: OK: Syntax OK: core\api\api_engine.py
[2026-02-04 02:23:27,804] INFO: OK: Syntax OK: core\api\api_rest.py
[2026-02-04 02:23:27,808] INFO: OK: Syntax OK: core\api\api_vector_aproximacion_v26.py
[2026-02-04 02:23:27,809] INFO: OK: Syntax OK: core\api\services.py
[2026-02-04 02:23:27,810] INFO: OK: Syntax OK: core\architecture\open_architecture.py
[2026-02-04 02:23:27,814] INFO: OK: Syntax OK: core\atmosphere\isa_calculator.py
[2026-02-04 02:23:27,816] INFO: OK: Syntax OK: core\auto\autocure_engine.py
[2026-02-04 02:23:27,818] INFO: OK: Syntax OK: core\auto\auto_expansion_engine.py
[2026-02-04 02:23:27,820] INFO: OK: Syntax OK: core\auto\auto_improvement_engine.py
[2026-02-04 02:23:27,822] INFO: OK: Syntax OK: core\auto\auto_repair_engine.py
[2026-02-04 02:23:27,830] INFO: OK: Syntax OK: core\auto\auto_sensor_discovery.py
[2026-02-04 02:23:27,835] INFO: OK: Syntax OK: core\bus\bus_async_writer.py
[2026-02-04 02:23:27,843] INFO: OK: Syntax OK: core\bus\bus_capas_informacion.py
[2026-02-04 02:23:27,848] INFO: OK: Syntax OK: core\bus\bus_compactor.py
[2026-02-04 02:23:27,853] INFO: OK: Syntax OK: core\bus\bus_grifo_inteligente.py
[2026-02-04 02:23:27,856] INFO: OK: Syntax OK: core\bus\bus_indexer.py
[2026-02-04 02:23:27,860] INFO: OK: Syntax OK: core\bus\bus_snapshot.py
[2026-02-04 02:23:27,865] INFO: OK: Syntax OK: core\bus\bus_v3_adapter.py
[2026-02-04 02:23:27,868] INFO: OK: Syntax OK: core\bus\bus_validador_naming.py
[2026-02-04 02:23:27,871] INFO: OK: Syntax OK: core\bus\bus_versionador_parametros.py
[2026-02-04 02:23:27,875] INFO: OK: Syntax OK: core\bus\dato_historico.py
[2026-02-04 02:23:27,880] INFO: OK: Syntax OK: core\bus\formula_hierarchy.py
[2026-02-04 02:23:27,883] INFO: OK: Syntax OK: core\bus\metadata_middleware.py
[2026-02-04 02:23:27,888] INFO: OK: Syntax OK: core\bus\monitor_bus.py
[2026-02-04 02:23:27,893] INFO: OK: Syntax OK: core\bus\whitelist_sagrados_v30.py
[2026-02-04 02:23:27,902] INFO: OK: Syntax OK: core\calibration\auto_calibrator.py
[2026-02-04 02:23:27,909] INFO: OK: Syntax OK: core\calibration\bias_detector.py
[2026-02-04 02:23:27,913] INFO: OK: Syntax OK: core\calibration\calibration_engine.py
[2026-02-04 02:23:27,919] INFO: OK: Syntax OK: core\calibration\regression_calibrator.py
[2026-02-04 02:23:27,921] INFO: OK: Syntax OK: core\config\config_loader.py
[2026-02-04 02:23:27,922] INFO: OK: Syntax OK: core\config\config_manager.py
[2026-02-04 02:23:27,925] INFO: OK: Syntax OK: core\context\contexto_maestro_global.py
[2026-02-04 02:23:27,926] INFO: OK: Syntax OK: core\context\context_engine.py
[2026-02-04 02:23:27,929] INFO: OK: Syntax OK: core\context\fallback_universal.py
[2026-02-04 02:23:27,932] INFO: OK: Syntax OK: core\discovery\ble_scanner.py
[2026-02-04 02:23:27,935] INFO: OK: Syntax OK: core\discovery\driver_installer.py
[2026-02-04 02:23:27,939] INFO: OK: Syntax OK: core\discovery\mdns_scanner.py
[2026-02-04 02:23:27,941] INFO: OK: Syntax OK: core\discovery\omnipotence_manager.py
[2026-02-04 02:23:27,947] INFO: OK: Syntax OK: core\discovery\sensor_assimilator.py
[2026-02-04 02:23:27,953] INFO: OK: Syntax OK: core\discovery\universal_orchestrator.py
[2026-02-04 02:23:27,960] INFO: OK: Syntax OK: core\discovery\universal_scanner.py
[2026-02-04 02:23:27,965] INFO: OK: Syntax OK: core\discovery\usb_scanner.py
[2026-02-04 02:23:27,970] INFO: OK: Syntax OK: core\engines\autoimprovement_engine.py
[2026-02-04 02:23:27,973] INFO: OK: Syntax OK: core\engines\auto_improvement_engine.py
[2026-02-04 02:23:27,977] INFO: OK: Syntax OK: core\engines\brain_persistence.py
[2026-02-04 02:23:27,983] INFO: OK: Syntax OK: core\engines\communication_engine.py
[2026-02-04 02:23:28,011] INFO: OK: Syntax OK: core\engines\environmental_engines.py
[2026-02-04 02:23:28,017] INFO: OK: Syntax OK: core\engines\habits_engine.py
[2026-02-04 02:23:28,022] INFO: OK: Syntax OK: core\engines\indoor_air_cross_validator.py
[2026-02-04 02:23:28,028] INFO: OK: Syntax OK: core\engines\sensor_engine.py
[2026-02-04 02:23:28,038] INFO: OK: Syntax OK: core\engines\statistical_brain.py
[2026-02-04 02:23:28,039] INFO: OK: Syntax OK: core\evolution\evolution_engine.py
[2026-02-04 02:23:28,040] INFO: OK: Syntax OK: core\ia\assistant.py
[2026-02-04 02:23:28,043] INFO: OK: Syntax OK: core\ia\suggest_engine.py
[2026-02-04 02:23:28,047] INFO: OK: Syntax OK: core\indices\advanced_field_indices.py
[2026-02-04 02:23:28,057] INFO: OK: Syntax OK: core\indices\advanced_physics_models.py
[2026-02-04 02:23:28,069] INFO: OK: Syntax OK: core\indices\advanced_predictive_indices.py
[2026-02-04 02:23:28,072] INFO: OK: Syntax OK: core\indices\ashrae55_adaptive_vtt.py
[2026-02-04 02:23:28,076] INFO: OK: Syntax OK: core\indices\astronomia_recursiva.py
[2026-02-04 02:23:28,080] INFO: OK: Syntax OK: core\indices\atmospheric_profiler.py
[2026-02-04 02:23:28,084] INFO: OK: Syntax OK: core\indices\bucholtz_rayleigh_v25.py
[2026-02-04 02:23:28,088] INFO: OK: Syntax OK: core\indices\bus_estado_global.py
[2026-02-04 02:23:28,094] INFO: OK: Syntax OK: core\indices\elite_motors_v25.py
[2026-02-04 02:23:28,096] INFO: OK: Syntax OK: core\indices\elite_physics.py
[2026-02-04 02:23:28,308] INFO: OK: Syntax OK: core\indices\environmental_indices.py
[2026-02-04 02:23:28,310] INFO: OK: Syntax OK: core\indices\external_earthquake_validation.py
[2026-02-04 02:23:28,312] INFO: OK: Syntax OK: core\indices\external_lightning_validation.py
[2026-02-04 02:23:28,315] INFO: OK: Syntax OK: core\indices\fanger_pmv_ppd.py
[2026-02-04 02:23:28,317] INFO: OK: Syntax OK: core\indices\gab_sorption.py
[2026-02-04 02:23:28,320] INFO: OK: Syntax OK: core\indices\hardy_nist_psicrometria.py
[2026-02-04 02:23:28,323] INFO: OK: Syntax OK: core\indices\index_catalog.py
[2026-02-04 02:23:28,324] INFO: OK: Syntax OK: core\indices\index_registry.py
[2026-02-04 02:23:28,325] INFO: OK: Syntax OK: core\indices\index_selection.py
[2026-02-04 02:23:28,328] INFO: OK: Syntax OK: core\indices\integracion_elite_motors_v25.py
[2026-02-04 02:23:28,331] INFO: OK: Syntax OK: core\indices\liljegren_wbgt.py
[2026-02-04 02:23:28,335] INFO: OK: Syntax OK: core\indices\nubosidad_liu_jordan_kasten.py
[2026-02-04 02:23:28,337] INFO: OK: Syntax OK: core\indices\omm_densidad_temperatura_virtual.py
[2026-02-04 02:23:28,343] INFO: OK: Syntax OK: core\indices\physical_consistency.py
[2026-02-04 02:23:28,349] INFO: OK: Syntax OK: core\indices\physics_engine_2026.py
[2026-02-04 02:23:28,353] INFO: OK: Syntax OK: core\indices\physics_engine_cached.py
[2026-02-04 02:23:28,356] INFO: OK: Syntax OK: core\indices\physics_numba.py
[2026-02-04 02:23:28,358] INFO: OK: Syntax OK: core\indices\rayleigh_miller_dispersion.py
[2026-02-04 02:23:28,362] INFO: OK: Syntax OK: core\indices\rest2_gueymard_radiacion.py
[2026-02-04 02:23:28,364] INFO: OK: Syntax OK: core\indices\serializador_estado_atomico.py
[2026-02-04 02:23:28,367] INFO: OK: Syntax OK: core\indices\temperatura_radiante_dinamica.py
[2026-02-04 02:23:28,370] INFO: OK: Syntax OK: core\indices\testigo_fallo.py
[2026-02-04 02:23:28,373] INFO: OK: Syntax OK: core\indices\utci_polynomial.py
[2026-02-04 02:23:28,375] INFO: OK: Syntax OK: core\indices\uv_angstrom_dinamico.py
[2026-02-04 02:23:28,383] INFO: OK: Syntax OK: core\indices\uv_spectral_diamond.py
[2026-02-04 02:23:28,388] INFO: OK: Syntax OK: core\indices\vector_aproximacion_v26.py
[2026-02-04 02:23:28,389] INFO: OK: Syntax OK: core\integration\dashboard_endpoint.py
[2026-02-04 02:23:28,415] INFO: OK: Syntax OK: core\integration\ecowitt_receiver.py
[2026-02-04 02:23:28,417] INFO: OK: Syntax OK: core\integration\integration_manager.py
[2026-02-04 02:23:28,418] INFO: OK: Syntax OK: core\integration\telegram_bot.py
[2026-02-04 02:23:28,421] INFO: OK: Syntax OK: core\integration\temporal_sync_persistence.py
[2026-02-04 02:23:28,427] INFO: OK: Syntax OK: core\learning\episodic_memory_sqlite.py
[2026-02-04 02:23:28,430] INFO: OK: Syntax OK: core\learning\feature_store.py
[2026-02-04 02:23:28,440] INFO: OK: Syntax OK: core\learning\learning_feedback.py
[2026-02-04 02:23:28,449] INFO: OK: Syntax OK: core\learning\learning_simulation.py
[2026-02-04 02:23:28,452] INFO: OK: Syntax OK: core\learning\model_governance.py
[2026-02-04 02:23:28,461] INFO: OK: Syntax OK: core\learning\vector_memory.py
[2026-02-04 02:23:28,464] INFO: OK: Syntax OK: core\location\location_engine.py
[2026-02-04 02:23:28,468] INFO: OK: Syntax OK: core\logging\audit_trail.py
[2026-02-04 02:23:28,469] INFO: OK: Syntax OK: core\logging\log_engine.py
[2026-02-04 02:23:28,471] INFO: OK: Syntax OK: core\meteo\meteo_engine.py
[2026-02-04 02:23:28,473] INFO: OK: Syntax OK: core\meteo\meteo_model.py
[2026-02-04 02:23:28,475] INFO: OK: Syntax OK: core\meteo\meteo_utils.py
[2026-02-04 02:23:28,486] INFO: OK: Syntax OK: core\monitoring\formula_comparator.py
[2026-02-04 02:23:28,501] INFO: OK: Syntax OK: core\monitoring\vanguard_ojeador.py
[2026-02-04 02:23:28,502] INFO: OK: Syntax OK: core\motors\alarmas_motor.py
[2026-02-04 02:23:28,505] INFO: OK: Syntax OK: core\motors\ambiental_motor.py
[2026-02-04 02:23:28,506] INFO: OK: Syntax OK: core\motors\automejora_motor.py
[2026-02-04 02:23:28,507] INFO: OK: Syntax OK: core\motors\calendario_motor.py
[2026-02-04 02:23:28,507] INFO: OK: Syntax OK: core\motors\comunicacion_motor.py
[2026-02-04 02:23:28,509] INFO: OK: Syntax OK: core\motors\confort_motor.py
[2026-02-04 02:23:28,511] INFO: OK: Syntax OK: core\motors\edificio_motor.py
[2026-02-04 02:23:28,512] INFO: OK: Syntax OK: core\motors\estado_api.py
[2026-02-04 02:23:28,514] INFO: OK: Syntax OK: core\motors\estado_api_extendido.py
[2026-02-04 02:23:28,515] INFO: OK: Syntax OK: core\motors\eventos_motor.py
[2026-02-04 02:23:28,516] INFO: OK: Syntax OK: core\motors\huellas_motor.py
[2026-02-04 02:23:28,517] INFO: OK: Syntax OK: core\motors\impresion_motor.py
[2026-02-04 02:23:28,518] INFO: OK: Syntax OK: core\motors\lista_compra_motor.py
[2026-02-04 02:23:28,520] INFO: OK: Syntax OK: core\motors\meteorologico_motor.py
[2026-02-04 02:23:28,522] INFO: OK: Syntax OK: core\motors\motors_api.py
[2026-02-04 02:23:28,523] INFO: OK: Syntax OK: core\motors\recomendaciones_motor.py
[2026-02-04 02:23:28,525] INFO: OK: Syntax OK: core\motors\submenu_motor.py
[2026-02-04 02:23:28,526] INFO: OK: Syntax OK: core\motors\tareas_motor.py
[2026-02-04 02:23:28,531] INFO: OK: Syntax OK: core\omnipotence\integration_bridge.py
[2026-02-04 02:23:28,535] INFO: OK: Syntax OK: core\omnipotence\omnipotence_simple.py
[2026-02-04 02:23:28,537] INFO: OK: Syntax OK: core\organizer\organizer_api.py
[2026-02-04 02:23:28,540] INFO: OK: Syntax OK: core\organizer\organizer_model.py
[2026-02-04 02:23:28,543] INFO: OK: Syntax OK: core\pas\pas_engine.py
[2026-02-04 02:23:28,549] INFO: OK: Syntax OK: core\persistence\influxdb_manager.py
[2026-02-04 02:23:28,554] INFO: OK: Syntax OK: core\persistence\timeseries_archiver.py
[2026-02-04 02:23:28,559] INFO: OK: Syntax OK: core\prediction\lstm_predictor.py
[2026-02-04 02:23:28,569] INFO: OK: Syntax OK: core\prediction\prediction_engine.py
[2026-02-04 02:23:28,572] INFO: OK: Syntax OK: core\recommendations\unified_recommendation_engine.py
[2026-02-04 02:23:28,575] INFO: OK: Syntax OK: core\security\policies.py
[2026-02-04 02:23:28,576] INFO: OK: Syntax OK: core\selfmod\self_mod_engine.py
[2026-02-04 02:23:28,579] INFO: OK: Syntax OK: core\sensors\pm_calibration.py
[2026-02-04 02:23:28,582] INFO: OK: Syntax OK: core\sensors\sensor_aliases.py
[2026-02-04 02:23:28,584] INFO: OK: Syntax OK: core\sensors\sensor_fusion.py
[2026-02-04 02:23:28,586] INFO: OK: Syntax OK: core\sensors\sensor_virtual_altura.py
[2026-02-04 02:23:28,588] INFO: OK: Syntax OK: core\system\acorazado_orchestrator.py
[2026-02-04 02:23:28,593] INFO: OK: Syntax OK: core\system\auto_instrumentacion.py
[2026-02-04 02:23:28,598] INFO: OK: Syntax OK: core\system\bus_auto_capture.py
[2026-02-04 02:23:28,858] INFO: OK: Syntax OK: core\system\bus_expander.py
[2026-02-04 02:23:28,917] INFO: OK: Syntax OK: core\system\bus_expander_V13_BACKUP_20260202_180608.py
[2026-02-04 02:23:28,920] INFO: OK: Syntax OK: core\system\bus_expander_V20_CERTIFICADO.py
[2026-02-04 02:23:28,922] INFO: OK: Syntax OK: core\system\constants.py
[2026-02-04 02:23:28,924] INFO: OK: Syntax OK: core\system\observability_engine.py
[2026-02-04 02:23:28,926] INFO: OK: Syntax OK: core\system\startup_auditor.py
[2026-02-04 02:23:28,940] INFO: OK: Syntax OK: core\system\system_core.py
[2026-02-04 02:23:28,949] INFO: OK: Syntax OK: core\system\system_launcher.py
[2026-02-04 02:23:28,951] INFO: OK: Syntax OK: core\system\system_manager.py
[2026-02-04 02:23:28,955] INFO: OK: Syntax OK: core\system\validador_cruzado_trinity.py
[2026-02-04 02:23:28,957] INFO: OK: Syntax OK: core\ui\main_ui.py
[2026-02-04 02:23:28,962] INFO: OK: Syntax OK: core\validation\anomaly_detector.py
[2026-02-04 02:23:28,963] INFO: OK: Syntax OK: core\validation\fallback_isa.py
[2026-02-04 02:23:28,967] INFO: OK: Syntax OK: core\validation\outlier_detector.py
[2026-02-04 02:23:28,979] INFO: OK: Syntax OK: core\validation\sensor_anomaly_detector.py
[2026-02-04 02:23:28,989] INFO: OK: Syntax OK: core\validation\sensor_simulator.py
[2026-02-04 02:23:28,992] INFO: OK: Syntax OK: core\validation\sensor_validator_cascada.py
[2026-02-04 02:23:28,996] INFO: OK: Syntax OK: core\virtual\virtual_sensors.py
[2026-02-04 02:23:28,999] INFO: OK: Syntax OK: core\indices\cetreria\cetreria_indices.py
[2026-02-04 02:23:29,002] INFO: OK: Syntax OK: core\discovery\drivers\ble_driver.py
[2026-02-04 02:23:29,005] INFO: OK: Syntax OK: core\discovery\drivers\usb_driver.py
[2026-02-04 02:23:29,008] INFO: OK: Syntax OK: core\discovery\drivers\wifi_driver.py
[2026-02-04 02:23:29,010] INFO: OK: Syntax OK: core\api\routers\admin.py
[2026-02-04 02:23:29,012] INFO: OK: Syntax OK: core\api\routers\assistant.py
[2026-02-04 02:23:29,014] INFO: OK: Syntax OK: core\api\routers\config.py
[2026-02-04 02:23:29,015] INFO: OK: Syntax OK: core\api\routers\sensors.py
[2026-02-04 02:23:29,025] INFO: OK: Syntax OK: core\api\routers\systems.py
[2026-02-04 02:23:29,026] INFO: OK: Syntax OK: core\api\routers\voice.py
[2026-02-04 02:23:29,028] INFO: OK: Syntax OK: ai_controller.py
[2026-02-04 02:23:29,032] INFO: OK: Syntax OK: ai_endpoints.py
[2026-02-04 02:23:29,035] INFO: OK: Syntax OK: ANALISIS_FORMULAS_TOP_BUS.py
[2026-02-04 02:23:29,036] INFO: OK: Syntax OK: analizar_top5.py
[2026-02-04 02:23:29,037] INFO: OK: Syntax OK: arrancar_meteoser.py
[2026-02-04 02:23:29,038] INFO: OK: Syntax OK: arrancar_servidor_test.py
[2026-02-04 02:23:29,041] INFO: OK: Syntax OK: AUDITORIA_BUS_FASE1.py
[2026-02-04 02:23:29,043] INFO: OK: Syntax OK: auditoria_codigo.py
[2026-02-04 02:23:29,047] INFO: OK: Syntax OK: AUDITORIA_PROMESAS_VS_CODIGO.py
[2026-02-04 02:23:29,054] INFO: OK: Syntax OK: AUDITORIA_TOTAL_AUTOMATICA.py
[2026-02-04 02:23:29,105] INFO: OK: Syntax OK: backup_main_asgi_ojo.py
[2026-02-04 02:23:29,109] INFO: OK: Syntax OK: benchmark_v14_ciclo.py
[2026-02-04 02:23:29,111] INFO: OK: Syntax OK: bucholtz_rayleigh_v25.py
[2026-02-04 02:23:29,113] INFO: OK: Syntax OK: BUS_DATA_CONTRACT.py
[2026-02-04 02:23:29,116] INFO: OK: Syntax OK: calcular_diferencia_presion.py
[2026-02-04 02:23:29,117] INFO: OK: Syntax OK: calcular_sha256_manifiesto.py
[2026-02-04 02:23:29,125] INFO: OK: Syntax OK: CIERRE_INGENIERIA_V30_0.py
[2026-02-04 02:23:29,127] INFO: OK: Syntax OK: config_manager.py
[2026-02-04 02:23:29,130] INFO: OK: Syntax OK: conftest.py
[2026-02-04 02:23:29,134] INFO: OK: Syntax OK: demo_big_data_inteligente.py
[2026-02-04 02:23:29,135] INFO: OK: Syntax OK: DEMO_PROTOCOLO_PATRULLA.py
[2026-02-04 02:23:29,138] INFO: OK: Syntax OK: diagnostico_rendimiento.py
[2026-02-04 02:23:29,141] INFO: OK: Syntax OK: ejemplo_bus_v3_mejorado.py
[2026-02-04 02:23:29,145] INFO: OK: Syntax OK: ejemplo_integracion_completa.py
[2026-02-04 02:23:29,149] INFO: OK: Syntax OK: elite_motors_v25.py
[2026-02-04 02:23:29,153] INFO: OK: Syntax OK: evolution_engine.py
[2026-02-04 02:23:29,154] INFO: OK: Syntax OK: generador_sha256_final.py
[2026-02-04 02:23:29,156] INFO: OK: Syntax OK: guardrail_integridad.py
[2026-02-04 02:23:29,157] INFO: OK: Syntax OK: ideas.py
[2026-02-04 02:23:29,158] INFO: OK: Syntax OK: instalar_vector_memory.py
[2026-02-04 02:23:29,159] INFO: OK: Syntax OK: INSTRUCCIONES_INTEGRACION_IA.py
[2026-02-04 02:23:29,161] INFO: OK: Syntax OK: integracion_elite_motors_v25.py
[2026-02-04 02:23:29,163] INFO: OK: Syntax OK: integration_manager.py
[2026-02-04 02:23:29,164] INFO: OK: Syntax OK: launcher.py
[2026-02-04 02:23:29,169] INFO: OK: Syntax OK: learning_engine.py
[2026-02-04 02:23:29,174] INFO: OK: Syntax OK: learning_simulation.py
[2026-02-04 02:23:29,175] INFO: OK: Syntax OK: main.py
[2026-02-04 02:23:29,253] INFO: OK: Syntax OK: main_asgi.py
[2026-02-04 02:23:29,272] INFO: OK: Syntax OK: meteoser.py
[2026-02-04 02:23:29,275] INFO: OK: Syntax OK: meteoser_ia_integration.py
[2026-02-04 02:23:29,276] INFO: OK: Syntax OK: monitor_main_asgi.py
[2026-02-04 02:23:29,277] INFO: OK: Syntax OK: MONITOR_PATRULLA_24H.py
[2026-02-04 02:23:29,279] INFO: OK: Syntax OK: pre_commit_checklist.py
[2026-02-04 02:23:29,280] INFO: OK: Syntax OK: probar_envio_ecowitt.py
[2026-02-04 02:23:29,284] INFO: OK: Syntax OK: protocolo_certificacion_arranque_v26.py
[2026-02-04 02:23:29,285] INFO: OK: Syntax OK: RELLENO_ENDPOINTS_REALES.py
[2026-02-04 02:23:29,287] INFO: OK: Syntax OK: REPORTE_PRECISION_V24_FINAL.py
[2026-02-04 02:23:29,288] INFO: OK: Syntax OK: RESUMEN_LIMPIEZA_SIN_CHAPUZAS.py
[2026-02-04 02:23:29,293] INFO: OK: Syntax OK: self_mod_engine.py
[2026-02-04 02:23:29,296] INFO: OK: Syntax OK: SELLO_PATRULLA_OPERACIONAL.py
[2026-02-04 02:23:29,300] INFO: OK: Syntax OK: simulation_engine.py
[2026-02-04 02:23:29,303] INFO: OK: Syntax OK: test_auto_discovery.py
[2026-02-04 02:23:29,307] INFO: OK: Syntax OK: test_biblia_v25_completa.py
[2026-02-04 02:23:29,308] INFO: OK: Syntax OK: test_boot.py
[2026-02-04 02:23:29,312] INFO: OK: Syntax OK: test_bus_capas_informacion.py
[2026-02-04 02:23:29,314] INFO: OK: Syntax OK: test_certificacion_v26.py
[2026-02-04 02:23:29,316] INFO: OK: Syntax OK: test_ignicion_fisica_2026.py
[2026-02-04 02:23:29,319] INFO: OK: Syntax OK: test_mejoras_tier_1_3.py
[2026-02-04 02:23:29,321] INFO: OK: Syntax OK: test_presion_quick.py
[2026-02-04 02:23:29,323] INFO: OK: Syntax OK: test_resiliencia_universal.py
[2026-02-04 02:23:29,324] INFO: OK: Syntax OK: test_sha256_simple.py
[2026-02-04 02:23:29,327] INFO: OK: Syntax OK: test_sintonizacion_2026.py
[2026-02-04 02:23:29,333] INFO: OK: Syntax OK: test_statistical_brain.py
[2026-02-04 02:23:29,334] INFO: OK: Syntax OK: test_visibilidad_factor_z.py
[2026-02-04 02:23:29,336] INFO: OK: Syntax OK: UNIFICACION_PLAN_MAESTRO.py
[2026-02-04 02:23:29,340] INFO: OK: Syntax OK: VALIDACION_ACCIONES_CRITICAS_2FEB2026.py
[2026-02-04 02:23:29,342] INFO: OK: Syntax OK: vector_aproximacion_v26.py
[2026-02-04 02:23:29,345] INFO: OK: Syntax OK: verificar_sistema.py
[2026-02-04 02:23:29,346] INFO: OK: Syntax OK: ver_estado_meteoser.py
[2026-02-04 02:23:29,350] INFO: OK: Syntax OK: virtual_sensors.py
[2026-02-04 02:23:29,350] INFO: ✓ Critical directory present: core/validation
[2026-02-04 02:23:29,351] INFO: ✓ Critical directory present: core/bus
[2026-02-04 02:23:29,351] INFO: ✓ Critical directory present: core/indices
[2026-02-04 02:23:29,351] INFO: ✓ Critical directory present: config
[2026-02-04 02:23:29,352] INFO: ✓ All basic CI tests passed
[2026-02-04 08:14:07,416] INFO: Creating checkpoint: v34_1_post
[2026-02-04 08:14:07,420] INFO: ✓ Backed up: core/system/bus_expander.py
[2026-02-04 08:14:07,422] INFO: ✓ Backed up: core/validation/anomaly_detector.py
[2026-02-04 08:14:07,424] INFO: ✓ Backed up: meteoser_configuracion.txt
[2026-02-04 08:14:07,426] INFO: ✓ Backed up: core/bus/__init__.py
[2026-02-04 08:14:07,428] INFO: ✓ Backed up: core/bus/bus_capas_informacion.py
[2026-02-04 08:14:07,431] INFO: ✓ Backed up: main.py
[2026-02-04 08:14:07,433] INFO: ✓ Backed up: main_asgi.py
[2026-02-04 08:14:07,434] ERROR: ✗ Failed to backup directory core/validation: [WinError 183] No se puede crear un archivo que ya existe: 'C:\\Users\\kioko\\Desktop\\MeteoSerV3\\backups\\system_checkpoints\\v34_1_post\\core\\validation'
[2026-02-04 08:14:07,435] ERROR: ✗ Failed to backup directory core/bus: [WinError 183] No se puede crear un archivo que ya existe: 'C:\\Users\\kioko\\Desktop\\MeteoSerV3\\backups\\system_checkpoints\\v34_1_post\\core\\bus'
[2026-02-04 08:14:07,487] INFO: ✓ Backed up directory: core/indices
[2026-02-04 08:14:07,488] INFO: ✓ Backed up directory: config
[2026-02-04 08:14:07,489] INFO: ✓ Checkpoint created successfully: v34_1_post
