2026-02-05 17:10:16,247 - root - INFO - [LOGGING] Sistema configurado: archivo UTF-8, consola deshabilitada (Windows)
2026-02-05 17:10:16,391 - core.monitoring.cortafuegos_cascada - INFO - 🛡️ Cortafuegos de Cascada inicializado
2026-02-05 17:10:16,392 - core.monitoring.monitor_recursos_auto_limpieza - INFO - 🛡️ Monitor de Recursos y Auto-Limpieza inicializado
2026-02-05 17:10:16,393 - core.security.integridad_codigo_sha256 - INFO - 🛡️ Integridad SHA-256 (Sello de Oro) inicializada
2026-02-05 17:10:16,393 - core.security.sanitizacion_datos_externos - INFO - 🛡️ Sanitización de Datos Externos (Higiene Meteorológica) inicializada
2026-02-05 17:10:16,393 - core.monitoring.centinela_soberano - INFO - 🛡️ CENTINELA SOBERANO INICIADO
2026-02-05 17:10:16,393 - core.monitoring.centinela_soberano - INFO -    Heartbeat: data\bus_heartbeat.json
2026-02-05 17:10:16,394 - core.monitoring.centinela_soberano - INFO -    Timeout: 10.0s
2026-02-05 17:10:16,394 - core.monitoring.centinela_soberano - INFO -    Verificación cada: 2.0s
2026-02-05 17:10:16,395 - core.validation.mos_clustering_validator - INFO - ✅ MOSClusteringValidator inicializado
2026-02-05 17:10:16,395 - core.learning.feedback_learning_auditor - INFO - ✅ FeedbackLearningAuditor inicializado
2026-02-05 17:10:16,396 - __main__ - INFO - [GUARDIAN] 25 Capas V47.5 PATRULLA SOBERANA inicializado
2026-02-05 17:10:16,396 - __main__ - INFO - [AUDITORIA] Iniciando auditoria completa de 25 capas (ORDEN POR RESTRICCION)...
2026-02-05 17:10:16,397 - __main__ - INFO - 
[VITAL] Ejecutando CAPA_24: Integridad código SHA-256
2026-02-05 17:10:16,403 - __main__ - INFO - 
[VITAL] Ejecutando CAPA_25: Sanitización datos externos
2026-02-05 17:10:16,404 - __main__ - INFO - 
[VITAL] Ejecutando CAPA_23: Monitor recursos auto-limpieza
2026-02-05 17:10:17,405 - __main__ - INFO - 
[VITAL] Ejecutando CAPA_00: Pre-auditoría fórmulas
2026-02-05 17:10:17,406 - __main__ - INFO - 
[CRITICA] Ejecutando CAPA_31: Centinela soberano
2026-02-05 17:10:17,409 - core.monitoring.centinela_soberano - INFO - 🔍 Proceso encontrado: PID 748 - C:\Program Files\Google\Chrome\Application\chrome.exe --type=renderer --origin-trial-disabled-features=CanvasTextNg|WebAssemblyCustomDescriptors --video-capture-use-gpu-memory-buffer --lang=es --device-scale-factor=1.25 --num-raster-threads=4 --enable-main-frame-before-activation --renderer-client-id=246 --time-ticks-at-unix-epoch=-1770127757491454 --launch-time-ticks=152565608354 --metrics-shmem-handle=18932,i,13742610596368590743,14659168133442625626,2097152 --field-trial-handle=1972,i,10097261398387538608,15866905651324181950,262144 --variations-seed-version=20260204-090054.302000 --trace-process-track-uuid=3190709216824166348 --mojo-platform-channel-handle=13300 /prefetch:1
2026-02-05 17:10:17,409 - __main__ - INFO - 
[CRITICA] Ejecutando CAPA_21: Degradación elegante
2026-02-05 17:10:17,409 - __main__ - INFO - 
[CRITICA] Ejecutando CAPA_22: Cortafuegos de cascada
2026-02-05 17:10:17,409 - __main__ - INFO - 
[IMPORTANTE] Ejecutando CAPA_39: MOS Clustering validator
2026-02-05 17:10:17,409 - __main__ - INFO - 
[IMPORTANTE] Ejecutando CAPA_40: Feedback Learning auditor
2026-02-05 17:10:17,409 - __main__ - INFO - 
[IMPORTANTE] Ejecutando CAPA_16_19: Validación física cruzada
2026-02-05 17:10:17,409 - __main__ - INFO - 
[OPCIONAL] Ejecutando CAPA_06_10: Análisis uso Bus
2026-02-05 17:10:17,409 - __main__ - INFO - 
[OPCIONAL] Ejecutando CAPA_11_15: Duelos automáticos
2026-02-05 17:10:17,409 - __main__ - INFO - 
[OPCIONAL] Ejecutando CAPA_26_30: Post-duelo validación
2026-02-05 17:10:56,636 - root - INFO - [LOGGING] Sistema configurado: archivo UTF-8, consola deshabilitada (Windows)
2026-02-05 17:10:56,707 - core.monitoring.cortafuegos_cascada - INFO - 🛡️ Cortafuegos de Cascada inicializado
2026-02-05 17:10:56,707 - core.monitoring.monitor_recursos_auto_limpieza - INFO - 🛡️ Monitor de Recursos y Auto-Limpieza inicializado
2026-02-05 17:10:56,708 - core.security.integridad_codigo_sha256 - INFO - 🛡️ Integridad SHA-256 (Sello de Oro) inicializada
2026-02-05 17:10:56,708 - core.security.sanitizacion_datos_externos - INFO - 🛡️ Sanitización de Datos Externos (Higiene Meteorológica) inicializada
2026-02-05 17:10:56,708 - core.monitoring.centinela_soberano - INFO - 🛡️ CENTINELA SOBERANO INICIADO
2026-02-05 17:10:56,708 - core.monitoring.centinela_soberano - INFO -    Heartbeat: data\bus_heartbeat.json
2026-02-05 17:10:56,708 - core.monitoring.centinela_soberano - INFO -    Timeout: 10.0s
2026-02-05 17:10:56,708 - core.monitoring.centinela_soberano - INFO -    Verificación cada: 2.0s
2026-02-05 17:10:56,708 - core.validation.mos_clustering_validator - INFO - ✅ MOSClusteringValidator inicializado
2026-02-05 17:10:56,709 - core.learning.feedback_learning_auditor - INFO - ✅ FeedbackLearningAuditor inicializado
2026-02-05 17:10:56,709 - __main__ - INFO - [GUARDIAN] 25 Capas V47.5 PATRULLA SOBERANA inicializado
2026-02-05 17:10:56,709 - __main__ - INFO - [AUDITORIA] Iniciando auditoria completa de 25 capas (ORDEN POR RESTRICCION)...
2026-02-05 17:10:56,709 - __main__ - INFO - 
[VITAL] Ejecutando CAPA_24: Integridad código SHA-256
2026-02-05 17:10:56,712 - __main__ - INFO - 
[VITAL] Ejecutando CAPA_25: Sanitización datos externos
2026-02-05 17:10:56,712 - __main__ - INFO - 
[VITAL] Ejecutando CAPA_23: Monitor recursos auto-limpieza
2026-02-05 17:10:57,715 - __main__ - INFO - 
[VITAL] Ejecutando CAPA_00: Pre-auditoría fórmulas
2026-02-05 17:10:57,715 - __main__ - INFO - 
[CRITICA] Ejecutando CAPA_31: Centinela soberano
2026-02-05 17:10:57,719 - core.monitoring.centinela_soberano - INFO - 🔍 Proceso encontrado: PID 748 - C:\Program Files\Google\Chrome\Application\chrome.exe --type=renderer --origin-trial-disabled-features=CanvasTextNg|WebAssemblyCustomDescriptors --video-capture-use-gpu-memory-buffer --lang=es --device-scale-factor=1.25 --num-raster-threads=4 --enable-main-frame-before-activation --renderer-client-id=246 --time-ticks-at-unix-epoch=-1770127757491454 --launch-time-ticks=152565608354 --metrics-shmem-handle=18932,i,13742610596368590743,14659168133442625626,2097152 --field-trial-handle=1972,i,10097261398387538608,15866905651324181950,262144 --variations-seed-version=20260204-090054.302000 --trace-process-track-uuid=3190709216824166348 --mojo-platform-channel-handle=13300 /prefetch:1
2026-02-05 17:10:57,719 - __main__ - INFO - 
[CRITICA] Ejecutando CAPA_21: Degradación elegante
2026-02-05 17:10:57,720 - __main__ - INFO - 
[CRITICA] Ejecutando CAPA_22: Cortafuegos de cascada
2026-02-05 17:10:57,720 - __main__ - INFO - 
[IMPORTANTE] Ejecutando CAPA_39: MOS Clustering validator
2026-02-05 17:10:57,720 - __main__ - INFO - 
[IMPORTANTE] Ejecutando CAPA_40: Feedback Learning auditor
2026-02-05 17:10:57,720 - __main__ - INFO - 
[IMPORTANTE] Ejecutando CAPA_16_19: Validación física cruzada
2026-02-05 17:10:57,720 - __main__ - INFO - 
[OPCIONAL] Ejecutando CAPA_06_10: Análisis uso Bus
2026-02-05 17:10:57,720 - __main__ - INFO - 
[OPCIONAL] Ejecutando CAPA_11_15: Duelos automáticos
2026-02-05 17:10:57,720 - __main__ - INFO - 
[OPCIONAL] Ejecutando CAPA_26_30: Post-duelo validación
2026-02-05 17:10:57,749 - __main__ - INFO - 🔍 Auditando fórmulas degradadas...
2026-02-05 17:10:57,749 - __main__ - CRITICAL - 🚨 Fórmula faltante: formulas_indices.py
2026-02-05 17:10:57,749 - __main__ - CRITICAL - 🚨 Fórmula faltante: formulas_mejoradas.py
2026-02-05 17:10:57,750 - __main__ - CRITICAL - 🚨 Fórmula faltante: formula_validator.py
2026-02-05 17:10:57,750 - __main__ - INFO - ✅ Auditoría de fórmulas completada: 0 OK, 0 degradadas, 3 faltantes
2026-02-05 17:35:41,292 - root - INFO - [LOGGING] Sistema configurado: archivo UTF-8, consola deshabilitada (Windows)
2026-02-05 17:35:41,371 - core.monitoring.cortafuegos_cascada - INFO - 🛡️ Cortafuegos de Cascada inicializado
2026-02-05 17:35:41,372 - core.monitoring.monitor_recursos_auto_limpieza - INFO - 🛡️ Monitor de Recursos y Auto-Limpieza inicializado
2026-02-05 17:35:41,372 - core.security.integridad_codigo_sha256 - INFO - 🛡️ Integridad SHA-256 (Sello de Oro) inicializada
2026-02-05 17:35:41,373 - core.security.sanitizacion_datos_externos - INFO - 🛡️ Sanitización de Datos Externos (Higiene Meteorológica) inicializada
2026-02-05 17:35:41,373 - core.monitoring.centinela_soberano - INFO - 🛡️ CENTINELA SOBERANO INICIADO
2026-02-05 17:35:41,373 - core.monitoring.centinela_soberano - INFO -    Heartbeat: data\bus_heartbeat.json
2026-02-05 17:35:41,373 - core.monitoring.centinela_soberano - INFO -    Timeout: 10.0s
2026-02-05 17:35:41,373 - core.monitoring.centinela_soberano - INFO -    Verificación cada: 2.0s
2026-02-05 17:35:41,373 - core.validation.mos_clustering_validator - INFO - ✅ MOSClusteringValidator inicializado
2026-02-05 17:35:41,374 - core.learning.feedback_learning_auditor - INFO - ✅ FeedbackLearningAuditor inicializado
2026-02-05 17:35:41,374 - __main__ - INFO - [GUARDIAN] 25 Capas V47.5 PATRULLA SOBERANA inicializado
2026-02-05 17:35:41,374 - __main__ - INFO - [AUDITORIA] Iniciando auditoria completa de 25 capas (ORDEN POR RESTRICCION)...
2026-02-05 17:35:41,374 - __main__ - INFO - 
[VITAL] Ejecutando CAPA_24: Integridad código SHA-256
2026-02-05 17:35:41,378 - __main__ - INFO - 
[VITAL] Ejecutando CAPA_25: Sanitización datos externos
2026-02-05 17:35:41,379 - __main__ - INFO - 
[VITAL] Ejecutando CAPA_23: Monitor recursos auto-limpieza
2026-02-05 17:35:42,381 - __main__ - INFO - 
[VITAL] Ejecutando CAPA_00: Pre-auditoría fórmulas
2026-02-05 17:35:42,381 - __main__ - INFO - 
[CRITICA] Ejecutando CAPA_31: Centinela soberano
2026-02-05 17:35:42,384 - core.monitoring.centinela_soberano - INFO - 🔍 Proceso encontrado: PID 1076 - C:\Program Files\Google\Chrome\Application\chrome.exe --type=renderer --origin-trial-disabled-features=CanvasTextNg|WebAssemblyCustomDescriptors --video-capture-use-gpu-memory-buffer --lang=es --device-scale-factor=1.25 --num-raster-threads=4 --enable-main-frame-before-activation --renderer-client-id=753 --time-ticks-at-unix-epoch=-1770127757491454 --launch-time-ticks=181308442918 --metrics-shmem-handle=16332,i,12301059642771712691,14354661412148333083,2097152 --field-trial-handle=1972,i,10097261398387538608,15866905651324181950,262144 --variations-seed-version=20260204-090054.302000 --trace-process-track-uuid=3190709691904383791 --mojo-platform-channel-handle=12328 /prefetch:1
2026-02-05 17:35:42,384 - __main__ - INFO - 
[CRITICA] Ejecutando CAPA_21: Degradación elegante
2026-02-05 17:35:42,385 - __main__ - INFO - 
[CRITICA] Ejecutando CAPA_22: Cortafuegos de cascada
2026-02-05 17:35:42,385 - __main__ - INFO - 
[IMPORTANTE] Ejecutando CAPA_39: MOS Clustering validator
2026-02-05 17:35:42,385 - __main__ - INFO - 
[IMPORTANTE] Ejecutando CAPA_40: Feedback Learning auditor
2026-02-05 17:35:42,385 - __main__ - INFO - 
[IMPORTANTE] Ejecutando CAPA_16_19: Validación física cruzada
2026-02-05 17:35:42,385 - __main__ - INFO - 
[OPCIONAL] Ejecutando CAPA_06_10: Análisis uso Bus
2026-02-05 17:35:42,385 - __main__ - INFO - 
[OPCIONAL] Ejecutando CAPA_11_15: Duelos automáticos
2026-02-05 17:35:42,385 - __main__ - INFO - 
[OPCIONAL] Ejecutando CAPA_26_30: Post-duelo validación
2026-02-05 17:35:42,386 - __main__ - INFO - 🔍 Auditando fórmulas degradadas...
2026-02-05 17:35:42,386 - __main__ - CRITICAL - 🚨 Fórmula faltante: formulas_indices.py
2026-02-05 17:35:42,386 - __main__ - CRITICAL - 🚨 Fórmula faltante: formulas_mejoradas.py
2026-02-05 17:35:42,386 - __main__ - CRITICAL - 🚨 Fórmula faltante: formula_validator.py
2026-02-05 17:35:42,387 - __main__ - INFO - ✅ Auditoría de fórmulas completada: 0 OK, 0 degradadas, 3 faltantes
2026-02-05 17:36:57,275 - root - INFO - [LOGGING] Sistema configurado: archivo UTF-8 + consola activa
2026-02-05 17:36:57,355 - core.monitoring.cortafuegos_cascada - INFO - 🛡️ Cortafuegos de Cascada inicializado
2026-02-05 17:36:57,356 - core.monitoring.monitor_recursos_auto_limpieza - INFO - 🛡️ Monitor de Recursos y Auto-Limpieza inicializado
2026-02-05 17:36:57,357 - core.security.integridad_codigo_sha256 - INFO - 🛡️ Integridad SHA-256 (Sello de Oro) inicializada
2026-02-05 17:36:57,357 - core.security.sanitizacion_datos_externos - INFO - 🛡️ Sanitización de Datos Externos (Higiene Meteorológica) inicializada
2026-02-05 17:36:57,358 - core.monitoring.centinela_soberano - INFO - 🛡️ CENTINELA SOBERANO INICIADO
2026-02-05 17:36:57,358 - core.monitoring.centinela_soberano - INFO -    Heartbeat: data\bus_heartbeat.json
2026-02-05 17:36:57,358 - core.monitoring.centinela_soberano - INFO -    Timeout: 10.0s
2026-02-05 17:36:57,358 - core.monitoring.centinela_soberano - INFO -    Verificación cada: 2.0s
2026-02-05 17:36:57,359 - core.validation.mos_clustering_validator - INFO - ✅ MOSClusteringValidator inicializado
2026-02-05 17:36:57,359 - core.learning.feedback_learning_auditor - INFO - ✅ FeedbackLearningAuditor inicializado
2026-02-05 17:36:57,360 - __main__ - INFO - [GUARDIAN] 25 Capas V47.5 PATRULLA SOBERANA inicializado
2026-02-05 17:36:57,360 - __main__ - INFO - [AUDITORIA] Iniciando auditoria completa de 25 capas (ORDEN POR RESTRICCION)...
2026-02-05 17:36:57,360 - __main__ - INFO - 
[VITAL] Ejecutando CAPA_24: Integridad código SHA-256
2026-02-05 17:36:57,365 - __main__ - INFO - 
[VITAL] Ejecutando CAPA_25: Sanitización datos externos
2026-02-05 17:36:57,365 - __main__ - INFO - 
[VITAL] Ejecutando CAPA_23: Monitor recursos auto-limpieza
2026-02-05 17:36:58,367 - __main__ - INFO - 
[VITAL] Ejecutando CAPA_00: Pre-auditoría fórmulas
2026-02-05 17:36:58,368 - __main__ - INFO - 
[CRITICA] Ejecutando CAPA_31: Centinela soberano
2026-02-05 17:36:58,373 - core.monitoring.centinela_soberano - INFO - 🔍 Proceso encontrado: PID 1076 - C:\Program Files\Google\Chrome\Application\chrome.exe --type=renderer --origin-trial-disabled-features=CanvasTextNg|WebAssemblyCustomDescriptors --video-capture-use-gpu-memory-buffer --lang=es --device-scale-factor=1.25 --num-raster-threads=4 --enable-main-frame-before-activation --renderer-client-id=753 --time-ticks-at-unix-epoch=-1770127757491454 --launch-time-ticks=181308442918 --metrics-shmem-handle=16332,i,12301059642771712691,14354661412148333083,2097152 --field-trial-handle=1972,i,10097261398387538608,15866905651324181950,262144 --variations-seed-version=20260204-090054.302000 --trace-process-track-uuid=3190709691904383791 --mojo-platform-channel-handle=12328 /prefetch:1
2026-02-05 17:36:58,373 - __main__ - INFO - 
[CRITICA] Ejecutando CAPA_21: Degradación elegante
2026-02-05 17:36:58,373 - __main__ - INFO - 
[CRITICA] Ejecutando CAPA_22: Cortafuegos de cascada
2026-02-05 17:36:58,373 - __main__ - INFO - 
[IMPORTANTE] Ejecutando CAPA_39: MOS Clustering validator
2026-02-05 17:36:58,374 - __main__ - INFO - 
[IMPORTANTE] Ejecutando CAPA_40: Feedback Learning auditor
2026-02-05 17:36:58,374 - __main__ - INFO - 
[IMPORTANTE] Ejecutando CAPA_16_19: Validación física cruzada
2026-02-05 17:36:58,374 - __main__ - INFO - 
[OPCIONAL] Ejecutando CAPA_06_10: Análisis uso Bus
2026-02-05 17:36:58,374 - __main__ - INFO - 
[OPCIONAL] Ejecutando CAPA_11_15: Duelos automáticos
2026-02-05 17:36:58,374 - __main__ - INFO - 
[OPCIONAL] Ejecutando CAPA_26_30: Post-duelo validación
2026-02-05 17:36:58,375 - __main__ - INFO - 🔍 Auditando fórmulas degradadas...
2026-02-05 17:36:58,376 - __main__ - CRITICAL - 🚨 Fórmula faltante: formulas_indices.py
2026-02-05 17:36:58,376 - __main__ - CRITICAL - 🚨 Fórmula faltante: formulas_mejoradas.py
2026-02-05 17:36:58,376 - __main__ - CRITICAL - 🚨 Fórmula faltante: formula_validator.py
2026-02-05 17:36:58,376 - __main__ - INFO - ✅ Auditoría de fórmulas completada: 0 OK, 0 degradadas, 3 faltantes
2026-02-05 17:41:01,366 - root - INFO - [LOGGING] Sistema configurado: archivo UTF-8 + consola activa
2026-02-05 17:41:01,609 - core.monitoring.cortafuegos_cascada - INFO - [GUARDIAN] Cortafuegos de Cascada inicializado
2026-02-05 17:41:01,610 - core.monitoring.monitor_recursos_auto_limpieza - INFO - [GUARDIAN] Monitor de Recursos y Auto-Limpieza inicializado
2026-02-05 17:41:01,610 - core.security.integridad_codigo_sha256 - INFO - [GUARDIAN] Integridad SHA-256 (Sello de Oro) inicializada
2026-02-05 17:41:01,610 - core.security.sanitizacion_datos_externos - INFO - [GUARDIAN] Sanitización de Datos Externos (Higiene Meteorológica) inicializada
2026-02-05 17:41:01,610 - core.monitoring.centinela_soberano - INFO - [GUARDIAN] CENTINELA SOBERANO INICIADO
2026-02-05 17:41:01,611 - core.monitoring.centinela_soberano - INFO -    Heartbeat: data\bus_heartbeat.json
2026-02-05 17:41:01,611 - core.monitoring.centinela_soberano - INFO -    Timeout: 10.0s
2026-02-05 17:41:01,611 - core.monitoring.centinela_soberano - INFO -    Verificación cada: 2.0s
2026-02-05 17:41:01,611 - core.validation.mos_clustering_validator - INFO - [OK] MOSClusteringValidator inicializado
2026-02-05 17:41:01,611 - core.learning.feedback_learning_auditor - INFO - [OK] FeedbackLearningAuditor inicializado
2026-02-05 17:41:01,612 - __main__ - INFO - [GUARDIAN] 25 Capas V47.5 PATRULLA SOBERANA inicializado
2026-02-05 17:41:01,612 - __main__ - INFO - [AUDITORIA] Iniciando auditoria completa de 25 capas (ORDEN POR RESTRICCION)...
2026-02-05 17:41:01,612 - __main__ - INFO - 
[VITAL] Ejecutando CAPA_24: Integridad código SHA-256
2026-02-05 17:41:01,621 - core.security.integridad_codigo_sha256 - CRITICAL - [CRITICAL] MODIFICACIÓN DETECTADA: core/learning/feedback_learning_v472.py
   Original: 481bf8b241addd3d...
   Actual:   d2f562b8d5587121...
2026-02-05 17:41:01,622 - core.security.integridad_codigo_sha256 - CRITICAL - [CRITICAL] MODIFICACIÓN DETECTADA: core/validation/mos_clustering_validator.py
   Original: cf03b08839b84634...
   Actual:   3255b3578343e505...
2026-02-05 17:41:01,622 - core.security.integridad_codigo_sha256 - CRITICAL - [CRITICAL] MODIFICACIÓN DETECTADA: core/learning/feedback_learning_auditor.py
   Original: 7d95ff14d6a30b09...
   Actual:   04473094ebf75208...
2026-02-05 17:41:01,623 - core.security.integridad_codigo_sha256 - CRITICAL - [CRITICAL] MODIFICACIÓN DETECTADA: core/monitoring/centinela_soberano.py
   Original: ea7538cce841bd88...
   Actual:   cbe96824824f64d5...
2026-02-05 17:41:01,623 - core.security.integridad_codigo_sha256 - CRITICAL - [CRITICAL] MODIFICACIÓN DETECTADA: core/monitoring/cortafuegos_cascada.py
   Original: 42dfaf9d61a37d73...
   Actual:   1458208a209ecd5c...
2026-02-05 17:41:01,624 - core.security.integridad_codigo_sha256 - CRITICAL - [CRITICAL] MODIFICACIÓN DETECTADA: core/monitoring/monitor_recursos_auto_limpieza.py
   Original: 39cfdba5fc920587...
   Actual:   2980c64a6c5784ed...
2026-02-05 17:41:01,636 - core.security.integridad_codigo_sha256 - CRITICAL - [CRITICAL] MODIFICACIÓN DETECTADA: main_asgi.py
   Original: 837f29003bc8a8f2...
   Actual:   30e6f6713dda85a8...
2026-02-05 17:41:01,638 - __main__ - CRITICAL - [STOP] CAPA VITAL capa_24 FALLO - STOP_SISTEMA
   Sistema autonomo NO puede continuar sin esta capa
2026-02-05 17:48:54,973 - root - INFO - [LOGGING] Sistema configurado: archivo UTF-8 + consola activa
2026-02-05 17:48:55,047 - core.monitoring.cortafuegos_cascada - INFO - [GUARDIAN] Cortafuegos de Cascada inicializado
2026-02-05 17:48:55,047 - core.monitoring.monitor_recursos_auto_limpieza - INFO - [GUARDIAN] Monitor de Recursos y Auto-Limpieza inicializado
2026-02-05 17:48:55,048 - core.security.integridad_codigo_sha256 - INFO - [GUARDIAN] Integridad SHA-256 (Sello de Oro) inicializada
2026-02-05 17:48:55,048 - core.security.sanitizacion_datos_externos - INFO - [GUARDIAN] Sanitización de Datos Externos (Higiene Meteorológica) inicializada
2026-02-05 17:48:55,049 - core.monitoring.centinela_soberano - INFO - [GUARDIAN] CENTINELA SOBERANO INICIADO
2026-02-05 17:48:55,049 - core.monitoring.centinela_soberano - INFO -    Heartbeat: data\bus_heartbeat.json
2026-02-05 17:48:55,049 - core.monitoring.centinela_soberano - INFO -    Timeout: 10.0s
2026-02-05 17:48:55,049 - core.monitoring.centinela_soberano - INFO -    Verificación cada: 2.0s
2026-02-05 17:48:55,050 - core.validation.mos_clustering_validator - INFO - [OK] MOSClusteringValidator inicializado
2026-02-05 17:48:55,051 - core.learning.feedback_learning_auditor - INFO - [OK] FeedbackLearningAuditor inicializado
2026-02-05 17:48:55,051 - __main__ - INFO - [GUARDIAN] 25 Capas V47.5 PATRULLA SOBERANA inicializado
2026-02-05 17:48:55,051 - __main__ - INFO - [AUDITORIA] Iniciando auditoria completa de 25 capas (ORDEN POR RESTRICCION)...
2026-02-05 17:48:55,052 - __main__ - INFO - 
[VITAL] Ejecutando CAPA_24: Integridad código SHA-256
2026-02-05 17:48:55,055 - __main__ - INFO - 
[VITAL] Ejecutando CAPA_25: Sanitización datos externos
2026-02-05 17:48:55,055 - __main__ - INFO - 
[VITAL] Ejecutando CAPA_23: Monitor recursos auto-limpieza
2026-02-05 17:48:56,058 - __main__ - INFO - 
[VITAL] Ejecutando CAPA_00: Pre-auditoría fórmulas
2026-02-05 17:48:56,058 - __main__ - INFO - 
[CRITICA] Ejecutando CAPA_31: Centinela soberano
2026-02-05 17:48:56,064 - core.monitoring.centinela_soberano - INFO - [BUSCAR] Proceso encontrado: PID 1480 - C:\Program Files\Google\Chrome\Application\chrome.exe --type=renderer --origin-trial-disabled-features=CanvasTextNg|WebAssemblyCustomDescriptors --video-capture-use-gpu-memory-buffer --lang=es --device-scale-factor=1.25 --num-raster-threads=4 --enable-main-frame-before-activation --renderer-client-id=891 --time-ticks-at-unix-epoch=-1770127757491454 --launch-time-ticks=182260087888 --metrics-shmem-handle=8444,i,12255634355602445710,9873174026679183927,2097152 --field-trial-handle=1972,i,10097261398387538608,15866905651324181950,262144 --variations-seed-version=20260204-090054.302000 --trace-process-track-uuid=3190709821216158953 --mojo-platform-channel-handle=9700 /prefetch:1
2026-02-05 17:48:56,065 - __main__ - INFO - 
[CRITICA] Ejecutando CAPA_21: Degradación elegante
2026-02-05 17:48:56,065 - __main__ - INFO - 
[CRITICA] Ejecutando CAPA_22: Cortafuegos de cascada
2026-02-05 17:48:56,065 - __main__ - INFO - 
[IMPORTANTE] Ejecutando CAPA_39: MOS Clustering validator
2026-02-05 17:48:56,066 - __main__ - INFO - 
[IMPORTANTE] Ejecutando CAPA_40: Feedback Learning auditor
2026-02-05 17:48:56,066 - __main__ - INFO - 
[IMPORTANTE] Ejecutando CAPA_16_19: Validación física cruzada
2026-02-05 17:48:56,066 - __main__ - INFO - 
[OPCIONAL] Ejecutando CAPA_06_10: Análisis uso Bus
2026-02-05 17:48:56,066 - __main__ - INFO - 
[OPCIONAL] Ejecutando CAPA_11_15: Duelos automáticos
2026-02-05 17:48:56,067 - __main__ - INFO - 
[OPCIONAL] Ejecutando CAPA_26_30: Post-duelo validación
2026-02-05 17:48:56,068 - __main__ - INFO - [BUSCAR] Auditando fórmulas degradadas...
2026-02-05 17:48:56,068 - __main__ - CRITICAL - [CRITICAL] Fórmula faltante: formulas_indices.py
2026-02-05 17:48:56,069 - __main__ - CRITICAL - [CRITICAL] Fórmula faltante: formulas_mejoradas.py
2026-02-05 17:48:56,069 - __main__ - CRITICAL - [CRITICAL] Fórmula faltante: formula_validator.py
2026-02-05 17:48:56,069 - __main__ - INFO - [OK] Auditoría de fórmulas completada: 0 OK, 0 degradadas, 3 faltantes
2026-02-05 17:50:58,701 - root - INFO - [LOGGING] Sistema configurado: archivo UTF-8 + consola activa
2026-02-05 17:50:58,702 - __main__ - INFO - [LLAMADAS] Iniciando evaluación de 5 fórmulas externas...
2026-02-05 17:50:58,703 - __main__ - INFO - [LLAMADAS] Modo: NO IMPLEMENTACIÓN (solo validación teórica)
2026-02-05 17:50:58,704 - __main__ - INFO - 
[CANDIDATA 1] UTCI v4.02 (Fiala et al. 2012)
2026-02-05 17:50:58,704 - __main__ - INFO -    Fuente: Universitat Autonoma de Barcelona
2026-02-05 17:50:58,704 - __main__ - INFO -    Parámetro: sensacion_termica
2026-02-05 17:50:58,705 - __main__ - INFO -    Score teórico: 92.5%
2026-02-05 17:50:58,705 - __main__ - INFO -    [GANADORA] Pasó Guardian
2026-02-05 17:50:58,705 - __main__ - INFO - 
[CANDIDATA 2] RealFeel Temperature (Steadman/TWC)
2026-02-05 17:50:58,707 - __main__ - INFO -    Fuente: The Weather Company / Steadman 1994
2026-02-05 17:50:58,708 - __main__ - INFO -    Parámetro: sensacion_termica
2026-02-05 17:50:58,708 - __main__ - INFO -    Score teórico: 89.3%
2026-02-05 17:50:58,708 - __main__ - INFO -    [GANADORA] Pasó Guardian
2026-02-05 17:50:58,709 - __main__ - INFO - 
[CANDIDATA 3] Apparent Temperature (Steadman 1994)
2026-02-05 17:50:58,709 - __main__ - INFO -    Fuente: Australian Bureau of Meteorology
2026-02-05 17:50:58,709 - __main__ - INFO -    Parámetro: sensacion_termica
2026-02-05 17:50:58,710 - __main__ - INFO -    Score teórico: 85.7%
2026-02-05 17:50:58,710 - __main__ - INFO -    [GANADORA] Pasó Guardian
2026-02-05 17:50:58,710 - __main__ - INFO - 
[CANDIDATA 4] WBGT - Wet Bulb Globe Temperature (Yaglou 1957)
2026-02-05 17:50:58,710 - __main__ - INFO -    Fuente: US Military / NOAA / WHO
2026-02-05 17:50:58,711 - __main__ - INFO -    Parámetro: estres_termico_ocupacional
2026-02-05 17:50:58,711 - __main__ - INFO -    Score teórico: 88.1%
2026-02-05 17:50:58,711 - __main__ - INFO -    [GANADORA] Pasó Guardian
2026-02-05 17:50:58,711 - __main__ - INFO - 
[CANDIDATA 5] Tg (Temperatura Globo) + MRT (Radiación Térmica Media)
2026-02-05 17:50:58,712 - __main__ - INFO -    Fuente: ISO 7726:2002 / Campbell-Norman
2026-02-05 17:50:58,712 - __main__ - INFO -    Parámetro: radiacion_balance
2026-02-05 17:50:58,712 - __main__ - INFO -    Score teórico: 91.8%
2026-02-05 17:50:58,713 - __main__ - INFO -    [GANADORA] Pasó Guardian
2026-02-05 17:50:58,713 - __main__ - INFO - 
[RESULTADO] 5/5 candidatas son ganadoras
2026-02-05 17:50:58,713 - __main__ - INFO - 
================================================================================
2026-02-05 17:50:58,714 - __main__ - INFO - INFORME FINAL - LLAMADAS A FORMULAS EXTERNAS V47.5
2026-02-05 17:50:58,714 - __main__ - INFO - ================================================================================
2026-02-05 17:50:58,714 - __main__ - INFO - 
[ESTADISTICAS]
2026-02-05 17:50:58,714 - __main__ - INFO -   Candidatas evaluadas: 5
2026-02-05 17:50:58,715 - __main__ - INFO -   Ganadoras (pasan Guardian): 5
2026-02-05 17:50:58,715 - __main__ - INFO - 
[GANADORAS CALLIFICADAS PARA DUELOS]
2026-02-05 17:50:58,715 - __main__ - INFO - 
  1. UTCI v4.02 (Fiala et al. 2012)
2026-02-05 17:50:58,715 - __main__ - INFO -      Fuente: Universitat Autonoma de Barcelona
2026-02-05 17:50:58,716 - __main__ - INFO -      Parámetro: sensacion_termica
2026-02-05 17:50:58,716 - __main__ - INFO -      Score teórico: 92.5%
2026-02-05 17:50:58,716 - __main__ - INFO - 
  2. RealFeel Temperature (Steadman/TWC)
2026-02-05 17:50:58,716 - __main__ - INFO -      Fuente: The Weather Company / Steadman 1994
2026-02-05 17:50:58,717 - __main__ - INFO -      Parámetro: sensacion_termica
2026-02-05 17:50:58,717 - __main__ - INFO -      Score teórico: 89.3%
2026-02-05 17:50:58,717 - __main__ - INFO - 
  3. Apparent Temperature (Steadman 1994)
2026-02-05 17:50:58,717 - __main__ - INFO -      Fuente: Australian Bureau of Meteorology
2026-02-05 17:50:58,718 - __main__ - INFO -      Parámetro: sensacion_termica
2026-02-05 17:50:58,718 - __main__ - INFO -      Score teórico: 85.7%
2026-02-05 17:50:58,718 - __main__ - INFO - 
  4. WBGT - Wet Bulb Globe Temperature (Yaglou 1957)
2026-02-05 17:50:58,719 - __main__ - INFO -      Fuente: US Military / NOAA / WHO
2026-02-05 17:50:58,719 - __main__ - INFO -      Parámetro: estres_termico_ocupacional
2026-02-05 17:50:58,719 - __main__ - INFO -      Score teórico: 88.1%
2026-02-05 17:50:58,720 - __main__ - INFO - 
  5. Tg (Temperatura Globo) + MRT (Radiación Térmica Media)
2026-02-05 17:50:58,720 - __main__ - INFO -      Fuente: ISO 7726:2002 / Campbell-Norman
2026-02-05 17:50:58,720 - __main__ - INFO -      Parámetro: radiacion_balance
2026-02-05 17:50:58,720 - __main__ - INFO -      Score teórico: 91.8%
2026-02-05 17:50:58,722 - __main__ - INFO - 
[ARCHIVO] Informe guardado: data\llamadas_formulas_externas_v47_5.json
2026-02-05 17:54:59,915 - root - INFO - [LOGGING] Sistema configurado: archivo UTF-8 + consola activa
2026-02-05 17:54:59,916 - __main__ - INFO - [VERIFICADOR] Iniciando análisis de candidatas...
2026-02-05 17:54:59,916 - __main__ - INFO - [VERIFICADOR] Comparando: Propias vs Externas
2026-02-05 17:54:59,916 - __main__ - INFO - 
[PARÁMETRO] SENSACION_TERMICA
2026-02-05 17:54:59,917 - __main__ - INFO -    Propias en sistema: 5
2026-02-05 17:54:59,917 - __main__ - INFO -    Mejor propia: UTCI (V46.0 Stoelinga-Warner fusion) (score 88.5)
2026-02-05 17:54:59,917 - __main__ - INFO -    Candidata externa: UTCI v4.02 (Fiala et al. 2012) (score 92.5)
2026-02-05 17:54:59,918 - __main__ - INFO -       [OK] Externa MEJOR (+4.0%)
2026-02-05 17:54:59,918 - __main__ - INFO -    Candidata externa: RealFeel (Steadman/TWC) (score 89.3)
2026-02-05 17:54:59,918 - __main__ - INFO -       [OK] Externa ligeramente mejor (+0.8%)
2026-02-05 17:54:59,918 - __main__ - INFO -    Candidata externa: Apparent Temperature (Steadman) (score 85.7)
2026-02-05 17:54:59,918 - __main__ - WARNING -       [REVISAR] Externa PEOR (-2.8%)
2026-02-05 17:54:59,919 - __main__ - INFO - 
[PARÁMETRO] RADIACION_BALANCE
2026-02-05 17:54:59,919 - __main__ - INFO -    Propias en sistema: 3
2026-02-05 17:54:59,919 - __main__ - INFO -    Mejor propia: Prata Radiación Nocturna (score 89.2)
2026-02-05 17:54:59,919 - __main__ - INFO -    Candidata externa: MRT + Tg (ISO 7726) (score 91.8)
2026-02-05 17:54:59,920 - __main__ - INFO -       [OK] Externa MEJOR (+2.6%)
2026-02-05 17:54:59,920 - __main__ - INFO - 
[PARÁMETRO] ESTRES_TERMICO
2026-02-05 17:54:59,920 - __main__ - INFO -    Propias en sistema: 2
2026-02-05 17:54:59,920 - __main__ - INFO -    Mejor propia: Índice de Calor (HI) (score 83.7)
2026-02-05 17:54:59,921 - __main__ - INFO - 
================================================================================
2026-02-05 17:54:59,921 - __main__ - INFO - VEREDICTO FINAL - VERIFICACIÓN DE CANDIDATAS
2026-02-05 17:54:59,921 - __main__ - INFO - ================================================================================
2026-02-05 17:54:59,921 - __main__ - WARNING - 
[ADVERTENCIA] 1 candidatas débiles detectadas:
2026-02-05 17:54:59,922 - __main__ - WARNING -   - Apparent Temperature (Steadman): -2.8% peor vs UTCI (V46.0 Stoelinga-Warner fusion)
2026-02-05 17:54:59,923 - __main__ - INFO - 
[ARCHIVO] Análisis guardado: data\verificacion_candidatas_v47_5.json
2026-02-05 17:56:08,320 - root - INFO - [LOGGING] Sistema configurado: archivo UTF-8 + consola activa
2026-02-05 17:56:08,321 - __main__ - INFO - [LLAMADAS] Iniciando validación de candidatas externas...
2026-02-05 17:56:08,321 - __main__ - INFO - [CANDIDATA 1] UTCI v4.02 - Unified Thermal Comfort Index
2026-02-05 17:56:08,321 - __main__ - INFO -    Score: 92.5% | Mejora: +4.0%
2026-02-05 17:56:08,321 - __main__ - INFO -    Validación: PASS (GANADORA)
2026-02-05 17:56:08,322 - __main__ - INFO - [CANDIDATA 2] RealFeel Temperature (Steadman-TWC)
2026-02-05 17:56:08,322 - __main__ - INFO -    Score: 89.3% | Mejora: +0.8%
2026-02-05 17:56:08,322 - __main__ - INFO -    Validación: PASS (GANADORA)
2026-02-05 17:56:08,323 - __main__ - INFO - [CANDIDATA 3] Humidex - Humidité-Température Index
2026-02-05 17:56:08,324 - __main__ - INFO -    Score: 90.1% | Mejora: +8.0%
2026-02-05 17:56:08,324 - __main__ - INFO -    Validación: PASS (GANADORA)
2026-02-05 17:56:08,325 - __main__ - INFO - [CANDIDATA 4] WBGT - Wet Bulb Globe Temperature
2026-02-05 17:56:08,325 - __main__ - INFO -    Score: 88.1% | Mejora: +4.4%
2026-02-05 17:56:08,325 - __main__ - INFO -    Validación: PASS (GANADORA)
2026-02-05 17:56:08,326 - __main__ - INFO - [CANDIDATA 5] Tg + MRT - Temperatura Globo + Radiación Térmica M
2026-02-05 17:56:08,326 - __main__ - INFO -    Score: 91.8% | Mejora: +2.6%
2026-02-05 17:56:08,327 - __main__ - INFO -    Validación: PASS (GANADORA)
2026-02-05 17:56:08,327 - __main__ - INFO - 
[RESULTADO] 5/5 candidatas son ganadoras
2026-02-05 17:56:08,327 - __main__ - INFO - [PROMEDIO] Mejora promedio: +4.0%
2026-02-05 17:56:08,328 - __main__ - INFO - 
================================================================================
2026-02-05 17:56:08,328 - __main__ - INFO - INFORME FINAL - FÓRMULAS EXTERNAS OPTIMALES V47.5
2026-02-05 17:56:08,328 - __main__ - INFO - ================================================================================
2026-02-05 17:56:08,331 - __main__ - INFO - 
[ARCHIVO] Informe guardado: data\llamadas_formulas_externas_v47_5_revisado.json
2026-02-05 17:56:08,331 - __main__ - INFO - [STATUS] Verificación Guardian: COMPLETADA - 1 candidata débil reemplazada
2026-02-05 17:56:08,332 - __main__ - INFO - 
--------------------------------------------------------------------------------
2026-02-05 17:56:08,332 - __main__ - INFO - ENFRENTAMIENTOS ÓPTIMOS (Duelo recomendado)
2026-02-05 17:56:08,332 - __main__ - INFO - --------------------------------------------------------------------------------
2026-02-05 17:56:08,333 - __main__ - INFO - 
[SENSACIÓN TÉRMICA - 3 candidatas]
2026-02-05 17:56:08,333 - __main__ - INFO -   #1 UTCI v4.02 - Unified Thermal Comfort Ind | 92.5%
2026-02-05 17:56:08,334 - __main__ - INFO -   #3 Humidex - Humidité-Température Index     | 90.1%
2026-02-05 17:56:08,334 - __main__ - INFO -   #2 RealFeel Temperature (Steadman-TWC)      | 89.3%
2026-02-05 17:56:08,334 - __main__ - INFO - 
[RADIACIÓN BALANCE - 1 candidata]
2026-02-05 17:56:08,334 - __main__ - INFO -   #5 Tg + MRT - Temperatura Globo + Radiación | 91.8%
2026-02-05 17:56:08,335 - __main__ - INFO - 
[ESTRÉS OCUPACIONAL - 1 candidata]
2026-02-05 17:56:08,335 - __main__ - INFO -   #4 WBGT - Wet Bulb Globe Temperature        | 88.1%
2026-02-05 17:56:08,336 - __main__ - INFO - 
[VEREDICTO] 5/5 candidatas son MEJORES que nuestras propias
2026-02-05 17:56:08,336 - __main__ - INFO - [VEREDICTO] Duelos están correctamente elegidos
2026-02-05 17:56:08,337 - __main__ - INFO - [VEREDICTO] Política 0 fallos: Todos los enfrentamientos son óptimos
2026-02-05 18:19:46,445 - root - INFO - [LOGGING] Sistema configurado: archivo UTF-8 + consola activa
2026-02-05 18:27:30,547 - root - INFO - [LOGGING] Sistema configurado: archivo UTF-8 + consola activa
2026-02-05 18:31:13,525 - root - INFO - [LOGGING] Sistema configurado: archivo UTF-8 + consola activa
2026-02-05 18:31:23,777 - root - INFO - [LOGGING] Sistema configurado: archivo UTF-8 + consola activa
2026-02-05 18:31:54,086 - root - INFO - [LOGGING] Sistema configurado: archivo UTF-8 + consola activa
2026-02-05 18:32:38,794 - root - INFO - [LOGGING] Sistema configurado: archivo UTF-8 + consola activa
2026-02-05 18:57:36,377 - root - INFO - [LOGGING] Sistema configurado: archivo UTF-8 + consola activa
2026-02-08 02:09:46,950 - root - INFO - [LOGGING] Sistema configurado: archivo UTF-8 + consola activa
2026-02-08 02:11:37,327 - root - INFO - [LOGGING] Sistema configurado: archivo UTF-8 + consola activa
2026-02-08 02:12:26,643 - root - INFO - [LOGGING] Sistema configurado: archivo UTF-8 + consola activa
2026-02-08 02:12:26,886 - core.monitoring.cortafuegos_cascada - INFO - [GUARDIAN] Cortafuegos de Cascada inicializado
2026-02-08 02:12:26,887 - core.monitoring.monitor_recursos_auto_limpieza - INFO - [GUARDIAN] Monitor de Recursos y Auto-Limpieza inicializado
2026-02-08 02:12:26,889 - core.security.integridad_codigo_sha256 - INFO - [GUARDIAN] Integridad SHA-256 (Sello de Oro) inicializada
2026-02-08 02:12:26,890 - core.security.sanitizacion_datos_externos - INFO - [GUARDIAN] Sanitización de Datos Externos (Higiene Meteorológica) inicializada
2026-02-08 02:12:26,890 - core.monitoring.centinela_soberano - INFO - [GUARDIAN] CENTINELA SOBERANO INICIADO
2026-02-08 02:12:26,890 - core.monitoring.centinela_soberano - INFO -    Heartbeat: data\bus_heartbeat.json
2026-02-08 02:12:26,891 - core.monitoring.centinela_soberano - INFO -    Timeout: 10.0s
2026-02-08 02:12:26,891 - core.monitoring.centinela_soberano - INFO -    Verificación cada: 2.0s
2026-02-08 02:12:26,891 - core.validation.mos_clustering_validator - INFO - [OK] MOSClusteringValidator inicializado
2026-02-08 02:12:26,892 - core.learning.feedback_learning_auditor - INFO - [OK] FeedbackLearningAuditor inicializado
2026-02-08 02:12:26,893 - __main__ - INFO - [GUARDIAN] 25 Capas V47.5 PATRULLA SOBERANA inicializado
2026-02-08 02:12:26,893 - __main__ - INFO - [AUDITORIA] Iniciando auditoria completa de 25 capas (ORDEN POR RESTRICCION)...
2026-02-08 02:12:26,893 - __main__ - INFO - 
[VITAL] Ejecutando CAPA_24: Integridad código SHA-256
2026-02-08 02:12:26,950 - core.security.integridad_codigo_sha256 - CRITICAL - [CRITICAL] MODIFICACIÓN DETECTADA: main_asgi.py
   Original: 30e6f6713dda85a8...
   Actual:   8bbb46785fd40e16...
2026-02-08 02:12:26,970 - __main__ - CRITICAL - [STOP] CAPA VITAL capa_24 FALLO - STOP_SISTEMA
   Sistema autonomo NO puede continuar sin esta capa
2026-02-08 02:19:26,657 - root - INFO - [LOGGING] Sistema configurado: archivo UTF-8 + consola activa
2026-02-08 02:19:32,095 - root - INFO - [LOGGING] Sistema configurado: archivo UTF-8 + consola activa
2026-02-08 02:19:39,671 - root - INFO - [LOGGING] Sistema configurado: archivo UTF-8 + consola activa
2026-02-08 02:19:39,783 - core.monitoring.cortafuegos_cascada - INFO - [GUARDIAN] Cortafuegos de Cascada inicializado
2026-02-08 02:19:39,784 - core.monitoring.monitor_recursos_auto_limpieza - INFO - [GUARDIAN] Monitor de Recursos y Auto-Limpieza inicializado
2026-02-08 02:19:39,785 - core.security.integridad_codigo_sha256 - INFO - [GUARDIAN] Integridad SHA-256 (Sello de Oro) inicializada
2026-02-08 02:19:39,786 - core.security.sanitizacion_datos_externos - INFO - [GUARDIAN] Sanitización de Datos Externos (Higiene Meteorológica) inicializada
2026-02-08 02:19:39,786 - core.monitoring.centinela_soberano - INFO - [GUARDIAN] CENTINELA SOBERANO INICIADO
2026-02-08 02:19:39,786 - core.monitoring.centinela_soberano - INFO -    Heartbeat: data\bus_heartbeat.json
2026-02-08 02:19:39,786 - core.monitoring.centinela_soberano - INFO -    Timeout: 10.0s
2026-02-08 02:19:39,787 - core.monitoring.centinela_soberano - INFO -    Verificación cada: 2.0s
2026-02-08 02:19:39,787 - core.validation.mos_clustering_validator - INFO - [OK] MOSClusteringValidator inicializado
2026-02-08 02:19:39,788 - core.learning.feedback_learning_auditor - INFO - [OK] FeedbackLearningAuditor inicializado
2026-02-08 02:19:39,789 - __main__ - INFO - [GUARDIAN] 25 Capas V47.5 PATRULLA SOBERANA inicializado
2026-02-08 02:19:39,789 - __main__ - INFO - [AUDITORIA] Iniciando auditoria completa de 25 capas (ORDEN POR RESTRICCION)...
2026-02-08 02:19:39,789 - __main__ - INFO - 
[VITAL] Ejecutando CAPA_24: Integridad código SHA-256
2026-02-08 02:19:39,806 - core.security.integridad_codigo_sha256 - CRITICAL - [CRITICAL] MODIFICACIÓN DETECTADA: main_asgi.py
   Original: 30e6f6713dda85a8...
   Actual:   008bbe6c8e596d96...
2026-02-08 02:19:39,808 - __main__ - CRITICAL - [STOP] CAPA VITAL capa_24 FALLO - STOP_SISTEMA
   Sistema autonomo NO puede continuar sin esta capa
2026-02-08 02:28:47,838 - root - INFO - [LOGGING] Sistema configurado: archivo UTF-8 + consola activa
2026-02-08 02:28:47,962 - core.monitoring.cortafuegos_cascada - INFO - [GUARDIAN] Cortafuegos de Cascada inicializado
2026-02-08 02:28:47,963 - core.monitoring.monitor_recursos_auto_limpieza - INFO - [GUARDIAN] Monitor de Recursos y Auto-Limpieza inicializado
2026-02-08 02:28:47,964 - core.security.integridad_codigo_sha256 - INFO - [GUARDIAN] Integridad SHA-256 (Sello de Oro) inicializada
2026-02-08 02:28:47,964 - core.security.sanitizacion_datos_externos - INFO - [GUARDIAN] Sanitización de Datos Externos (Higiene Meteorológica) inicializada
2026-02-08 02:28:47,964 - core.monitoring.centinela_soberano - INFO - [GUARDIAN] CENTINELA SOBERANO INICIADO
2026-02-08 02:28:47,964 - core.monitoring.centinela_soberano - INFO -    Heartbeat: data\bus_heartbeat.json
2026-02-08 02:28:47,965 - core.monitoring.centinela_soberano - INFO -    Timeout: 10.0s
2026-02-08 02:28:47,965 - core.monitoring.centinela_soberano - INFO -    Verificación cada: 2.0s
2026-02-08 02:28:47,966 - core.validation.mos_clustering_validator - INFO - [OK] MOSClusteringValidator inicializado
2026-02-08 02:28:47,966 - core.learning.feedback_learning_auditor - INFO - [OK] FeedbackLearningAuditor inicializado
2026-02-08 02:28:47,967 - __main__ - INFO - [GUARDIAN] 25 Capas V47.5 PATRULLA SOBERANA inicializado
2026-02-08 02:28:47,967 - __main__ - INFO - [AUDITORIA] Iniciando auditoria completa de 25 capas (ORDEN POR RESTRICCION)...
2026-02-08 02:28:47,967 - __main__ - INFO - 
[VITAL] Ejecutando CAPA_24: Integridad código SHA-256
2026-02-08 02:28:47,986 - core.security.integridad_codigo_sha256 - CRITICAL - [CRITICAL] MODIFICACIÓN DETECTADA: main_asgi.py
   Original: 30e6f6713dda85a8...
   Actual:   f60e97cc09758544...
2026-02-08 02:28:47,988 - __main__ - CRITICAL - [STOP] CAPA VITAL capa_24 FALLO - STOP_SISTEMA
   Sistema autonomo NO puede continuar sin esta capa
2026-02-08 02:30:04,821 - root - INFO - [LOGGING] Sistema configurado: archivo UTF-8 + consola activa
2026-02-08 02:30:04,931 - core.monitoring.cortafuegos_cascada - INFO - [GUARDIAN] Cortafuegos de Cascada inicializado
2026-02-08 02:30:04,932 - core.monitoring.monitor_recursos_auto_limpieza - INFO - [GUARDIAN] Monitor de Recursos y Auto-Limpieza inicializado
2026-02-08 02:30:04,933 - core.security.integridad_codigo_sha256 - INFO - [GUARDIAN] Integridad SHA-256 (Sello de Oro) inicializada
2026-02-08 02:30:04,934 - core.security.sanitizacion_datos_externos - INFO - [GUARDIAN] Sanitización de Datos Externos (Higiene Meteorológica) inicializada
2026-02-08 02:30:04,934 - core.monitoring.centinela_soberano - INFO - [GUARDIAN] CENTINELA SOBERANO INICIADO
2026-02-08 02:30:04,934 - core.monitoring.centinela_soberano - INFO -    Heartbeat: data\bus_heartbeat.json
2026-02-08 02:30:04,935 - core.monitoring.centinela_soberano - INFO -    Timeout: 10.0s
2026-02-08 02:30:04,935 - core.monitoring.centinela_soberano - INFO -    Verificación cada: 2.0s
2026-02-08 02:30:04,936 - core.validation.mos_clustering_validator - INFO - [OK] MOSClusteringValidator inicializado
2026-02-08 02:30:04,936 - core.learning.feedback_learning_auditor - INFO - [OK] FeedbackLearningAuditor inicializado
2026-02-08 02:30:04,937 - __main__ - INFO - [GUARDIAN] 25 Capas V47.5 PATRULLA SOBERANA inicializado
2026-02-08 02:30:04,937 - __main__ - INFO - [AUDITORIA] Iniciando auditoria completa de 25 capas (ORDEN POR RESTRICCION)...
2026-02-08 02:30:04,938 - __main__ - INFO - 
[VITAL] Ejecutando CAPA_24: Integridad código SHA-256
2026-02-08 02:30:04,941 - core.security.integridad_codigo_sha256 - CRITICAL - [CRITICAL] MODIFICACIÓN DETECTADA: main_asgi.py
   Original: 30e6f6713dda85a8...
   Actual:   f60e97cc09758544...
2026-02-08 02:30:04,943 - __main__ - CRITICAL - [STOP] CAPA VITAL capa_24 FALLO - STOP_SISTEMA
   Sistema autonomo NO puede continuar sin esta capa
2026-02-08 02:30:04,946 - __main__ - INFO - [BUSCAR] Auditando fórmulas degradadas...
2026-02-08 02:30:04,946 - __main__ - CRITICAL - [CRITICAL] Fórmula faltante: formulas_indices.py
2026-02-08 02:30:04,946 - __main__ - CRITICAL - [CRITICAL] Fórmula faltante: formulas_mejoradas.py
2026-02-08 02:30:04,947 - __main__ - CRITICAL - [CRITICAL] Fórmula faltante: formula_validator.py
2026-02-08 02:30:04,947 - __main__ - INFO - [OK] Auditoría de fórmulas completada: 0 OK, 0 degradadas, 3 faltantes
2026-02-08 02:42:02,897 - root - INFO - [LOGGING] Sistema configurado: archivo UTF-8 + consola activa
2026-02-08 02:42:03,095 - core.monitoring.cortafuegos_cascada - INFO - [GUARDIAN] Cortafuegos de Cascada inicializado
2026-02-08 02:42:03,096 - core.monitoring.monitor_recursos_auto_limpieza - INFO - [GUARDIAN] Monitor de Recursos y Auto-Limpieza inicializado
2026-02-08 02:42:03,097 - core.security.integridad_codigo_sha256 - INFO - [GUARDIAN] Integridad SHA-256 (Sello de Oro) inicializada
2026-02-08 02:42:03,097 - core.security.sanitizacion_datos_externos - INFO - [GUARDIAN] Sanitización de Datos Externos (Higiene Meteorológica) inicializada
2026-02-08 02:42:03,098 - core.monitoring.centinela_soberano - INFO - [GUARDIAN] CENTINELA SOBERANO INICIADO
2026-02-08 02:42:03,098 - core.monitoring.centinela_soberano - INFO -    Heartbeat: data\bus_heartbeat.json
2026-02-08 02:42:03,098 - core.monitoring.centinela_soberano - INFO -    Timeout: 10.0s
2026-02-08 02:42:03,099 - core.monitoring.centinela_soberano - INFO -    Verificación cada: 2.0s
2026-02-08 02:42:03,099 - core.validation.mos_clustering_validator - INFO - [OK] MOSClusteringValidator inicializado
2026-02-08 02:42:03,100 - core.learning.feedback_learning_auditor - INFO - [OK] FeedbackLearningAuditor inicializado
2026-02-08 02:42:03,101 - __main__ - INFO - [GUARDIAN] 25 Capas V47.5 PATRULLA SOBERANA inicializado
2026-02-08 02:42:46,686 - root - INFO - [LOGGING] Sistema configurado: archivo UTF-8 + consola activa
2026-02-08 02:42:46,798 - core.monitoring.cortafuegos_cascada - INFO - [GUARDIAN] Cortafuegos de Cascada inicializado
2026-02-08 02:42:46,798 - core.monitoring.monitor_recursos_auto_limpieza - INFO - [GUARDIAN] Monitor de Recursos y Auto-Limpieza inicializado
2026-02-08 02:42:46,799 - core.security.integridad_codigo_sha256 - INFO - [GUARDIAN] Integridad SHA-256 (Sello de Oro) inicializada
2026-02-08 02:42:46,799 - core.security.sanitizacion_datos_externos - INFO - [GUARDIAN] Sanitización de Datos Externos (Higiene Meteorológica) inicializada
2026-02-08 02:42:46,800 - core.monitoring.centinela_soberano - INFO - [GUARDIAN] CENTINELA SOBERANO INICIADO
2026-02-08 02:42:46,800 - core.monitoring.centinela_soberano - INFO -    Heartbeat: data\bus_heartbeat.json
2026-02-08 02:42:46,800 - core.monitoring.centinela_soberano - INFO -    Timeout: 10.0s
2026-02-08 02:42:46,800 - core.monitoring.centinela_soberano - INFO -    Verificación cada: 2.0s
2026-02-08 02:42:46,803 - core.validation.mos_clustering_validator - INFO - [OK] MOSClusteringValidator inicializado
2026-02-08 02:42:46,804 - core.learning.feedback_learning_auditor - INFO - [OK] FeedbackLearningAuditor inicializado
2026-02-08 02:42:46,805 - __main__ - INFO - [GUARDIAN] 25 Capas V47.5 PATRULLA SOBERANA inicializado
2026-02-08 02:43:20,887 - root - INFO - [LOGGING] Sistema configurado: archivo UTF-8 + consola activa
2026-02-08 02:43:21,010 - core.monitoring.cortafuegos_cascada - INFO - [GUARDIAN] Cortafuegos de Cascada inicializado
2026-02-08 02:43:21,011 - core.monitoring.monitor_recursos_auto_limpieza - INFO - [GUARDIAN] Monitor de Recursos y Auto-Limpieza inicializado
2026-02-08 02:43:21,012 - core.security.integridad_codigo_sha256 - INFO - [GUARDIAN] Integridad SHA-256 (Sello de Oro) inicializada
2026-02-08 02:43:21,012 - core.security.sanitizacion_datos_externos - INFO - [GUARDIAN] Sanitización de Datos Externos (Higiene Meteorológica) inicializada
2026-02-08 02:43:21,012 - core.monitoring.centinela_soberano - INFO - [GUARDIAN] CENTINELA SOBERANO INICIADO
2026-02-08 02:43:21,013 - core.monitoring.centinela_soberano - INFO -    Heartbeat: data\bus_heartbeat.json
2026-02-08 02:43:21,013 - core.monitoring.centinela_soberano - INFO -    Timeout: 10.0s
2026-02-08 02:43:21,014 - core.monitoring.centinela_soberano - INFO -    Verificación cada: 2.0s
2026-02-08 02:43:21,015 - core.validation.mos_clustering_validator - INFO - [OK] MOSClusteringValidator inicializado
2026-02-08 02:43:21,016 - core.learning.feedback_learning_auditor - INFO - [OK] FeedbackLearningAuditor inicializado
2026-02-08 02:43:21,016 - __main__ - INFO - [GUARDIAN] 25 Capas V47.5 PATRULLA SOBERANA inicializado
2026-02-08 02:44:02,623 - root - INFO - [LOGGING] Sistema configurado: archivo UTF-8 + consola activa
2026-02-08 02:44:02,739 - core.monitoring.cortafuegos_cascada - INFO - [GUARDIAN] Cortafuegos de Cascada inicializado
2026-02-08 02:44:02,739 - core.monitoring.monitor_recursos_auto_limpieza - INFO - [GUARDIAN] Monitor de Recursos y Auto-Limpieza inicializado
2026-02-08 02:44:02,740 - core.security.integridad_codigo_sha256 - INFO - [GUARDIAN] Integridad SHA-256 (Sello de Oro) inicializada
2026-02-08 02:44:02,740 - core.security.sanitizacion_datos_externos - INFO - [GUARDIAN] Sanitización de Datos Externos (Higiene Meteorológica) inicializada
2026-02-08 02:44:02,741 - core.monitoring.centinela_soberano - INFO - [GUARDIAN] CENTINELA SOBERANO INICIADO
2026-02-08 02:44:02,741 - core.monitoring.centinela_soberano - INFO -    Heartbeat: data\bus_heartbeat.json
2026-02-08 02:44:02,741 - core.monitoring.centinela_soberano - INFO -    Timeout: 10.0s
2026-02-08 02:44:02,742 - core.monitoring.centinela_soberano - INFO -    Verificación cada: 2.0s
2026-02-08 02:44:02,743 - core.validation.mos_clustering_validator - INFO - [OK] MOSClusteringValidator inicializado
2026-02-08 02:44:02,744 - core.learning.feedback_learning_auditor - INFO - [OK] FeedbackLearningAuditor inicializado
2026-02-08 02:44:02,745 - __main__ - INFO - [GUARDIAN] 25 Capas V47.5 PATRULLA SOBERANA inicializado
2026-02-08 02:49:33,535 - root - INFO - [LOGGING] Sistema configurado: archivo UTF-8 + consola activa
2026-02-08 02:49:33,641 - core.monitoring.cortafuegos_cascada - INFO - [GUARDIAN] Cortafuegos de Cascada inicializado
2026-02-08 02:49:33,641 - core.monitoring.monitor_recursos_auto_limpieza - INFO - [GUARDIAN] Monitor de Recursos y Auto-Limpieza inicializado
2026-02-08 02:49:33,642 - core.security.integridad_codigo_sha256 - INFO - [GUARDIAN] Integridad SHA-256 (Sello de Oro) inicializada
2026-02-08 02:49:33,643 - core.security.sanitizacion_datos_externos - INFO - [GUARDIAN] Sanitización de Datos Externos (Higiene Meteorológica) inicializada
2026-02-08 02:49:33,643 - core.monitoring.centinela_soberano - INFO - [GUARDIAN] CENTINELA SOBERANO INICIADO
2026-02-08 02:49:33,643 - core.monitoring.centinela_soberano - INFO -    Heartbeat: data\bus_heartbeat.json
2026-02-08 02:49:33,643 - core.monitoring.centinela_soberano - INFO -    Timeout: 10.0s
2026-02-08 02:49:33,644 - core.monitoring.centinela_soberano - INFO -    Verificación cada: 2.0s
2026-02-08 02:49:33,644 - core.validation.mos_clustering_validator - INFO - [OK] MOSClusteringValidator inicializado
2026-02-08 02:49:33,645 - core.learning.feedback_learning_auditor - INFO - [OK] FeedbackLearningAuditor inicializado
2026-02-08 02:49:33,645 - __main__ - INFO - [GUARDIAN] 25 Capas V47.5 PATRULLA SOBERANA inicializado
2026-02-08 02:50:44,434 - root - INFO - [LOGGING] Sistema configurado: archivo UTF-8 + consola activa
2026-02-08 02:50:44,545 - core.monitoring.cortafuegos_cascada - INFO - [GUARDIAN] Cortafuegos de Cascada inicializado
2026-02-08 02:50:44,546 - core.monitoring.monitor_recursos_auto_limpieza - INFO - [GUARDIAN] Monitor de Recursos y Auto-Limpieza inicializado
2026-02-08 02:50:44,547 - core.security.integridad_codigo_sha256 - INFO - [GUARDIAN] Integridad SHA-256 (Sello de Oro) inicializada
2026-02-08 02:50:44,547 - core.security.sanitizacion_datos_externos - INFO - [GUARDIAN] Sanitización de Datos Externos (Higiene Meteorológica) inicializada
2026-02-08 02:50:44,547 - core.monitoring.centinela_soberano - INFO - [GUARDIAN] CENTINELA SOBERANO INICIADO
2026-02-08 02:50:44,547 - core.monitoring.centinela_soberano - INFO -    Heartbeat: data\bus_heartbeat.json
2026-02-08 02:50:44,548 - core.monitoring.centinela_soberano - INFO -    Timeout: 10.0s
2026-02-08 02:50:44,548 - core.monitoring.centinela_soberano - INFO -    Verificación cada: 2.0s
2026-02-08 02:50:44,548 - core.validation.mos_clustering_validator - INFO - [OK] MOSClusteringValidator inicializado
2026-02-08 02:50:44,549 - core.learning.feedback_learning_auditor - INFO - [OK] FeedbackLearningAuditor inicializado
2026-02-08 02:50:44,549 - __main__ - INFO - [GUARDIAN] 25 Capas V47.5 PATRULLA SOBERANA inicializado
2026-02-08 02:50:44,550 - __main__ - INFO - [AUDITORIA] Iniciando auditoria completa de 25 capas (ORDEN POR RESTRICCION)...
2026-02-08 02:50:44,550 - __main__ - INFO - 
[VITAL] Ejecutando CAPA_24: Integridad código SHA-256
2026-02-08 02:50:44,553 - __main__ - INFO - 
[VITAL] Ejecutando CAPA_25: Sanitización datos externos
2026-02-08 02:50:44,554 - __main__ - INFO - 
[VITAL] Ejecutando CAPA_23: Monitor recursos auto-limpieza
2026-02-08 02:50:45,563 - __main__ - INFO - 
[VITAL] Ejecutando CAPA_00: Pre-auditoría fórmulas
2026-02-08 02:50:45,565 - __main__ - INFO - 
[CRITICA] Ejecutando CAPA_31: Centinela soberano
2026-02-08 02:50:45,614 - core.monitoring.centinela_soberano - INFO - [BUSCAR] Proceso encontrado: PID 1528 - C:\Program Files\Google\Chrome\Application\chrome.exe --type=renderer --origin-trial-disabled-features=CanvasTextNg|WebAssemblyCustomDescriptors --video-capture-use-gpu-memory-buffer --lang=es --device-scale-factor=1.25 --num-raster-threads=4 --enable-main-frame-before-activation --renderer-client-id=607 --time-ticks-at-unix-epoch=-1770469634628407 --launch-time-ticks=17556454088 --metrics-shmem-handle=5524,i,16815003073422464248,13870403004839315567,2097152 --field-trial-handle=1992,i,9711538400115095663,4722954813989717096,262144 --variations-seed-version=20260207-030028.264000 --trace-process-track-uuid=3190709555096273837 --mojo-platform-channel-handle=13532 /prefetch:1
2026-02-08 02:50:45,615 - __main__ - INFO - 
[CRITICA] Ejecutando CAPA_21: Degradación elegante
2026-02-08 02:50:45,616 - __main__ - INFO - 
[CRITICA] Ejecutando CAPA_22: Cortafuegos de cascada
2026-02-08 02:50:45,616 - __main__ - INFO - 
[IMPORTANTE] Ejecutando CAPA_39: MOS Clustering validator
2026-02-08 02:50:45,617 - __main__ - INFO - 
[IMPORTANTE] Ejecutando CAPA_40: Feedback Learning auditor
2026-02-08 02:50:45,617 - __main__ - INFO - 
[IMPORTANTE] Ejecutando CAPA_16_19: Validación física cruzada
2026-02-08 02:50:45,618 - __main__ - INFO - 
[OPCIONAL] Ejecutando CAPA_06_10: Análisis uso Bus
2026-02-08 02:50:45,618 - __main__ - INFO - 
[OPCIONAL] Ejecutando CAPA_11_15: Duelos automáticos
2026-02-08 02:50:45,642 - core.monitoring.formula_fusion_engine - INFO - 🧬 Motor de Fusiones de Fórmulas inicializado
2026-02-08 02:50:45,643 - __main__ - ERROR - [ERROR] capa_11_15 (intento 1/2): FormulaDuelEngine.auditar_cobertura_total() got an unexpected keyword argument 'promover_mejor'
2026-02-08 02:50:45,654 - core.monitoring.formula_fusion_engine - INFO - 🧬 Motor de Fusiones de Fórmulas inicializado
2026-02-08 02:50:45,654 - __main__ - CRITICAL - [FALLO TOTAL] capa_11_15 despues de 2 intentos
2026-02-08 02:50:45,654 - __main__ - INFO - [OPCIONAL] Capa capa_11_15 fallo - no afecta operacion
2026-02-08 02:50:45,654 - __main__ - INFO - 
[OPCIONAL] Ejecutando CAPA_26_30: Post-duelo validación
2026-02-08 02:50:45,656 - __main__ - INFO - [BUSCAR] Auditando fórmulas degradadas...
2026-02-08 02:50:45,656 - __main__ - CRITICAL - [CRITICAL] Fórmula faltante: formulas_indices.py
2026-02-08 02:50:45,657 - __main__ - CRITICAL - [CRITICAL] Fórmula faltante: formulas_mejoradas.py
2026-02-08 02:50:45,658 - __main__ - CRITICAL - [CRITICAL] Fórmula faltante: formula_validator.py
2026-02-08 02:50:45,658 - __main__ - INFO - [OK] Auditoría de fórmulas completada: 0 OK, 0 degradadas, 3 faltantes
2026-02-08 02:52:04,044 - root - INFO - [LOGGING] Sistema configurado: archivo UTF-8 + consola activa
2026-02-08 02:52:04,184 - core.monitoring.cortafuegos_cascada - INFO - [GUARDIAN] Cortafuegos de Cascada inicializado
2026-02-08 02:52:04,185 - core.monitoring.monitor_recursos_auto_limpieza - INFO - [GUARDIAN] Monitor de Recursos y Auto-Limpieza inicializado
2026-02-08 02:52:04,186 - core.security.integridad_codigo_sha256 - INFO - [GUARDIAN] Integridad SHA-256 (Sello de Oro) inicializada
2026-02-08 02:52:04,186 - core.security.sanitizacion_datos_externos - INFO - [GUARDIAN] Sanitización de Datos Externos (Higiene Meteorológica) inicializada
2026-02-08 02:52:04,186 - core.monitoring.centinela_soberano - INFO - [GUARDIAN] CENTINELA SOBERANO INICIADO
2026-02-08 02:52:04,187 - core.monitoring.centinela_soberano - INFO -    Heartbeat: data\bus_heartbeat.json
2026-02-08 02:52:04,187 - core.monitoring.centinela_soberano - INFO -    Timeout: 10.0s
2026-02-08 02:52:04,187 - core.monitoring.centinela_soberano - INFO -    Verificación cada: 2.0s
2026-02-08 02:52:04,188 - core.validation.mos_clustering_validator - INFO - [OK] MOSClusteringValidator inicializado
2026-02-08 02:52:04,188 - core.learning.feedback_learning_auditor - INFO - [OK] FeedbackLearningAuditor inicializado
2026-02-08 02:52:04,189 - __main__ - INFO - [GUARDIAN] 25 Capas V47.5 PATRULLA SOBERANA inicializado
2026-02-08 02:52:08,115 - root - INFO - [LOGGING] Sistema configurado: archivo UTF-8 + consola activa
2026-02-08 02:52:08,256 - core.monitoring.cortafuegos_cascada - INFO - [GUARDIAN] Cortafuegos de Cascada inicializado
2026-02-08 02:52:08,257 - core.monitoring.monitor_recursos_auto_limpieza - INFO - [GUARDIAN] Monitor de Recursos y Auto-Limpieza inicializado
2026-02-08 02:52:08,259 - core.security.integridad_codigo_sha256 - INFO - [GUARDIAN] Integridad SHA-256 (Sello de Oro) inicializada
2026-02-08 02:52:08,259 - core.security.sanitizacion_datos_externos - INFO - [GUARDIAN] Sanitización de Datos Externos (Higiene Meteorológica) inicializada
2026-02-08 02:52:08,259 - core.monitoring.centinela_soberano - INFO - [GUARDIAN] CENTINELA SOBERANO INICIADO
2026-02-08 02:52:08,259 - core.monitoring.centinela_soberano - INFO -    Heartbeat: data\bus_heartbeat.json
2026-02-08 02:52:08,260 - core.monitoring.centinela_soberano - INFO -    Timeout: 10.0s
2026-02-08 02:52:08,260 - core.monitoring.centinela_soberano - INFO -    Verificación cada: 2.0s
2026-02-08 02:52:08,261 - core.validation.mos_clustering_validator - INFO - [OK] MOSClusteringValidator inicializado
2026-02-08 02:52:08,261 - core.learning.feedback_learning_auditor - INFO - [OK] FeedbackLearningAuditor inicializado
2026-02-08 02:52:08,262 - __main__ - INFO - [GUARDIAN] 25 Capas V47.5 PATRULLA SOBERANA inicializado
2026-02-08 02:52:08,262 - __main__ - INFO - [AUDITORIA] Iniciando auditoria completa de 25 capas (ORDEN POR RESTRICCION)...
2026-02-08 02:52:08,262 - __main__ - INFO - 
[VITAL] Ejecutando CAPA_24: Integridad código SHA-256
2026-02-08 02:52:08,269 - core.security.integridad_codigo_sha256 - WARNING - [WARNING] ARCHIVO NUEVO: core/indices/formulas_indices.py
2026-02-08 02:52:08,269 - core.security.integridad_codigo_sha256 - WARNING - [WARNING] ARCHIVO NUEVO: core/indices/formulas_mejoradas.py
2026-02-08 02:52:08,270 - core.security.integridad_codigo_sha256 - WARNING - [WARNING] ARCHIVO NUEVO: core/indices/formula_validator.py
2026-02-08 02:52:08,270 - __main__ - INFO - 
[VITAL] Ejecutando CAPA_25: Sanitización datos externos
2026-02-08 02:52:08,270 - __main__ - INFO - 
[VITAL] Ejecutando CAPA_23: Monitor recursos auto-limpieza
2026-02-08 02:52:09,275 - __main__ - INFO - 
[VITAL] Ejecutando CAPA_00: Pre-auditoría fórmulas
2026-02-08 02:52:09,275 - __main__ - INFO - 
[CRITICA] Ejecutando CAPA_31: Centinela soberano
2026-02-08 02:52:09,284 - core.monitoring.centinela_soberano - INFO - [BUSCAR] Proceso encontrado: PID 1528 - C:\Program Files\Google\Chrome\Application\chrome.exe --type=renderer --origin-trial-disabled-features=CanvasTextNg|WebAssemblyCustomDescriptors --video-capture-use-gpu-memory-buffer --lang=es --device-scale-factor=1.25 --num-raster-threads=4 --enable-main-frame-before-activation --renderer-client-id=607 --time-ticks-at-unix-epoch=-1770469634628407 --launch-time-ticks=17556454088 --metrics-shmem-handle=5524,i,16815003073422464248,13870403004839315567,2097152 --field-trial-handle=1992,i,9711538400115095663,4722954813989717096,262144 --variations-seed-version=20260207-030028.264000 --trace-process-track-uuid=3190709555096273837 --mojo-platform-channel-handle=13532 /prefetch:1
2026-02-08 02:52:09,306 - __main__ - INFO - 
[CRITICA] Ejecutando CAPA_21: Degradación elegante
2026-02-08 02:52:09,321 - __main__ - INFO - 
[CRITICA] Ejecutando CAPA_22: Cortafuegos de cascada
2026-02-08 02:52:09,389 - __main__ - INFO - 
[IMPORTANTE] Ejecutando CAPA_39: MOS Clustering validator
2026-02-08 02:52:09,424 - __main__ - INFO - 
[IMPORTANTE] Ejecutando CAPA_40: Feedback Learning auditor
2026-02-08 02:52:09,432 - __main__ - INFO - 
[IMPORTANTE] Ejecutando CAPA_16_19: Validación física cruzada
2026-02-08 02:52:09,435 - __main__ - INFO - 
[OPCIONAL] Ejecutando CAPA_06_10: Análisis uso Bus
2026-02-08 02:52:09,471 - __main__ - INFO - 
[OPCIONAL] Ejecutando CAPA_11_15: Duelos automáticos
2026-02-08 02:52:09,570 - core.monitoring.formula_fusion_engine - INFO - 🧬 Motor de Fusiones de Fórmulas inicializado
2026-02-08 02:52:09,610 - __main__ - ERROR - [ERROR] capa_11_15 (intento 1/2): FormulaDuelEngine.auditar_cobertura_total() got an unexpected keyword argument 'promover_mejor'
2026-02-08 02:52:09,655 - core.monitoring.formula_fusion_engine - INFO - 🧬 Motor de Fusiones de Fórmulas inicializado
2026-02-08 02:52:09,693 - __main__ - CRITICAL - [FALLO TOTAL] capa_11_15 despues de 2 intentos
2026-02-08 02:52:09,726 - __main__ - INFO - [OPCIONAL] Capa capa_11_15 fallo - no afecta operacion
2026-02-08 02:52:09,728 - __main__ - INFO - 
[OPCIONAL] Ejecutando CAPA_26_30: Post-duelo validación
2026-02-08 02:52:09,730 - __main__ - INFO - [BUSCAR] Auditando fórmulas degradadas...
2026-02-08 02:52:09,731 - __main__ - WARNING - [WARNING] Fórmula degradada: formulas_indices.py (0.14 KB)
2026-02-08 02:52:09,731 - __main__ - WARNING - [WARNING] Fórmula degradada: formulas_mejoradas.py (0.16 KB)
2026-02-08 02:52:09,732 - __main__ - WARNING - [WARNING] Fórmula degradada: formula_validator.py (0.14 KB)
2026-02-08 02:52:09,732 - __main__ - INFO - [OK] Auditoría de fórmulas completada: 0 OK, 3 degradadas, 0 faltantes
2026-02-08 02:56:01,579 - root - INFO - [LOGGING] Sistema configurado: archivo UTF-8 + consola activa
2026-02-08 02:56:50,457 - root - INFO - [LOGGING] Sistema configurado: archivo UTF-8 + consola activa
2026-02-08 02:56:50,600 - core.monitoring.cortafuegos_cascada - INFO - [GUARDIAN] Cortafuegos de Cascada inicializado
2026-02-08 02:56:50,601 - core.monitoring.monitor_recursos_auto_limpieza - INFO - [GUARDIAN] Monitor de Recursos y Auto-Limpieza inicializado
2026-02-08 02:56:50,602 - core.security.integridad_codigo_sha256 - INFO - [GUARDIAN] Integridad SHA-256 (Sello de Oro) inicializada
2026-02-08 02:56:50,602 - core.security.sanitizacion_datos_externos - INFO - [GUARDIAN] Sanitización de Datos Externos (Higiene Meteorológica) inicializada
2026-02-08 02:56:50,602 - core.monitoring.centinela_soberano - INFO - [GUARDIAN] CENTINELA SOBERANO INICIADO
2026-02-08 02:56:50,603 - core.monitoring.centinela_soberano - INFO -    Heartbeat: data\bus_heartbeat.json
2026-02-08 02:56:50,603 - core.monitoring.centinela_soberano - INFO -    Timeout: 10.0s
2026-02-08 02:56:50,603 - core.monitoring.centinela_soberano - INFO -    Verificación cada: 2.0s
2026-02-08 02:56:50,604 - core.validation.mos_clustering_validator - INFO - [OK] MOSClusteringValidator inicializado
2026-02-08 02:56:50,604 - core.learning.feedback_learning_auditor - INFO - [OK] FeedbackLearningAuditor inicializado
2026-02-08 02:56:50,605 - __main__ - INFO - [GUARDIAN] 25 Capas V47.5 PATRULLA SOBERANA inicializado
2026-02-08 02:56:50,605 - __main__ - INFO - [AUDITORIA] Iniciando auditoria completa de 25 capas (ORDEN POR RESTRICCION)...
2026-02-08 02:56:50,605 - __main__ - INFO - 
[VITAL] Ejecutando CAPA_24: Integridad código SHA-256
2026-02-08 02:56:50,608 - core.security.integridad_codigo_sha256 - WARNING - [WARNING] ARCHIVO NUEVO: core/indices/formulas_indices.py
2026-02-08 02:56:50,609 - core.security.integridad_codigo_sha256 - WARNING - [WARNING] ARCHIVO NUEVO: core/indices/formulas_mejoradas.py
2026-02-08 02:56:50,609 - core.security.integridad_codigo_sha256 - WARNING - [WARNING] ARCHIVO NUEVO: core/indices/formula_validator.py
2026-02-08 02:56:50,610 - __main__ - INFO - 
[VITAL] Ejecutando CAPA_25: Sanitización datos externos
2026-02-08 02:56:50,610 - __main__ - INFO - 
[VITAL] Ejecutando CAPA_23: Monitor recursos auto-limpieza
2026-02-08 02:56:51,613 - __main__ - INFO - 
[VITAL] Ejecutando CAPA_00: Pre-auditoría fórmulas
2026-02-08 02:56:51,614 - __main__ - INFO - 
[CRITICA] Ejecutando CAPA_31: Centinela soberano
2026-02-08 02:56:51,619 - core.monitoring.centinela_soberano - INFO - [BUSCAR] Proceso encontrado: PID 1528 - C:\Program Files\Google\Chrome\Application\chrome.exe --type=renderer --origin-trial-disabled-features=CanvasTextNg|WebAssemblyCustomDescriptors --video-capture-use-gpu-memory-buffer --lang=es --device-scale-factor=1.25 --num-raster-threads=4 --enable-main-frame-before-activation --renderer-client-id=607 --time-ticks-at-unix-epoch=-1770469634628407 --launch-time-ticks=17556454088 --metrics-shmem-handle=5524,i,16815003073422464248,13870403004839315567,2097152 --field-trial-handle=1992,i,9711538400115095663,4722954813989717096,262144 --variations-seed-version=20260207-030028.264000 --trace-process-track-uuid=3190709555096273837 --mojo-platform-channel-handle=13532 /prefetch:1
2026-02-08 02:56:51,620 - __main__ - INFO - 
[CRITICA] Ejecutando CAPA_21: Degradación elegante
2026-02-08 02:56:51,620 - __main__ - INFO - 
[CRITICA] Ejecutando CAPA_22: Cortafuegos de cascada
2026-02-08 02:56:51,620 - __main__ - INFO - 
[IMPORTANTE] Ejecutando CAPA_39: MOS Clustering validator
2026-02-08 02:56:51,621 - __main__ - INFO - 
[IMPORTANTE] Ejecutando CAPA_40: Feedback Learning auditor
2026-02-08 02:56:51,621 - __main__ - INFO - 
[IMPORTANTE] Ejecutando CAPA_16_19: Validación física cruzada
2026-02-08 02:56:51,621 - __main__ - INFO - 
[OPCIONAL] Ejecutando CAPA_06_10: Análisis uso Bus
2026-02-08 02:56:51,622 - __main__ - INFO - 
[OPCIONAL] Ejecutando CAPA_11_15: Duelos automáticos
2026-02-08 02:56:51,633 - core.monitoring.formula_fusion_engine - INFO - 🧬 Motor de Fusiones de Fórmulas inicializado
2026-02-08 02:56:51,634 - __main__ - ERROR - [ERROR] capa_11_15 (intento 1/2): FormulaDuelEngine.auditar_cobertura_total() got an unexpected keyword argument 'promover_mejor'
2026-02-08 02:56:51,647 - core.monitoring.formula_fusion_engine - INFO - 🧬 Motor de Fusiones de Fórmulas inicializado
2026-02-08 02:56:51,648 - __main__ - CRITICAL - [FALLO TOTAL] capa_11_15 despues de 2 intentos
2026-02-08 02:56:51,648 - __main__ - INFO - [OPCIONAL] Capa capa_11_15 fallo - no afecta operacion
2026-02-08 02:56:51,648 - __main__ - INFO - 
[OPCIONAL] Ejecutando CAPA_26_30: Post-duelo validación
2026-02-08 02:56:51,650 - __main__ - INFO - [BUSCAR] Auditando fórmulas degradadas...
2026-02-08 02:56:51,650 - __main__ - WARNING - [WARNING] Fórmula degradada: formulas_indices.py (0.18 KB)
2026-02-08 02:56:51,651 - __main__ - WARNING - [WARNING] Fórmula degradada: formulas_mejoradas.py (0.20 KB)
2026-02-08 02:56:51,651 - __main__ - WARNING - [WARNING] Fórmula degradada: formula_validator.py (0.22 KB)
2026-02-08 02:56:51,652 - __main__ - INFO - [OK] Auditoría de fórmulas completada: 0 OK, 3 degradadas, 0 faltantes
2026-02-08 02:57:03,963 - root - INFO - [LOGGING] Sistema configurado: archivo UTF-8 + consola activa
2026-02-08 02:57:04,071 - core.monitoring.cortafuegos_cascada - INFO - [GUARDIAN] Cortafuegos de Cascada inicializado
2026-02-08 02:57:04,072 - core.monitoring.monitor_recursos_auto_limpieza - INFO - [GUARDIAN] Monitor de Recursos y Auto-Limpieza inicializado
2026-02-08 02:57:04,073 - core.security.integridad_codigo_sha256 - INFO - [GUARDIAN] Integridad SHA-256 (Sello de Oro) inicializada
2026-02-08 02:57:04,073 - core.security.sanitizacion_datos_externos - INFO - [GUARDIAN] Sanitización de Datos Externos (Higiene Meteorológica) inicializada
2026-02-08 02:57:04,073 - core.monitoring.centinela_soberano - INFO - [GUARDIAN] CENTINELA SOBERANO INICIADO
2026-02-08 02:57:04,073 - core.monitoring.centinela_soberano - INFO -    Heartbeat: data\bus_heartbeat.json
2026-02-08 02:57:04,074 - core.monitoring.centinela_soberano - INFO -    Timeout: 10.0s
2026-02-08 02:57:04,074 - core.monitoring.centinela_soberano - INFO -    Verificación cada: 2.0s
2026-02-08 02:57:04,075 - core.validation.mos_clustering_validator - INFO - [OK] MOSClusteringValidator inicializado
2026-02-08 02:57:04,075 - core.learning.feedback_learning_auditor - INFO - [OK] FeedbackLearningAuditor inicializado
2026-02-08 02:57:04,076 - __main__ - INFO - [GUARDIAN] 25 Capas V47.5 PATRULLA SOBERANA inicializado
2026-02-08 02:57:04,076 - __main__ - INFO - [AUDITORIA] Iniciando auditoria completa de 25 capas (ORDEN POR RESTRICCION)...
2026-02-08 02:57:04,077 - __main__ - INFO - 
[VITAL] Ejecutando CAPA_24: Integridad código SHA-256
2026-02-08 02:57:04,080 - core.security.integridad_codigo_sha256 - WARNING - [WARNING] ARCHIVO NUEVO: core/indices/formulas_indices.py
2026-02-08 02:57:04,080 - core.security.integridad_codigo_sha256 - WARNING - [WARNING] ARCHIVO NUEVO: core/indices/formulas_mejoradas.py
2026-02-08 02:57:04,081 - core.security.integridad_codigo_sha256 - WARNING - [WARNING] ARCHIVO NUEVO: core/indices/formula_validator.py
2026-02-08 02:57:04,081 - __main__ - INFO - 
[VITAL] Ejecutando CAPA_25: Sanitización datos externos
2026-02-08 02:57:04,081 - __main__ - INFO - 
[VITAL] Ejecutando CAPA_23: Monitor recursos auto-limpieza
2026-02-08 02:57:05,085 - __main__ - INFO - 
[VITAL] Ejecutando CAPA_00: Pre-auditoría fórmulas
2026-02-08 02:57:05,086 - __main__ - INFO - 
[CRITICA] Ejecutando CAPA_31: Centinela soberano
2026-02-08 02:57:05,101 - core.monitoring.centinela_soberano - INFO - [BUSCAR] Proceso encontrado: PID 1528 - C:\Program Files\Google\Chrome\Application\chrome.exe --type=renderer --origin-trial-disabled-features=CanvasTextNg|WebAssemblyCustomDescriptors --video-capture-use-gpu-memory-buffer --lang=es --device-scale-factor=1.25 --num-raster-threads=4 --enable-main-frame-before-activation --renderer-client-id=607 --time-ticks-at-unix-epoch=-1770469634628407 --launch-time-ticks=17556454088 --metrics-shmem-handle=5524,i,16815003073422464248,13870403004839315567,2097152 --field-trial-handle=1992,i,9711538400115095663,4722954813989717096,262144 --variations-seed-version=20260207-030028.264000 --trace-process-track-uuid=3190709555096273837 --mojo-platform-channel-handle=13532 /prefetch:1
2026-02-08 02:57:05,102 - __main__ - INFO - 
[CRITICA] Ejecutando CAPA_21: Degradación elegante
2026-02-08 02:57:05,102 - __main__ - INFO - 
[CRITICA] Ejecutando CAPA_22: Cortafuegos de cascada
2026-02-08 02:57:05,103 - __main__ - INFO - 
[IMPORTANTE] Ejecutando CAPA_39: MOS Clustering validator
2026-02-08 02:57:05,103 - __main__ - INFO - 
[IMPORTANTE] Ejecutando CAPA_40: Feedback Learning auditor
2026-02-08 02:57:05,104 - __main__ - INFO - 
[IMPORTANTE] Ejecutando CAPA_16_19: Validación física cruzada
2026-02-08 02:57:05,104 - __main__ - INFO - 
[OPCIONAL] Ejecutando CAPA_06_10: Análisis uso Bus
2026-02-08 02:57:05,104 - __main__ - INFO - 
[OPCIONAL] Ejecutando CAPA_11_15: Duelos automáticos
2026-02-08 02:57:05,120 - core.monitoring.formula_fusion_engine - INFO - 🧬 Motor de Fusiones de Fórmulas inicializado
2026-02-08 02:57:05,144 - __main__ - ERROR - [ERROR] capa_11_15 (intento 1/2): FormulaDuelEngine.auditar_cobertura_total() got an unexpected keyword argument 'promover_mejor'
2026-02-08 02:57:05,154 - core.monitoring.formula_fusion_engine - INFO - 🧬 Motor de Fusiones de Fórmulas inicializado
2026-02-08 02:57:05,155 - __main__ - CRITICAL - [FALLO TOTAL] capa_11_15 despues de 2 intentos
2026-02-08 02:57:05,155 - __main__ - INFO - [OPCIONAL] Capa capa_11_15 fallo - no afecta operacion
2026-02-08 02:57:05,155 - __main__ - INFO - 
[OPCIONAL] Ejecutando CAPA_26_30: Post-duelo validación
2026-02-08 02:57:05,157 - __main__ - INFO - [BUSCAR] Auditando fórmulas degradadas...
2026-02-08 02:57:05,157 - __main__ - WARNING - [WARNING] Fórmula degradada: formulas_indices.py (0.44 KB)
2026-02-08 02:57:05,157 - __main__ - WARNING - [WARNING] Fórmula degradada: formulas_mejoradas.py (0.43 KB)
2026-02-08 02:57:05,158 - __main__ - WARNING - [WARNING] Fórmula degradada: formula_validator.py (0.61 KB)
2026-02-08 02:57:05,158 - __main__ - INFO - [OK] Auditoría de fórmulas completada: 0 OK, 3 degradadas, 0 faltantes
2026-02-08 02:58:22,407 - root - INFO - [LOGGING] Sistema configurado: archivo UTF-8 + consola activa
2026-02-08 02:58:22,527 - core.monitoring.cortafuegos_cascada - INFO - [GUARDIAN] Cortafuegos de Cascada inicializado
2026-02-08 02:58:22,528 - core.monitoring.monitor_recursos_auto_limpieza - INFO - [GUARDIAN] Monitor de Recursos y Auto-Limpieza inicializado
2026-02-08 02:58:22,528 - core.security.integridad_codigo_sha256 - INFO - [GUARDIAN] Integridad SHA-256 (Sello de Oro) inicializada
2026-02-08 02:58:22,529 - core.security.sanitizacion_datos_externos - INFO - [GUARDIAN] Sanitización de Datos Externos (Higiene Meteorológica) inicializada
2026-02-08 02:58:22,529 - core.monitoring.centinela_soberano - INFO - [GUARDIAN] CENTINELA SOBERANO INICIADO
2026-02-08 02:58:22,529 - core.monitoring.centinela_soberano - INFO -    Heartbeat: data\bus_heartbeat.json
2026-02-08 02:58:22,529 - core.monitoring.centinela_soberano - INFO -    Timeout: 10.0s
2026-02-08 02:58:22,530 - core.monitoring.centinela_soberano - INFO -    Verificación cada: 2.0s
2026-02-08 02:58:22,530 - core.validation.mos_clustering_validator - INFO - [OK] MOSClusteringValidator inicializado
2026-02-08 02:58:22,531 - core.learning.feedback_learning_auditor - INFO - [OK] FeedbackLearningAuditor inicializado
2026-02-08 02:58:22,531 - __main__ - INFO - [GUARDIAN] 25 Capas V47.5 PATRULLA SOBERANA inicializado
2026-02-08 02:58:22,531 - __main__ - INFO - [AUDITORIA] Iniciando auditoria completa de 25 capas (ORDEN POR RESTRICCION)...
2026-02-08 02:58:22,532 - __main__ - INFO - 
[VITAL] Ejecutando CAPA_24: Integridad código SHA-256
2026-02-08 02:58:22,536 - core.security.integridad_codigo_sha256 - WARNING - [WARNING] ARCHIVO NUEVO: core/indices/formulas_indices.py
2026-02-08 02:58:22,536 - core.security.integridad_codigo_sha256 - WARNING - [WARNING] ARCHIVO NUEVO: core/indices/formulas_mejoradas.py
2026-02-08 02:58:22,537 - core.security.integridad_codigo_sha256 - WARNING - [WARNING] ARCHIVO NUEVO: core/indices/formula_validator.py
2026-02-08 02:58:22,537 - __main__ - INFO - 
[VITAL] Ejecutando CAPA_25: Sanitización datos externos
2026-02-08 02:58:22,537 - __main__ - INFO - 
[VITAL] Ejecutando CAPA_23: Monitor recursos auto-limpieza
2026-02-08 02:58:23,539 - __main__ - INFO - 
[VITAL] Ejecutando CAPA_00: Pre-auditoría fórmulas
2026-02-08 02:58:23,539 - __main__ - INFO - 
[CRITICA] Ejecutando CAPA_31: Centinela soberano
2026-02-08 02:58:23,546 - core.monitoring.centinela_soberano - INFO - [BUSCAR] Proceso encontrado: PID 1528 - C:\Program Files\Google\Chrome\Application\chrome.exe --type=renderer --origin-trial-disabled-features=CanvasTextNg|WebAssemblyCustomDescriptors --video-capture-use-gpu-memory-buffer --lang=es --device-scale-factor=1.25 --num-raster-threads=4 --enable-main-frame-before-activation --renderer-client-id=607 --time-ticks-at-unix-epoch=-1770469634628407 --launch-time-ticks=17556454088 --metrics-shmem-handle=5524,i,16815003073422464248,13870403004839315567,2097152 --field-trial-handle=1992,i,9711538400115095663,4722954813989717096,262144 --variations-seed-version=20260207-030028.264000 --trace-process-track-uuid=3190709555096273837 --mojo-platform-channel-handle=13532 /prefetch:1
2026-02-08 02:58:23,546 - __main__ - INFO - 
[CRITICA] Ejecutando CAPA_21: Degradación elegante
2026-02-08 02:58:23,546 - __main__ - INFO - 
[CRITICA] Ejecutando CAPA_22: Cortafuegos de cascada
2026-02-08 02:58:23,547 - __main__ - INFO - 
[IMPORTANTE] Ejecutando CAPA_39: MOS Clustering validator
2026-02-08 02:58:23,547 - __main__ - INFO - 
[IMPORTANTE] Ejecutando CAPA_40: Feedback Learning auditor
2026-02-08 02:58:23,548 - __main__ - INFO - 
[IMPORTANTE] Ejecutando CAPA_16_19: Validación física cruzada
2026-02-08 02:58:23,548 - __main__ - INFO - 
[OPCIONAL] Ejecutando CAPA_06_10: Análisis uso Bus
2026-02-08 02:58:23,549 - __main__ - INFO - 
[OPCIONAL] Ejecutando CAPA_11_15: Duelos automáticos
2026-02-08 02:58:23,562 - core.monitoring.formula_fusion_engine - INFO - 🧬 Motor de Fusiones de Fórmulas inicializado
2026-02-08 02:58:23,562 - __main__ - ERROR - [ERROR] capa_11_15 (intento 1/2): FormulaDuelEngine.auditar_cobertura_total() got an unexpected keyword argument 'promover_mejor'
2026-02-08 02:58:23,575 - core.monitoring.formula_fusion_engine - INFO - 🧬 Motor de Fusiones de Fórmulas inicializado
2026-02-08 02:58:23,576 - __main__ - CRITICAL - [FALLO TOTAL] capa_11_15 despues de 2 intentos
2026-02-08 02:58:23,576 - __main__ - INFO - [OPCIONAL] Capa capa_11_15 fallo - no afecta operacion
2026-02-08 02:58:23,576 - __main__ - INFO - 
[OPCIONAL] Ejecutando CAPA_26_30: Post-duelo validación
2026-02-08 02:58:23,578 - __main__ - INFO - [BUSCAR] Auditando fórmulas degradadas...
2026-02-08 02:58:23,578 - __main__ - INFO - [OK] Fórmula OK: formulas_indices.py
2026-02-08 02:58:23,578 - __main__ - INFO - [OK] Fórmula OK: formulas_mejoradas.py
2026-02-08 02:58:23,579 - __main__ - INFO - [OK] Fórmula OK: formula_validator.py
2026-02-08 02:58:23,579 - __main__ - INFO - [OK] Auditoría de fórmulas completada: 3 OK, 0 degradadas, 0 faltantes
2026-02-08 02:59:39,495 - root - INFO - [LOGGING] Sistema configurado: archivo UTF-8 + consola activa
2026-02-08 03:01:06,130 - root - INFO - [LOGGING] Sistema configurado: archivo UTF-8 + consola activa
2026-02-08 03:02:46,099 - root - INFO - [LOGGING] Sistema configurado: archivo UTF-8 + consola activa
2026-02-08 03:02:46,240 - core.monitoring.cortafuegos_cascada - INFO - [GUARDIAN] Cortafuegos de Cascada inicializado
2026-02-08 03:02:46,241 - core.monitoring.monitor_recursos_auto_limpieza - INFO - [GUARDIAN] Monitor de Recursos y Auto-Limpieza inicializado
2026-02-08 03:02:46,242 - core.security.integridad_codigo_sha256 - INFO - [GUARDIAN] Integridad SHA-256 (Sello de Oro) inicializada
2026-02-08 03:02:46,242 - core.security.sanitizacion_datos_externos - INFO - [GUARDIAN] Sanitización de Datos Externos (Higiene Meteorológica) inicializada
2026-02-08 03:02:46,242 - core.monitoring.centinela_soberano - INFO - [GUARDIAN] CENTINELA SOBERANO INICIADO
2026-02-08 03:02:46,243 - core.monitoring.centinela_soberano - INFO -    Heartbeat: data\bus_heartbeat.json
2026-02-08 03:02:46,243 - core.monitoring.centinela_soberano - INFO -    Timeout: 10.0s
2026-02-08 03:02:46,243 - core.monitoring.centinela_soberano - INFO -    Verificación cada: 2.0s
2026-02-08 03:02:46,244 - core.validation.mos_clustering_validator - INFO - [OK] MOSClusteringValidator inicializado
2026-02-08 03:02:46,244 - core.learning.feedback_learning_auditor - INFO - [OK] FeedbackLearningAuditor inicializado
2026-02-08 03:02:46,245 - __main__ - INFO - [GUARDIAN] 25 Capas V47.5 PATRULLA SOBERANA inicializado
2026-02-08 03:02:46,245 - __main__ - INFO - [AUDITORIA] Iniciando auditoria completa de 25 capas (ORDEN POR RESTRICCION)...
2026-02-08 03:02:46,245 - __main__ - INFO - 
[VITAL] Ejecutando CAPA_24: Integridad código SHA-256
2026-02-08 03:02:46,250 - core.security.integridad_codigo_sha256 - WARNING - [WARNING] ARCHIVO NUEVO: core/indices/formulas_indices.py
2026-02-08 03:02:46,250 - core.security.integridad_codigo_sha256 - WARNING - [WARNING] ARCHIVO NUEVO: core/indices/formulas_mejoradas.py
2026-02-08 03:02:46,251 - core.security.integridad_codigo_sha256 - WARNING - [WARNING] ARCHIVO NUEVO: core/indices/formula_validator.py
2026-02-08 03:02:46,251 - __main__ - INFO - 
[VITAL] Ejecutando CAPA_25: Sanitización datos externos
2026-02-08 03:02:46,251 - __main__ - INFO - 
[VITAL] Ejecutando CAPA_23: Monitor recursos auto-limpieza
2026-02-08 03:02:47,254 - __main__ - INFO - 
[VITAL] Ejecutando CAPA_00: Pre-auditoría fórmulas
2026-02-08 03:02:47,254 - __main__ - INFO - 
[CRITICA] Ejecutando CAPA_31: Centinela soberano
2026-02-08 03:02:47,260 - core.monitoring.centinela_soberano - INFO - [BUSCAR] Proceso encontrado: PID 1528 - C:\Program Files\Google\Chrome\Application\chrome.exe --type=renderer --origin-trial-disabled-features=CanvasTextNg|WebAssemblyCustomDescriptors --video-capture-use-gpu-memory-buffer --lang=es --device-scale-factor=1.25 --num-raster-threads=4 --enable-main-frame-before-activation --renderer-client-id=607 --time-ticks-at-unix-epoch=-1770469634628407 --launch-time-ticks=17556454088 --metrics-shmem-handle=5524,i,16815003073422464248,13870403004839315567,2097152 --field-trial-handle=1992,i,9711538400115095663,4722954813989717096,262144 --variations-seed-version=20260207-030028.264000 --trace-process-track-uuid=3190709555096273837 --mojo-platform-channel-handle=13532 /prefetch:1
2026-02-08 03:02:47,261 - __main__ - INFO - 
[CRITICA] Ejecutando CAPA_21: Degradación elegante
2026-02-08 03:02:47,261 - __main__ - INFO - 
[CRITICA] Ejecutando CAPA_22: Cortafuegos de cascada
2026-02-08 03:02:47,261 - __main__ - INFO - 
[IMPORTANTE] Ejecutando CAPA_39: MOS Clustering validator
2026-02-08 03:02:47,262 - __main__ - INFO - 
[IMPORTANTE] Ejecutando CAPA_40: Feedback Learning auditor
2026-02-08 03:02:47,262 - __main__ - INFO - 
[IMPORTANTE] Ejecutando CAPA_16_19: Validación física cruzada
2026-02-08 03:02:47,262 - __main__ - INFO - 
[OPCIONAL] Ejecutando CAPA_06_10: Análisis uso Bus
2026-02-08 03:02:47,263 - __main__ - INFO - 
[OPCIONAL] Ejecutando CAPA_11_15: Duelos automáticos
2026-02-08 03:02:47,284 - core.monitoring.formula_fusion_engine - INFO - 🧬 Motor de Fusiones de Fórmulas inicializado
2026-02-08 03:02:47,310 - __main__ - ERROR - [ERROR] capa_11_15 (intento 1/2): FormulaDuelEngine.auditar_cobertura_total() got an unexpected keyword argument 'promover_mejor'
2026-02-08 03:02:47,328 - core.monitoring.formula_fusion_engine - INFO - 🧬 Motor de Fusiones de Fórmulas inicializado
2026-02-08 03:02:47,329 - __main__ - CRITICAL - [FALLO TOTAL] capa_11_15 despues de 2 intentos
2026-02-08 03:02:47,329 - __main__ - INFO - [OPCIONAL] Capa capa_11_15 fallo - no afecta operacion
2026-02-08 03:02:47,330 - __main__ - INFO - 
[OPCIONAL] Ejecutando CAPA_26_30: Post-duelo validación
2026-02-08 03:02:47,331 - __main__ - INFO - [BUSCAR] Auditando fórmulas degradadas...
2026-02-08 03:02:47,333 - __main__ - INFO - [OK] Fórmula OK: formulas_indices.py
2026-02-08 03:02:47,333 - __main__ - INFO - [OK] Fórmula OK: formulas_mejoradas.py
2026-02-08 03:02:47,334 - __main__ - INFO - [OK] Fórmula OK: formula_validator.py
2026-02-08 03:02:47,334 - __main__ - INFO - [OK] Auditoría de fórmulas completada: 3 OK, 0 degradadas, 0 faltantes
2026-02-08 03:03:54,583 - root - INFO - [LOGGING] Sistema configurado: archivo UTF-8 + consola activa
2026-02-08 03:03:54,728 - core.monitoring.cortafuegos_cascada - INFO - [GUARDIAN] Cortafuegos de Cascada inicializado
2026-02-08 03:03:54,729 - core.monitoring.monitor_recursos_auto_limpieza - INFO - [GUARDIAN] Monitor de Recursos y Auto-Limpieza inicializado
2026-02-08 03:03:54,730 - core.security.integridad_codigo_sha256 - INFO - [GUARDIAN] Integridad SHA-256 (Sello de Oro) inicializada
2026-02-08 03:03:54,730 - core.security.sanitizacion_datos_externos - INFO - [GUARDIAN] Sanitización de Datos Externos (Higiene Meteorológica) inicializada
2026-02-08 03:03:54,730 - core.monitoring.centinela_soberano - INFO - [GUARDIAN] CENTINELA SOBERANO INICIADO
2026-02-08 03:03:54,731 - core.monitoring.centinela_soberano - INFO -    Heartbeat: data\bus_heartbeat.json
2026-02-08 03:03:54,731 - core.monitoring.centinela_soberano - INFO -    Timeout: 10.0s
2026-02-08 03:03:54,731 - core.monitoring.centinela_soberano - INFO -    Verificación cada: 2.0s
2026-02-08 03:03:54,732 - core.validation.mos_clustering_validator - INFO - [OK] MOSClusteringValidator inicializado
2026-02-08 03:03:54,732 - core.learning.feedback_learning_auditor - INFO - [OK] FeedbackLearningAuditor inicializado
2026-02-08 03:03:54,733 - __main__ - INFO - [GUARDIAN] 25 Capas V47.5 PATRULLA SOBERANA inicializado
2026-02-08 03:03:54,733 - __main__ - INFO - [AUDITORIA] Iniciando auditoria completa de 25 capas (ORDEN POR RESTRICCION)...
2026-02-08 03:03:54,733 - __main__ - INFO - 
[VITAL] Ejecutando CAPA_24: Integridad código SHA-256
2026-02-08 03:03:54,736 - core.security.integridad_codigo_sha256 - WARNING - [WARNING] ARCHIVO NUEVO: core/indices/formulas_indices.py
2026-02-08 03:03:54,737 - core.security.integridad_codigo_sha256 - WARNING - [WARNING] ARCHIVO NUEVO: core/indices/formulas_mejoradas.py
2026-02-08 03:03:54,737 - core.security.integridad_codigo_sha256 - WARNING - [WARNING] ARCHIVO NUEVO: core/indices/formula_validator.py
2026-02-08 03:03:54,738 - __main__ - INFO - 
[VITAL] Ejecutando CAPA_25: Sanitización datos externos
2026-02-08 03:03:54,738 - __main__ - INFO - 
[VITAL] Ejecutando CAPA_23: Monitor recursos auto-limpieza
2026-02-08 03:03:55,741 - __main__ - INFO - 
[VITAL] Ejecutando CAPA_00: Pre-auditoría fórmulas
2026-02-08 03:03:55,741 - __main__ - INFO - 
[CRITICA] Ejecutando CAPA_31: Centinela soberano
2026-02-08 03:03:55,748 - core.monitoring.centinela_soberano - INFO - [BUSCAR] Proceso encontrado: PID 1528 - C:\Program Files\Google\Chrome\Application\chrome.exe --type=renderer --origin-trial-disabled-features=CanvasTextNg|WebAssemblyCustomDescriptors --video-capture-use-gpu-memory-buffer --lang=es --device-scale-factor=1.25 --num-raster-threads=4 --enable-main-frame-before-activation --renderer-client-id=607 --time-ticks-at-unix-epoch=-1770469634628407 --launch-time-ticks=17556454088 --metrics-shmem-handle=5524,i,16815003073422464248,13870403004839315567,2097152 --field-trial-handle=1992,i,9711538400115095663,4722954813989717096,262144 --variations-seed-version=20260207-030028.264000 --trace-process-track-uuid=3190709555096273837 --mojo-platform-channel-handle=13532 /prefetch:1
2026-02-08 03:03:55,748 - __main__ - INFO - 
[CRITICA] Ejecutando CAPA_21: Degradación elegante
2026-02-08 03:03:55,748 - __main__ - INFO - 
[CRITICA] Ejecutando CAPA_22: Cortafuegos de cascada
2026-02-08 03:03:55,749 - __main__ - INFO - 
[IMPORTANTE] Ejecutando CAPA_39: MOS Clustering validator
2026-02-08 03:03:55,749 - __main__ - INFO - 
[IMPORTANTE] Ejecutando CAPA_40: Feedback Learning auditor
2026-02-08 03:03:55,749 - __main__ - INFO - 
[IMPORTANTE] Ejecutando CAPA_16_19: Validación física cruzada
2026-02-08 03:03:55,750 - __main__ - INFO - 
[OPCIONAL] Ejecutando CAPA_06_10: Análisis uso Bus
2026-02-08 03:03:55,750 - __main__ - INFO - 
[OPCIONAL] Ejecutando CAPA_11_15: Duelos automáticos
2026-02-08 03:03:55,763 - core.monitoring.formula_fusion_engine - INFO - 🧬 Motor de Fusiones de Fórmulas inicializado
2026-02-08 03:03:55,792 - meteoser.formula_duel - WARNING - [WARNING] DuelEngine: muestras insuficientes (1 < 30) para ['temperatura', 'humedad', 'viento', 'radiacion']
2026-02-08 03:03:55,793 - meteoser.formula_duel - WARNING - [WARNING] DuelEngine: muestras insuficientes (1 < 30) para ['temperatura', 'humedad', 'viento']
2026-02-08 03:03:55,793 - meteoser.formula_duel - WARNING - [WARNING] DuelEngine: muestras insuficientes (1 < 30) para ['temperatura', 'humedad', 'radiacion', 'viento']
2026-02-08 03:03:55,794 - meteoser.formula_duel - WARNING - [WARNING] DuelEngine: muestras insuficientes (1 < 30) para ['temperatura', 'humedad', 'viento', 'radiacion']
2026-02-08 03:03:55,794 - meteoser.formula_duel - WARNING - [WARNING] DuelEngine: muestras insuficientes (1 < 30) para ['temperatura_bulbo_seco', 'humedad', 'velocidad_viento_10m', 'radiacion_solar_global']
2026-02-08 03:03:55,795 - meteoser.formula_duel - WARNING - [WARNING] DuelEngine: muestras insuficientes (1 < 30) para ['temperatura_bulbo_seco', 'humedad', 'viento', 'radiacion_solar_global', 'nubosidad']
2026-02-08 03:03:55,795 - meteoser.formula_duel - WARNING - [WARNING] DuelEngine: muestras insuficientes (1 < 30) para ['temperatura_bulbo_seco', 'humedad']
2026-02-08 03:03:55,818 - meteoser.formula_duel - WARNING - [WARNING] DuelEngine: sin datos para requisitos ['altitud', 'datetime', 'latitud', 'longitud', 'uso_horario']
2026-02-08 03:03:55,821 - __main__ - WARNING - [REINTENTO] capa_11_15 fallo, reintento 1/1
2026-02-08 03:03:55,835 - core.monitoring.formula_fusion_engine - INFO - 🧬 Motor de Fusiones de Fórmulas inicializado
2026-02-08 03:03:55,836 - meteoser.formula_duel - WARNING - [WARNING] DuelEngine: muestras insuficientes (1 < 30) para ['temperatura', 'humedad', 'viento', 'radiacion']
2026-02-08 03:03:55,836 - meteoser.formula_duel - WARNING - [WARNING] DuelEngine: muestras insuficientes (1 < 30) para ['temperatura', 'humedad', 'viento']
2026-02-08 03:03:55,837 - meteoser.formula_duel - WARNING - [WARNING] DuelEngine: muestras insuficientes (1 < 30) para ['temperatura', 'humedad', 'radiacion', 'viento']
2026-02-08 03:03:55,837 - meteoser.formula_duel - WARNING - [WARNING] DuelEngine: muestras insuficientes (1 < 30) para ['temperatura', 'humedad', 'viento', 'radiacion']
2026-02-08 03:03:55,837 - meteoser.formula_duel - WARNING - [WARNING] DuelEngine: muestras insuficientes (1 < 30) para ['temperatura_bulbo_seco', 'humedad', 'velocidad_viento_10m', 'radiacion_solar_global']
2026-02-08 03:03:55,838 - meteoser.formula_duel - WARNING - [WARNING] DuelEngine: muestras insuficientes (1 < 30) para ['temperatura_bulbo_seco', 'humedad', 'viento', 'radiacion_solar_global', 'nubosidad']
2026-02-08 03:03:55,838 - meteoser.formula_duel - WARNING - [WARNING] DuelEngine: muestras insuficientes (1 < 30) para ['temperatura_bulbo_seco', 'humedad']
2026-02-08 03:03:55,842 - meteoser.formula_duel - WARNING - [WARNING] DuelEngine: sin datos para requisitos ['altitud', 'datetime', 'latitud', 'longitud', 'uso_horario']
2026-02-08 03:03:55,843 - __main__ - INFO - [OPCIONAL] Capa capa_11_15 fallo - no afecta operacion
2026-02-08 03:03:55,843 - __main__ - INFO - 
[OPCIONAL] Ejecutando CAPA_26_30: Post-duelo validación
2026-02-08 03:03:55,845 - __main__ - INFO - [BUSCAR] Auditando fórmulas degradadas...
2026-02-08 03:03:55,845 - __main__ - INFO - [OK] Fórmula OK: formulas_indices.py
2026-02-08 03:03:55,846 - __main__ - INFO - [OK] Fórmula OK: formulas_mejoradas.py
2026-02-08 03:03:55,846 - __main__ - INFO - [OK] Fórmula OK: formula_validator.py
2026-02-08 03:03:55,846 - __main__ - INFO - [OK] Auditoría de fórmulas completada: 3 OK, 0 degradadas, 0 faltantes
2026-02-08 03:12:04,271 - root - INFO - [LOGGING] Sistema configurado: archivo UTF-8 + consola activa
2026-02-08 03:12:04,404 - core.monitoring.cortafuegos_cascada - INFO - [GUARDIAN] Cortafuegos de Cascada inicializado
2026-02-08 03:12:04,405 - core.monitoring.monitor_recursos_auto_limpieza - INFO - [GUARDIAN] Monitor de Recursos y Auto-Limpieza inicializado
2026-02-08 03:12:04,406 - core.security.integridad_codigo_sha256 - INFO - [GUARDIAN] Integridad SHA-256 (Sello de Oro) inicializada
2026-02-08 03:12:04,406 - core.security.sanitizacion_datos_externos - INFO - [GUARDIAN] Sanitización de Datos Externos (Higiene Meteorológica) inicializada
2026-02-08 03:12:04,406 - core.monitoring.centinela_soberano - INFO - [GUARDIAN] CENTINELA SOBERANO INICIADO
2026-02-08 03:12:04,406 - core.monitoring.centinela_soberano - INFO -    Heartbeat: data\bus_heartbeat.json
2026-02-08 03:12:04,406 - core.monitoring.centinela_soberano - INFO -    Timeout: 10.0s
2026-02-08 03:12:04,407 - core.monitoring.centinela_soberano - INFO -    Verificación cada: 2.0s
2026-02-08 03:12:04,407 - core.validation.mos_clustering_validator - INFO - [OK] MOSClusteringValidator inicializado
2026-02-08 03:12:04,408 - core.learning.feedback_learning_auditor - INFO - [OK] FeedbackLearningAuditor inicializado
2026-02-08 03:12:04,408 - __main__ - INFO - [GUARDIAN] 25 Capas V47.5 PATRULLA SOBERANA inicializado
2026-02-08 03:12:04,408 - __main__ - INFO - [AUDITORIA] Iniciando auditoria completa de 25 capas (ORDEN POR RESTRICCION)...
2026-02-08 03:12:04,409 - __main__ - INFO - 
[VITAL] Ejecutando CAPA_24: Integridad código SHA-256
2026-02-08 03:12:04,415 - core.security.integridad_codigo_sha256 - WARNING - [WARNING] ARCHIVO NUEVO: core/indices/formulas_indices.py
2026-02-08 03:12:04,415 - core.security.integridad_codigo_sha256 - WARNING - [WARNING] ARCHIVO NUEVO: core/indices/formulas_mejoradas.py
2026-02-08 03:12:04,416 - core.security.integridad_codigo_sha256 - WARNING - [WARNING] ARCHIVO NUEVO: core/indices/formula_validator.py
2026-02-08 03:12:04,416 - __main__ - INFO - 
[VITAL] Ejecutando CAPA_25: Sanitización datos externos
2026-02-08 03:12:04,416 - __main__ - INFO - 
[VITAL] Ejecutando CAPA_23: Monitor recursos auto-limpieza
2026-02-08 03:12:05,418 - __main__ - INFO - 
[VITAL] Ejecutando CAPA_00: Pre-auditoría fórmulas
2026-02-08 03:12:05,419 - __main__ - INFO - 
[CRITICA] Ejecutando CAPA_31: Centinela soberano
2026-02-08 03:12:05,425 - core.monitoring.centinela_soberano - INFO - [BUSCAR] Proceso encontrado: PID 1528 - C:\Program Files\Google\Chrome\Application\chrome.exe --type=renderer --origin-trial-disabled-features=CanvasTextNg|WebAssemblyCustomDescriptors --video-capture-use-gpu-memory-buffer --lang=es --device-scale-factor=1.25 --num-raster-threads=4 --enable-main-frame-before-activation --renderer-client-id=607 --time-ticks-at-unix-epoch=-1770469634628407 --launch-time-ticks=17556454088 --metrics-shmem-handle=5524,i,16815003073422464248,13870403004839315567,2097152 --field-trial-handle=1992,i,9711538400115095663,4722954813989717096,262144 --variations-seed-version=20260207-030028.264000 --trace-process-track-uuid=3190709555096273837 --mojo-platform-channel-handle=13532 /prefetch:1
2026-02-08 03:12:05,425 - __main__ - INFO - 
[CRITICA] Ejecutando CAPA_21: Degradación elegante
2026-02-08 03:12:05,426 - __main__ - INFO - 
[CRITICA] Ejecutando CAPA_22: Cortafuegos de cascada
2026-02-08 03:12:05,426 - __main__ - INFO - 
[IMPORTANTE] Ejecutando CAPA_39: MOS Clustering validator
2026-02-08 03:12:05,426 - __main__ - INFO - 
[IMPORTANTE] Ejecutando CAPA_40: Feedback Learning auditor
2026-02-08 03:12:05,428 - __main__ - INFO - 
[IMPORTANTE] Ejecutando CAPA_16_19: Validación física cruzada
2026-02-08 03:12:05,429 - __main__ - INFO - 
[OPCIONAL] Ejecutando CAPA_06_10: Análisis uso Bus
2026-02-08 03:12:05,430 - __main__ - INFO - 
[OPCIONAL] Ejecutando CAPA_11_15: Duelos automáticos
2026-02-08 03:12:05,443 - core.monitoring.formula_fusion_engine - INFO - 🧬 Motor de Fusiones de Fórmulas inicializado
2026-02-08 03:12:05,447 - meteoser.formula_duel - WARNING - [WARNING] DuelEngine: muestras insuficientes (1 < 30) para ['temperatura', 'humedad', 'viento', 'radiacion']
2026-02-08 03:12:05,448 - meteoser.formula_duel - WARNING - [WARNING] DuelEngine: muestras insuficientes (1 < 30) para ['temperatura', 'humedad', 'viento']
2026-02-08 03:12:05,448 - meteoser.formula_duel - WARNING - [WARNING] DuelEngine: muestras insuficientes (1 < 30) para ['temperatura', 'humedad', 'radiacion', 'viento']
2026-02-08 03:12:05,449 - meteoser.formula_duel - WARNING - [WARNING] DuelEngine: muestras insuficientes (1 < 30) para ['temperatura', 'humedad', 'viento', 'radiacion']
2026-02-08 03:12:05,449 - meteoser.formula_duel - WARNING - [WARNING] DuelEngine: muestras insuficientes (1 < 30) para ['temperatura_bulbo_seco', 'humedad', 'velocidad_viento_10m', 'radiacion_solar_global']
2026-02-08 03:12:05,450 - meteoser.formula_duel - WARNING - [WARNING] DuelEngine: muestras insuficientes (1 < 30) para ['temperatura_bulbo_seco', 'humedad', 'viento', 'radiacion_solar_global', 'nubosidad']
2026-02-08 03:12:05,450 - meteoser.formula_duel - WARNING - [WARNING] DuelEngine: muestras insuficientes (1 < 30) para ['temperatura_bulbo_seco', 'humedad']
2026-02-08 03:12:05,471 - meteoser.formula_duel - WARNING - [WARNING] DuelEngine: sin datos para requisitos ['altitud', 'datetime', 'latitud', 'longitud', 'uso_horario']
2026-02-08 03:12:05,473 - __main__ - WARNING - [REINTENTO] capa_11_15 fallo, reintento 1/1
2026-02-08 03:12:05,489 - core.monitoring.formula_fusion_engine - INFO - 🧬 Motor de Fusiones de Fórmulas inicializado
2026-02-08 03:12:05,490 - meteoser.formula_duel - WARNING - [WARNING] DuelEngine: muestras insuficientes (1 < 30) para ['temperatura', 'humedad', 'viento', 'radiacion']
2026-02-08 03:12:05,490 - meteoser.formula_duel - WARNING - [WARNING] DuelEngine: muestras insuficientes (1 < 30) para ['temperatura', 'humedad', 'viento']
2026-02-08 03:12:05,490 - meteoser.formula_duel - WARNING - [WARNING] DuelEngine: muestras insuficientes (1 < 30) para ['temperatura', 'humedad', 'radiacion', 'viento']
2026-02-08 03:12:05,491 - meteoser.formula_duel - WARNING - [WARNING] DuelEngine: muestras insuficientes (1 < 30) para ['temperatura', 'humedad', 'viento', 'radiacion']
2026-02-08 03:12:05,491 - meteoser.formula_duel - WARNING - [WARNING] DuelEngine: muestras insuficientes (1 < 30) para ['temperatura_bulbo_seco', 'humedad', 'velocidad_viento_10m', 'radiacion_solar_global']
2026-02-08 03:12:05,492 - meteoser.formula_duel - WARNING - [WARNING] DuelEngine: muestras insuficientes (1 < 30) para ['temperatura_bulbo_seco', 'humedad', 'viento', 'radiacion_solar_global', 'nubosidad']
2026-02-08 03:12:05,492 - meteoser.formula_duel - WARNING - [WARNING] DuelEngine: muestras insuficientes (1 < 30) para ['temperatura_bulbo_seco', 'humedad']
2026-02-08 03:12:05,496 - meteoser.formula_duel - WARNING - [WARNING] DuelEngine: sin datos para requisitos ['altitud', 'datetime', 'latitud', 'longitud', 'uso_horario']
2026-02-08 03:12:05,498 - __main__ - INFO - [OPCIONAL] Capa capa_11_15 fallo - no afecta operacion
2026-02-08 03:12:05,499 - __main__ - INFO - 
[OPCIONAL] Ejecutando CAPA_26_30: Post-duelo validación
2026-02-08 03:12:05,501 - __main__ - INFO - [BUSCAR] Auditando fórmulas degradadas...
2026-02-08 03:35:49,493 - root - INFO - [LOGGING] Sistema configurado: archivo UTF-8 + consola activa
2026-02-08 03:35:49,641 - core.monitoring.cortafuegos_cascada - INFO - [GUARDIAN] Cortafuegos de Cascada inicializado
2026-02-08 03:35:49,642 - core.monitoring.monitor_recursos_auto_limpieza - INFO - [GUARDIAN] Monitor de Recursos y Auto-Limpieza inicializado
2026-02-08 03:35:49,643 - core.security.integridad_codigo_sha256 - INFO - [GUARDIAN] Integridad SHA-256 (Sello de Oro) inicializada
2026-02-08 03:35:49,643 - core.security.sanitizacion_datos_externos - INFO - [GUARDIAN] Sanitización de Datos Externos (Higiene Meteorológica) inicializada
2026-02-08 03:35:49,644 - core.monitoring.centinela_soberano - INFO - [GUARDIAN] CENTINELA SOBERANO INICIADO
2026-02-08 03:35:49,644 - core.monitoring.centinela_soberano - INFO -    Heartbeat: data\bus_heartbeat.json
2026-02-08 03:35:49,644 - core.monitoring.centinela_soberano - INFO -    Timeout: 10.0s
2026-02-08 03:35:49,645 - core.monitoring.centinela_soberano - INFO -    Verificación cada: 2.0s
2026-02-08 03:35:49,646 - core.validation.mos_clustering_validator - INFO - [OK] MOSClusteringValidator inicializado
2026-02-08 03:35:49,647 - core.learning.feedback_learning_auditor - INFO - [OK] FeedbackLearningAuditor inicializado
2026-02-08 03:35:49,648 - __main__ - INFO - [GUARDIAN] 25 Capas V47.5 PATRULLA SOBERANA inicializado
2026-02-08 03:35:49,648 - __main__ - INFO - [AUDITORIA] Iniciando auditoria completa de 25 capas (ORDEN POR RESTRICCION)...
2026-02-08 03:35:49,648 - __main__ - INFO - 
[VITAL] Ejecutando CAPA_24: Integridad código SHA-256
2026-02-08 03:35:49,653 - core.security.integridad_codigo_sha256 - WARNING - [WARNING] ARCHIVO NUEVO: core/indices/formulas_indices.py
2026-02-08 03:35:49,653 - core.security.integridad_codigo_sha256 - WARNING - [WARNING] ARCHIVO NUEVO: core/indices/formulas_mejoradas.py
2026-02-08 03:35:49,654 - core.security.integridad_codigo_sha256 - WARNING - [WARNING] ARCHIVO NUEVO: core/indices/formula_validator.py
2026-02-08 03:35:49,654 - __main__ - INFO - 
[VITAL] Ejecutando CAPA_25: Sanitización datos externos
2026-02-08 03:35:49,654 - __main__ - INFO - 
[VITAL] Ejecutando CAPA_23: Monitor recursos auto-limpieza
2026-02-08 03:35:50,656 - __main__ - INFO - 
[VITAL] Ejecutando CAPA_00: Pre-auditoría fórmulas
2026-02-08 03:35:50,657 - __main__ - INFO - 
[CRITICA] Ejecutando CAPA_31: Centinela soberano
2026-02-08 03:35:50,665 - core.monitoring.centinela_soberano - INFO - [BUSCAR] Proceso encontrado: PID 1528 - C:\Program Files\Google\Chrome\Application\chrome.exe --type=renderer --origin-trial-disabled-features=CanvasTextNg|WebAssemblyCustomDescriptors --video-capture-use-gpu-memory-buffer --lang=es --device-scale-factor=1.25 --num-raster-threads=4 --enable-main-frame-before-activation --renderer-client-id=607 --time-ticks-at-unix-epoch=-1770469634628407 --launch-time-ticks=17556454088 --metrics-shmem-handle=5524,i,16815003073422464248,13870403004839315567,2097152 --field-trial-handle=1992,i,9711538400115095663,4722954813989717096,262144 --variations-seed-version=20260207-030028.264000 --trace-process-track-uuid=3190709555096273837 --mojo-platform-channel-handle=13532 /prefetch:1
2026-02-08 03:35:50,665 - __main__ - INFO - 
[CRITICA] Ejecutando CAPA_21: Degradación elegante
2026-02-08 03:35:50,666 - __main__ - INFO - 
[CRITICA] Ejecutando CAPA_22: Cortafuegos de cascada
2026-02-08 03:35:50,666 - __main__ - INFO - 
[IMPORTANTE] Ejecutando CAPA_39: MOS Clustering validator
2026-02-08 03:35:50,666 - __main__ - INFO - 
[IMPORTANTE] Ejecutando CAPA_40: Feedback Learning auditor
2026-02-08 03:35:50,667 - __main__ - INFO - 
[IMPORTANTE] Ejecutando CAPA_16_19: Validación física cruzada
2026-02-08 03:35:50,667 - __main__ - INFO - 
[OPCIONAL] Ejecutando CAPA_06_10: Análisis uso Bus
2026-02-08 03:35:50,667 - __main__ - INFO - 
[OPCIONAL] Ejecutando CAPA_11_15: Duelos automáticos
2026-02-08 03:35:50,680 - core.monitoring.formula_fusion_engine - INFO - 🧬 Motor de Fusiones de Fórmulas inicializado
2026-02-08 03:35:50,681 - meteoser.formula_duel - WARNING - [WARNING] DuelEngine: muestras insuficientes (1 < 30) para ['temperatura', 'humedad', 'viento', 'radiacion']
2026-02-08 03:35:50,682 - meteoser.formula_duel - WARNING - [WARNING] DuelEngine: muestras insuficientes (1 < 30) para ['temperatura', 'humedad', 'viento']
2026-02-08 03:35:50,682 - meteoser.formula_duel - WARNING - [WARNING] DuelEngine: muestras insuficientes (1 < 30) para ['temperatura', 'humedad', 'radiacion', 'viento']
2026-02-08 03:35:50,682 - meteoser.formula_duel - WARNING - [WARNING] DuelEngine: muestras insuficientes (1 < 30) para ['temperatura', 'humedad', 'viento', 'radiacion']
2026-02-08 03:35:50,683 - meteoser.formula_duel - WARNING - [WARNING] DuelEngine: muestras insuficientes (1 < 30) para ['temperatura_bulbo_seco', 'humedad', 'velocidad_viento_10m', 'radiacion_solar_global']
2026-02-08 03:35:50,683 - meteoser.formula_duel - WARNING - [WARNING] DuelEngine: muestras insuficientes (1 < 30) para ['temperatura_bulbo_seco', 'humedad', 'viento', 'radiacion_solar_global', 'nubosidad']
2026-02-08 03:35:50,683 - meteoser.formula_duel - WARNING - [WARNING] DuelEngine: muestras insuficientes (1 < 30) para ['temperatura_bulbo_seco', 'humedad']
2026-02-08 03:35:50,702 - meteoser.formula_duel - WARNING - [WARNING] DuelEngine: sin datos para requisitos ['altitud', 'datetime', 'latitud', 'longitud', 'uso_horario']
2026-02-08 03:35:50,703 - __main__ - WARNING - [REINTENTO] capa_11_15 fallo, reintento 1/1
2026-02-08 03:35:50,717 - core.monitoring.formula_fusion_engine - INFO - 🧬 Motor de Fusiones de Fórmulas inicializado
2026-02-08 03:35:50,718 - meteoser.formula_duel - WARNING - [WARNING] DuelEngine: muestras insuficientes (1 < 30) para ['temperatura', 'humedad', 'viento', 'radiacion']
2026-02-08 03:35:50,718 - meteoser.formula_duel - WARNING - [WARNING] DuelEngine: muestras insuficientes (1 < 30) para ['temperatura', 'humedad', 'viento']
2026-02-08 03:35:50,718 - meteoser.formula_duel - WARNING - [WARNING] DuelEngine: muestras insuficientes (1 < 30) para ['temperatura', 'humedad', 'radiacion', 'viento']
2026-02-08 03:35:50,719 - meteoser.formula_duel - WARNING - [WARNING] DuelEngine: muestras insuficientes (1 < 30) para ['temperatura', 'humedad', 'viento', 'radiacion']
2026-02-08 03:35:50,719 - meteoser.formula_duel - WARNING - [WARNING] DuelEngine: muestras insuficientes (1 < 30) para ['temperatura_bulbo_seco', 'humedad', 'velocidad_viento_10m', 'radiacion_solar_global']
2026-02-08 03:35:50,720 - meteoser.formula_duel - WARNING - [WARNING] DuelEngine: muestras insuficientes (1 < 30) para ['temperatura_bulbo_seco', 'humedad', 'viento', 'radiacion_solar_global', 'nubosidad']
2026-02-08 03:35:50,720 - meteoser.formula_duel - WARNING - [WARNING] DuelEngine: muestras insuficientes (1 < 30) para ['temperatura_bulbo_seco', 'humedad']
2026-02-08 03:35:50,723 - meteoser.formula_duel - WARNING - [WARNING] DuelEngine: sin datos para requisitos ['altitud', 'datetime', 'latitud', 'longitud', 'uso_horario']
2026-02-08 03:35:50,724 - __main__ - INFO - [OPCIONAL] Capa capa_11_15 fallo - no afecta operacion
2026-02-08 03:35:50,724 - __main__ - INFO - 
[OPCIONAL] Ejecutando CAPA_26: Post-duelo validación estadística
2026-02-08 03:35:50,840 - __main__ - ERROR - [ERROR] capa_26 (intento 1/2): 'Guardian25Capas' object has no attribute '_obtener_resultados_post_duelo'
2026-02-08 03:35:50,841 - __main__ - CRITICAL - [FALLO TOTAL] capa_26 despues de 2 intentos
2026-02-08 03:35:50,841 - __main__ - INFO - [OPCIONAL] Capa capa_26 fallo - no afecta operacion
2026-02-08 03:35:50,841 - __main__ - INFO - 
[OPCIONAL] Ejecutando CAPA_27: Post-duelo comparación histórica
2026-02-08 03:35:50,842 - __main__ - ERROR - [ERROR] capa_27 (intento 1/2): 'Guardian25Capas' object has no attribute '_obtener_resultados_post_duelo'
2026-02-08 03:35:50,842 - __main__ - CRITICAL - [FALLO TOTAL] capa_27 despues de 2 intentos
2026-02-08 03:35:50,842 - __main__ - INFO - [OPCIONAL] Capa capa_27 fallo - no afecta operacion
2026-02-08 03:35:50,843 - __main__ - INFO - 
[OPCIONAL] Ejecutando CAPA_28: Post-duelo auditoría de dependencias
2026-02-08 03:35:50,843 - __main__ - ERROR - [ERROR] capa_28 (intento 1/2): 'Guardian25Capas' object has no attribute '_obtener_modulo_post_duelo'
2026-02-08 03:35:50,843 - __main__ - CRITICAL - [FALLO TOTAL] capa_28 despues de 2 intentos
2026-02-08 03:35:50,843 - __main__ - INFO - [OPCIONAL] Capa capa_28 fallo - no afecta operacion
2026-02-08 03:35:50,844 - __main__ - INFO - 
[OPCIONAL] Ejecutando CAPA_29: Post-duelo validación física
2026-02-08 03:35:50,844 - __main__ - ERROR - [ERROR] capa_29 (intento 1/2): 'Guardian25Capas' object has no attribute '_obtener_parametros_post_duelo'
2026-02-08 03:35:50,844 - __main__ - CRITICAL - [FALLO TOTAL] capa_29 despues de 2 intentos
2026-02-08 03:35:50,845 - __main__ - INFO - [OPCIONAL] Capa capa_29 fallo - no afecta operacion
2026-02-08 03:35:50,845 - __main__ - INFO - 
[OPCIONAL] Ejecutando CAPA_30: Post-duelo validación lógica
2026-02-08 03:35:50,847 - __main__ - INFO - [BUSCAR] Auditando fórmulas degradadas...
2026-02-08 03:42:26,156 - root - INFO - [LOGGING] Sistema configurado: archivo UTF-8 + consola activa
2026-02-08 03:42:26,275 - core.monitoring.cortafuegos_cascada - INFO - [GUARDIAN] Cortafuegos de Cascada inicializado
2026-02-08 03:42:26,276 - core.monitoring.monitor_recursos_auto_limpieza - INFO - [GUARDIAN] Monitor de Recursos y Auto-Limpieza inicializado
2026-02-08 03:42:26,277 - core.security.integridad_codigo_sha256 - INFO - [GUARDIAN] Integridad SHA-256 (Sello de Oro) inicializada
2026-02-08 03:42:26,277 - core.security.sanitizacion_datos_externos - INFO - [GUARDIAN] Sanitización de Datos Externos (Higiene Meteorológica) inicializada
2026-02-08 03:42:26,277 - core.monitoring.centinela_soberano - INFO - [GUARDIAN] CENTINELA SOBERANO INICIADO
2026-02-08 03:42:26,277 - core.monitoring.centinela_soberano - INFO -    Heartbeat: data\bus_heartbeat.json
2026-02-08 03:42:26,278 - core.monitoring.centinela_soberano - INFO -    Timeout: 10.0s
2026-02-08 03:42:26,278 - core.monitoring.centinela_soberano - INFO -    Verificación cada: 2.0s
2026-02-08 03:42:26,279 - core.validation.mos_clustering_validator - INFO - [OK] MOSClusteringValidator inicializado
2026-02-08 03:42:26,280 - core.learning.feedback_learning_auditor - INFO - [OK] FeedbackLearningAuditor inicializado
2026-02-08 03:42:26,281 - __main__ - INFO - [GUARDIAN] 25 Capas V47.5 PATRULLA SOBERANA inicializado
2026-02-08 03:42:26,281 - __main__ - INFO - [AUDITORIA] Iniciando auditoria completa de 25 capas (ORDEN POR RESTRICCION)...
2026-02-08 03:42:26,282 - __main__ - INFO - 
[VITAL] Ejecutando CAPA_24: Integridad código SHA-256
2026-02-08 03:42:26,285 - core.security.integridad_codigo_sha256 - WARNING - [WARNING] ARCHIVO NUEVO: core/indices/formulas_indices.py
2026-02-08 03:42:26,285 - core.security.integridad_codigo_sha256 - WARNING - [WARNING] ARCHIVO NUEVO: core/indices/formulas_mejoradas.py
2026-02-08 03:42:26,286 - core.security.integridad_codigo_sha256 - WARNING - [WARNING] ARCHIVO NUEVO: core/indices/formula_validator.py
2026-02-08 03:42:26,286 - __main__ - INFO - 
[VITAL] Ejecutando CAPA_25: Sanitización datos externos
2026-02-08 03:42:26,286 - __main__ - INFO - 
[VITAL] Ejecutando CAPA_23: Monitor recursos auto-limpieza
2026-02-08 03:42:27,291 - __main__ - INFO - 
[VITAL] Ejecutando CAPA_00: Pre-auditoría fórmulas
2026-02-08 03:42:27,293 - __main__ - INFO - 
[CRITICA] Ejecutando CAPA_31: Centinela soberano
2026-02-08 03:42:27,330 - core.monitoring.centinela_soberano - INFO - [BUSCAR] Proceso encontrado: PID 1528 - C:\Program Files\Google\Chrome\Application\chrome.exe --type=renderer --origin-trial-disabled-features=CanvasTextNg|WebAssemblyCustomDescriptors --video-capture-use-gpu-memory-buffer --lang=es --device-scale-factor=1.25 --num-raster-threads=4 --enable-main-frame-before-activation --renderer-client-id=607 --time-ticks-at-unix-epoch=-1770469634628407 --launch-time-ticks=17556454088 --metrics-shmem-handle=5524,i,16815003073422464248,13870403004839315567,2097152 --field-trial-handle=1992,i,9711538400115095663,4722954813989717096,262144 --variations-seed-version=20260207-030028.264000 --trace-process-track-uuid=3190709555096273837 --mojo-platform-channel-handle=13532 /prefetch:1
2026-02-08 03:42:27,332 - __main__ - INFO - 
[CRITICA] Ejecutando CAPA_21: Degradación elegante
2026-02-08 03:42:27,333 - __main__ - INFO - 
[CRITICA] Ejecutando CAPA_22: Cortafuegos de cascada
2026-02-08 03:42:27,333 - __main__ - INFO - 
[IMPORTANTE] Ejecutando CAPA_39: MOS Clustering validator
2026-02-08 03:42:27,334 - __main__ - INFO - 
[IMPORTANTE] Ejecutando CAPA_40: Feedback Learning auditor
2026-02-08 03:42:27,335 - __main__ - INFO - 
[IMPORTANTE] Ejecutando CAPA_16_19: Validación física cruzada
2026-02-08 03:42:27,336 - __main__ - INFO - 
[OPCIONAL] Ejecutando CAPA_06_10: Análisis uso Bus
2026-02-08 03:42:27,336 - __main__ - INFO - 
[OPCIONAL] Ejecutando CAPA_11_15: Duelos automáticos
2026-02-08 03:42:27,357 - core.monitoring.formula_fusion_engine - INFO - 🧬 Motor de Fusiones de Fórmulas inicializado
2026-02-08 03:42:27,358 - meteoser.formula_duel - WARNING - [WARNING] DuelEngine: muestras insuficientes (1 < 30) para ['temperatura', 'humedad', 'viento', 'radiacion']
2026-02-08 03:42:27,359 - meteoser.formula_duel - WARNING - [WARNING] DuelEngine: muestras insuficientes (1 < 30) para ['temperatura', 'humedad', 'viento']
2026-02-08 03:42:27,359 - meteoser.formula_duel - WARNING - [WARNING] DuelEngine: muestras insuficientes (1 < 30) para ['temperatura', 'humedad', 'radiacion', 'viento']
2026-02-08 03:42:27,360 - meteoser.formula_duel - WARNING - [WARNING] DuelEngine: muestras insuficientes (1 < 30) para ['temperatura', 'humedad', 'viento', 'radiacion']
2026-02-08 03:42:27,360 - meteoser.formula_duel - WARNING - [WARNING] DuelEngine: muestras insuficientes (1 < 30) para ['temperatura_bulbo_seco', 'humedad', 'velocidad_viento_10m', 'radiacion_solar_global']
2026-02-08 03:42:27,361 - meteoser.formula_duel - WARNING - [WARNING] DuelEngine: muestras insuficientes (1 < 30) para ['temperatura_bulbo_seco', 'humedad', 'viento', 'radiacion_solar_global', 'nubosidad']
2026-02-08 03:42:27,361 - meteoser.formula_duel - WARNING - [WARNING] DuelEngine: muestras insuficientes (1 < 30) para ['temperatura_bulbo_seco', 'humedad']
2026-02-08 03:42:27,381 - meteoser.formula_duel - WARNING - [WARNING] DuelEngine: sin datos para requisitos ['altitud', 'datetime', 'latitud', 'longitud', 'uso_horario']
2026-02-08 03:42:27,383 - __main__ - WARNING - [REINTENTO] capa_11_15 fallo, reintento 1/1
2026-02-08 03:42:27,399 - core.monitoring.formula_fusion_engine - INFO - 🧬 Motor de Fusiones de Fórmulas inicializado
2026-02-08 03:42:27,400 - meteoser.formula_duel - WARNING - [WARNING] DuelEngine: muestras insuficientes (1 < 30) para ['temperatura', 'humedad', 'viento', 'radiacion']
2026-02-08 03:42:27,401 - meteoser.formula_duel - WARNING - [WARNING] DuelEngine: muestras insuficientes (1 < 30) para ['temperatura', 'humedad', 'viento']
2026-02-08 03:42:27,401 - meteoser.formula_duel - WARNING - [WARNING] DuelEngine: muestras insuficientes (1 < 30) para ['temperatura', 'humedad', 'radiacion', 'viento']
2026-02-08 03:42:27,401 - meteoser.formula_duel - WARNING - [WARNING] DuelEngine: muestras insuficientes (1 < 30) para ['temperatura', 'humedad', 'viento', 'radiacion']
2026-02-08 03:42:27,402 - meteoser.formula_duel - WARNING - [WARNING] DuelEngine: muestras insuficientes (1 < 30) para ['temperatura_bulbo_seco', 'humedad', 'velocidad_viento_10m', 'radiacion_solar_global']
2026-02-08 03:42:27,402 - meteoser.formula_duel - WARNING - [WARNING] DuelEngine: muestras insuficientes (1 < 30) para ['temperatura_bulbo_seco', 'humedad', 'viento', 'radiacion_solar_global', 'nubosidad']
2026-02-08 03:42:27,403 - meteoser.formula_duel - WARNING - [WARNING] DuelEngine: muestras insuficientes (1 < 30) para ['temperatura_bulbo_seco', 'humedad']
2026-02-08 03:42:27,405 - meteoser.formula_duel - WARNING - [WARNING] DuelEngine: sin datos para requisitos ['altitud', 'datetime', 'latitud', 'longitud', 'uso_horario']
2026-02-08 03:42:27,407 - __main__ - INFO - [OPCIONAL] Capa capa_11_15 fallo - no afecta operacion
2026-02-08 03:42:27,407 - __main__ - INFO - 
[OPCIONAL] Ejecutando CAPA_26: Post-duelo validación estadística
2026-02-08 03:42:27,552 - __main__ - INFO - 
[OPCIONAL] Ejecutando CAPA_27: Post-duelo comparación histórica
2026-02-08 03:42:27,552 - __main__ - INFO - 
[OPCIONAL] Ejecutando CAPA_28: Post-duelo auditoría de dependencias
2026-02-08 03:42:27,553 - __main__ - INFO - 
[OPCIONAL] Ejecutando CAPA_29: Post-duelo validación física
2026-02-08 03:42:27,553 - __main__ - INFO - 
[OPCIONAL] Ejecutando CAPA_30: Post-duelo validación lógica
2026-02-08 03:42:27,555 - __main__ - INFO - [BUSCAR] Auditando fórmulas degradadas...
2026-02-08 03:42:27,555 - __main__ - INFO - [OK] Fórmula OK: formulas_indices.py
2026-02-08 03:42:27,555 - __main__ - INFO - [OK] Fórmula OK: formulas_mejoradas.py
2026-02-08 03:42:27,556 - __main__ - INFO - [OK] Fórmula OK: formula_validator.py
2026-02-08 03:42:27,556 - __main__ - INFO - [OK] Auditoría de fórmulas completada: 3 OK, 0 degradadas, 0 faltantes
2026-02-08 03:44:33,331 - root - INFO - [LOGGING] Sistema configurado: archivo UTF-8 + consola activa
2026-02-08 03:44:33,446 - core.monitoring.cortafuegos_cascada - INFO - [GUARDIAN] Cortafuegos de Cascada inicializado
2026-02-08 03:44:33,447 - core.monitoring.monitor_recursos_auto_limpieza - INFO - [GUARDIAN] Monitor de Recursos y Auto-Limpieza inicializado
2026-02-08 03:44:33,448 - core.security.integridad_codigo_sha256 - INFO - [GUARDIAN] Integridad SHA-256 (Sello de Oro) inicializada
2026-02-08 03:44:33,449 - core.security.sanitizacion_datos_externos - INFO - [GUARDIAN] Sanitización de Datos Externos (Higiene Meteorológica) inicializada
2026-02-08 03:44:33,449 - core.monitoring.centinela_soberano - INFO - [GUARDIAN] CENTINELA SOBERANO INICIADO
2026-02-08 03:44:33,449 - core.monitoring.centinela_soberano - INFO -    Heartbeat: data\bus_heartbeat.json
2026-02-08 03:44:33,450 - core.monitoring.centinela_soberano - INFO -    Timeout: 10.0s
2026-02-08 03:44:33,450 - core.monitoring.centinela_soberano - INFO -    Verificación cada: 2.0s
2026-02-08 03:44:33,450 - core.validation.mos_clustering_validator - INFO - [OK] MOSClusteringValidator inicializado
2026-02-08 03:44:33,451 - core.learning.feedback_learning_auditor - INFO - [OK] FeedbackLearningAuditor inicializado
2026-02-08 03:44:33,451 - __main__ - INFO - [GUARDIAN] 25 Capas V47.5 PATRULLA SOBERANA inicializado
2026-02-08 03:44:33,452 - __main__ - INFO - [AUDITORIA] Iniciando auditoria completa de 25 capas (ORDEN POR RESTRICCION)...
2026-02-08 03:44:33,452 - __main__ - INFO - 
[VITAL] Ejecutando CAPA_24: Integridad código SHA-256
2026-02-08 03:44:33,456 - core.security.integridad_codigo_sha256 - WARNING - [WARNING] ARCHIVO NUEVO: core/indices/formulas_indices.py
2026-02-08 03:44:33,457 - core.security.integridad_codigo_sha256 - WARNING - [WARNING] ARCHIVO NUEVO: core/indices/formulas_mejoradas.py
2026-02-08 03:44:33,457 - core.security.integridad_codigo_sha256 - WARNING - [WARNING] ARCHIVO NUEVO: core/indices/formula_validator.py
2026-02-08 03:44:33,457 - __main__ - INFO - 
[VITAL] Ejecutando CAPA_25: Sanitización datos externos
2026-02-08 03:44:33,458 - __main__ - INFO - 
[VITAL] Ejecutando CAPA_23: Monitor recursos auto-limpieza
2026-02-08 03:44:34,463 - __main__ - INFO - 
[VITAL] Ejecutando CAPA_00: Pre-auditoría fórmulas
2026-02-08 03:44:34,464 - __main__ - INFO - 
[CRITICA] Ejecutando CAPA_31: Centinela soberano
2026-02-08 03:44:34,486 - core.monitoring.centinela_soberano - INFO - [BUSCAR] Proceso encontrado: PID 1528 - C:\Program Files\Google\Chrome\Application\chrome.exe --type=renderer --origin-trial-disabled-features=CanvasTextNg|WebAssemblyCustomDescriptors --video-capture-use-gpu-memory-buffer --lang=es --device-scale-factor=1.25 --num-raster-threads=4 --enable-main-frame-before-activation --renderer-client-id=607 --time-ticks-at-unix-epoch=-1770469634628407 --launch-time-ticks=17556454088 --metrics-shmem-handle=5524,i,16815003073422464248,13870403004839315567,2097152 --field-trial-handle=1992,i,9711538400115095663,4722954813989717096,262144 --variations-seed-version=20260207-030028.264000 --trace-process-track-uuid=3190709555096273837 --mojo-platform-channel-handle=13532 /prefetch:1
2026-02-08 03:44:34,487 - __main__ - INFO - 
[CRITICA] Ejecutando CAPA_21: Degradación elegante
2026-02-08 03:44:34,487 - __main__ - INFO - 
[CRITICA] Ejecutando CAPA_22: Cortafuegos de cascada
2026-02-08 03:44:34,488 - __main__ - INFO - 
[IMPORTANTE] Ejecutando CAPA_39: MOS Clustering validator
2026-02-08 03:44:34,489 - __main__ - INFO - 
[IMPORTANTE] Ejecutando CAPA_40: Feedback Learning auditor
2026-02-08 03:44:34,489 - __main__ - INFO - 
[IMPORTANTE] Ejecutando CAPA_16_19: Validación física cruzada
2026-02-08 03:44:34,490 - __main__ - INFO - 
[OPCIONAL] Ejecutando CAPA_06_10: Análisis uso Bus
2026-02-08 03:44:34,490 - __main__ - INFO - 
[OPCIONAL] Ejecutando CAPA_11_15: Duelos automáticos
2026-02-08 03:44:34,517 - core.monitoring.formula_fusion_engine - INFO - 🧬 Motor de Fusiones de Fórmulas inicializado
2026-02-08 03:44:34,519 - meteoser.formula_duel - WARNING - [WARNING] DuelEngine: muestras insuficientes (1 < 30) para ['temperatura', 'humedad', 'viento', 'radiacion']
2026-02-08 03:44:34,519 - meteoser.formula_duel - WARNING - [WARNING] DuelEngine: muestras insuficientes (1 < 30) para ['temperatura', 'humedad', 'viento']
2026-02-08 03:44:34,519 - meteoser.formula_duel - WARNING - [WARNING] DuelEngine: muestras insuficientes (1 < 30) para ['temperatura', 'humedad', 'radiacion', 'viento']
2026-02-08 03:44:34,520 - meteoser.formula_duel - WARNING - [WARNING] DuelEngine: muestras insuficientes (1 < 30) para ['temperatura', 'humedad', 'viento', 'radiacion']
2026-02-08 03:44:34,520 - meteoser.formula_duel - WARNING - [WARNING] DuelEngine: muestras insuficientes (1 < 30) para ['temperatura_bulbo_seco', 'humedad', 'velocidad_viento_10m', 'radiacion_solar_global']
2026-02-08 03:44:34,521 - meteoser.formula_duel - WARNING - [WARNING] DuelEngine: muestras insuficientes (1 < 30) para ['temperatura_bulbo_seco', 'humedad', 'viento', 'radiacion_solar_global', 'nubosidad']
2026-02-08 03:44:34,521 - meteoser.formula_duel - WARNING - [WARNING] DuelEngine: muestras insuficientes (1 < 30) para ['temperatura_bulbo_seco', 'humedad']
2026-02-08 03:44:34,542 - meteoser.formula_duel - WARNING - [WARNING] DuelEngine: sin datos para requisitos ['altitud', 'datetime', 'latitud', 'longitud', 'uso_horario']
2026-02-08 03:44:34,544 - __main__ - WARNING - [REINTENTO] capa_11_15 fallo, reintento 1/1
2026-02-08 03:44:34,558 - core.monitoring.formula_fusion_engine - INFO - 🧬 Motor de Fusiones de Fórmulas inicializado
2026-02-08 03:44:34,559 - meteoser.formula_duel - WARNING - [WARNING] DuelEngine: muestras insuficientes (1 < 30) para ['temperatura', 'humedad', 'viento', 'radiacion']
2026-02-08 03:44:34,559 - meteoser.formula_duel - WARNING - [WARNING] DuelEngine: muestras insuficientes (1 < 30) para ['temperatura', 'humedad', 'viento']
2026-02-08 03:44:34,560 - meteoser.formula_duel - WARNING - [WARNING] DuelEngine: muestras insuficientes (1 < 30) para ['temperatura', 'humedad', 'radiacion', 'viento']
2026-02-08 03:44:34,560 - meteoser.formula_duel - WARNING - [WARNING] DuelEngine: muestras insuficientes (1 < 30) para ['temperatura', 'humedad', 'viento', 'radiacion']
2026-02-08 03:44:34,560 - meteoser.formula_duel - WARNING - [WARNING] DuelEngine: muestras insuficientes (1 < 30) para ['temperatura_bulbo_seco', 'humedad', 'velocidad_viento_10m', 'radiacion_solar_global']
2026-02-08 03:44:34,561 - meteoser.formula_duel - WARNING - [WARNING] DuelEngine: muestras insuficientes (1 < 30) para ['temperatura_bulbo_seco', 'humedad', 'viento', 'radiacion_solar_global', 'nubosidad']
2026-02-08 03:44:34,561 - meteoser.formula_duel - WARNING - [WARNING] DuelEngine: muestras insuficientes (1 < 30) para ['temperatura_bulbo_seco', 'humedad']
2026-02-08 03:44:34,565 - meteoser.formula_duel - WARNING - [WARNING] DuelEngine: sin datos para requisitos ['altitud', 'datetime', 'latitud', 'longitud', 'uso_horario']
2026-02-08 03:44:34,567 - __main__ - INFO - [OPCIONAL] Capa capa_11_15 fallo - no afecta operacion
2026-02-08 03:44:34,567 - __main__ - INFO - 
[OPCIONAL] Ejecutando CAPA_26: Post-duelo validación estadística
2026-02-08 03:44:34,680 - __main__ - INFO - 
[OPCIONAL] Ejecutando CAPA_27: Post-duelo comparación histórica
2026-02-08 03:44:34,681 - __main__ - INFO - 
[OPCIONAL] Ejecutando CAPA_28: Post-duelo auditoría de dependencias
2026-02-08 03:44:34,681 - __main__ - INFO - 
[OPCIONAL] Ejecutando CAPA_29: Post-duelo validación física
2026-02-08 03:44:34,681 - __main__ - INFO - 
[OPCIONAL] Ejecutando CAPA_30: Post-duelo validación lógica
2026-02-08 03:44:34,682 - __main__ - ERROR - [ERROR] ejecutar_auditoria_completa devolvió None; creando informe de fallback
2026-02-08 03:44:34,683 - __main__ - INFO - [BUSCAR] Auditando fórmulas degradadas...
2026-02-08 03:44:34,683 - __main__ - INFO - [OK] Fórmula OK: formulas_indices.py
2026-02-08 03:44:34,684 - __main__ - INFO - [OK] Fórmula OK: formulas_mejoradas.py
2026-02-08 03:44:34,684 - __main__ - INFO - [OK] Fórmula OK: formula_validator.py
2026-02-08 03:44:34,684 - __main__ - INFO - [OK] Auditoría de fórmulas completada: 3 OK, 0 degradadas, 0 faltantes
2026-02-08 03:45:20,911 - root - INFO - [LOGGING] Sistema configurado: archivo UTF-8 + consola activa
2026-02-08 03:45:21,022 - core.monitoring.cortafuegos_cascada - INFO - [GUARDIAN] Cortafuegos de Cascada inicializado
2026-02-08 03:45:21,024 - core.monitoring.monitor_recursos_auto_limpieza - INFO - [GUARDIAN] Monitor de Recursos y Auto-Limpieza inicializado
2026-02-08 03:45:21,025 - core.security.integridad_codigo_sha256 - INFO - [GUARDIAN] Integridad SHA-256 (Sello de Oro) inicializada
2026-02-08 03:45:21,025 - core.security.sanitizacion_datos_externos - INFO - [GUARDIAN] Sanitización de Datos Externos (Higiene Meteorológica) inicializada
2026-02-08 03:45:21,026 - core.monitoring.centinela_soberano - INFO - [GUARDIAN] CENTINELA SOBERANO INICIADO
2026-02-08 03:45:21,026 - core.monitoring.centinela_soberano - INFO -    Heartbeat: data\bus_heartbeat.json
2026-02-08 03:45:21,026 - core.monitoring.centinela_soberano - INFO -    Timeout: 10.0s
2026-02-08 03:45:21,026 - core.monitoring.centinela_soberano - INFO -    Verificación cada: 2.0s
2026-02-08 03:45:21,027 - core.validation.mos_clustering_validator - INFO - [OK] MOSClusteringValidator inicializado
2026-02-08 03:45:21,027 - core.learning.feedback_learning_auditor - INFO - [OK] FeedbackLearningAuditor inicializado
2026-02-08 03:45:21,028 - __main__ - INFO - [GUARDIAN] 25 Capas V47.5 PATRULLA SOBERANA inicializado
2026-02-08 03:45:21,028 - __main__ - INFO - [AUDITORIA] Iniciando auditoria completa de 25 capas (ORDEN POR RESTRICCION)...
2026-02-08 03:45:21,029 - __main__ - INFO - 
[VITAL] Ejecutando CAPA_24: Integridad código SHA-256
2026-02-08 03:45:21,032 - core.security.integridad_codigo_sha256 - WARNING - [WARNING] ARCHIVO NUEVO: core/indices/formulas_indices.py
2026-02-08 03:45:21,032 - core.security.integridad_codigo_sha256 - WARNING - [WARNING] ARCHIVO NUEVO: core/indices/formulas_mejoradas.py
2026-02-08 03:45:21,032 - core.security.integridad_codigo_sha256 - WARNING - [WARNING] ARCHIVO NUEVO: core/indices/formula_validator.py
2026-02-08 03:45:21,033 - __main__ - INFO - 
[VITAL] Ejecutando CAPA_25: Sanitización datos externos
2026-02-08 03:45:21,033 - __main__ - INFO - 
[VITAL] Ejecutando CAPA_23: Monitor recursos auto-limpieza
2026-02-08 03:45:22,035 - __main__ - INFO - 
[VITAL] Ejecutando CAPA_00: Pre-auditoría fórmulas
2026-02-08 03:45:22,036 - __main__ - INFO - 
[CRITICA] Ejecutando CAPA_31: Centinela soberano
2026-02-08 03:45:22,048 - core.monitoring.centinela_soberano - INFO - [BUSCAR] Proceso encontrado: PID 1528 - C:\Program Files\Google\Chrome\Application\chrome.exe --type=renderer --origin-trial-disabled-features=CanvasTextNg|WebAssemblyCustomDescriptors --video-capture-use-gpu-memory-buffer --lang=es --device-scale-factor=1.25 --num-raster-threads=4 --enable-main-frame-before-activation --renderer-client-id=607 --time-ticks-at-unix-epoch=-1770469634628407 --launch-time-ticks=17556454088 --metrics-shmem-handle=5524,i,16815003073422464248,13870403004839315567,2097152 --field-trial-handle=1992,i,9711538400115095663,4722954813989717096,262144 --variations-seed-version=20260207-030028.264000 --trace-process-track-uuid=3190709555096273837 --mojo-platform-channel-handle=13532 /prefetch:1
2026-02-08 03:45:22,048 - __main__ - INFO - 
[CRITICA] Ejecutando CAPA_21: Degradación elegante
2026-02-08 03:45:22,049 - __main__ - INFO - 
[CRITICA] Ejecutando CAPA_22: Cortafuegos de cascada
2026-02-08 03:45:22,049 - __main__ - INFO - 
[IMPORTANTE] Ejecutando CAPA_39: MOS Clustering validator
2026-02-08 03:45:22,049 - __main__ - INFO - 
[IMPORTANTE] Ejecutando CAPA_40: Feedback Learning auditor
2026-02-08 03:45:22,050 - __main__ - INFO - 
[IMPORTANTE] Ejecutando CAPA_16_19: Validación física cruzada
2026-02-08 03:45:22,050 - __main__ - INFO - 
[OPCIONAL] Ejecutando CAPA_06_10: Análisis uso Bus
2026-02-08 03:45:22,050 - __main__ - INFO - 
[OPCIONAL] Ejecutando CAPA_11_15: Duelos automáticos
2026-02-08 03:45:22,074 - core.monitoring.formula_fusion_engine - INFO - 🧬 Motor de Fusiones de Fórmulas inicializado
2026-02-08 03:45:22,076 - meteoser.formula_duel - WARNING - [WARNING] DuelEngine: muestras insuficientes (1 < 30) para ['temperatura', 'humedad', 'viento', 'radiacion']
2026-02-08 03:45:22,076 - meteoser.formula_duel - WARNING - [WARNING] DuelEngine: muestras insuficientes (1 < 30) para ['temperatura', 'humedad', 'viento']
2026-02-08 03:45:22,076 - meteoser.formula_duel - WARNING - [WARNING] DuelEngine: muestras insuficientes (1 < 30) para ['temperatura', 'humedad', 'radiacion', 'viento']
2026-02-08 03:45:22,077 - meteoser.formula_duel - WARNING - [WARNING] DuelEngine: muestras insuficientes (1 < 30) para ['temperatura', 'humedad', 'viento', 'radiacion']
2026-02-08 03:45:22,077 - meteoser.formula_duel - WARNING - [WARNING] DuelEngine: muestras insuficientes (1 < 30) para ['temperatura_bulbo_seco', 'humedad', 'velocidad_viento_10m', 'radiacion_solar_global']
2026-02-08 03:45:22,078 - meteoser.formula_duel - WARNING - [WARNING] DuelEngine: muestras insuficientes (1 < 30) para ['temperatura_bulbo_seco', 'humedad', 'viento', 'radiacion_solar_global', 'nubosidad']
2026-02-08 03:45:22,078 - meteoser.formula_duel - WARNING - [WARNING] DuelEngine: muestras insuficientes (1 < 30) para ['temperatura_bulbo_seco', 'humedad']
2026-02-08 03:45:22,101 - meteoser.formula_duel - WARNING - [WARNING] DuelEngine: sin datos para requisitos ['altitud', 'datetime', 'latitud', 'longitud', 'uso_horario']
2026-02-08 03:45:22,104 - __main__ - WARNING - [REINTENTO] capa_11_15 fallo, reintento 1/1
2026-02-08 03:45:22,117 - core.monitoring.formula_fusion_engine - INFO - 🧬 Motor de Fusiones de Fórmulas inicializado
2026-02-08 03:45:22,118 - meteoser.formula_duel - WARNING - [WARNING] DuelEngine: muestras insuficientes (1 < 30) para ['temperatura', 'humedad', 'viento', 'radiacion']
2026-02-08 03:45:22,119 - meteoser.formula_duel - WARNING - [WARNING] DuelEngine: muestras insuficientes (1 < 30) para ['temperatura', 'humedad', 'viento']
2026-02-08 03:45:22,119 - meteoser.formula_duel - WARNING - [WARNING] DuelEngine: muestras insuficientes (1 < 30) para ['temperatura', 'humedad', 'radiacion', 'viento']
2026-02-08 03:45:22,120 - meteoser.formula_duel - WARNING - [WARNING] DuelEngine: muestras insuficientes (1 < 30) para ['temperatura', 'humedad', 'viento', 'radiacion']
2026-02-08 03:45:22,120 - meteoser.formula_duel - WARNING - [WARNING] DuelEngine: muestras insuficientes (1 < 30) para ['temperatura_bulbo_seco', 'humedad', 'velocidad_viento_10m', 'radiacion_solar_global']
2026-02-08 03:45:22,121 - meteoser.formula_duel - WARNING - [WARNING] DuelEngine: muestras insuficientes (1 < 30) para ['temperatura_bulbo_seco', 'humedad', 'viento', 'radiacion_solar_global', 'nubosidad']
2026-02-08 03:45:22,121 - meteoser.formula_duel - WARNING - [WARNING] DuelEngine: muestras insuficientes (1 < 30) para ['temperatura_bulbo_seco', 'humedad']
2026-02-08 03:45:22,123 - meteoser.formula_duel - WARNING - [WARNING] DuelEngine: sin datos para requisitos ['altitud', 'datetime', 'latitud', 'longitud', 'uso_horario']
2026-02-08 03:45:22,125 - __main__ - INFO - [OPCIONAL] Capa capa_11_15 fallo - no afecta operacion
2026-02-08 03:45:22,125 - __main__ - INFO - 
[OPCIONAL] Ejecutando CAPA_26: Post-duelo validación estadística
2026-02-08 03:45:22,232 - __main__ - INFO - 
[OPCIONAL] Ejecutando CAPA_27: Post-duelo comparación histórica
2026-02-08 03:45:22,232 - __main__ - INFO - 
[OPCIONAL] Ejecutando CAPA_28: Post-duelo auditoría de dependencias
2026-02-08 03:45:22,233 - __main__ - INFO - 
[OPCIONAL] Ejecutando CAPA_29: Post-duelo validación física
2026-02-08 03:45:22,233 - __main__ - INFO - 
[OPCIONAL] Ejecutando CAPA_30: Post-duelo validación lógica
2026-02-08 03:45:22,233 - __main__ - ERROR - [ERROR] ejecutar_auditoria_completa devolvió None; creando informe de fallback
2026-02-08 03:45:22,234 - __main__ - INFO - [BUSCAR] Auditando fórmulas degradadas...
2026-02-08 03:45:22,235 - __main__ - INFO - [OK] Fórmula OK: formulas_indices.py
2026-02-08 03:45:22,235 - __main__ - INFO - [OK] Fórmula OK: formulas_mejoradas.py
2026-02-08 03:45:22,235 - __main__ - INFO - [OK] Fórmula OK: formula_validator.py
2026-02-08 03:45:22,235 - __main__ - INFO - [OK] Auditoría de fórmulas completada: 3 OK, 0 degradadas, 0 faltantes
2026-02-08 03:46:31,973 - root - INFO - [LOGGING] Sistema configurado: archivo UTF-8 + consola activa
2026-02-08 03:46:32,085 - core.monitoring.cortafuegos_cascada - INFO - [GUARDIAN] Cortafuegos de Cascada inicializado
2026-02-08 03:46:32,085 - core.monitoring.monitor_recursos_auto_limpieza - INFO - [GUARDIAN] Monitor de Recursos y Auto-Limpieza inicializado
2026-02-08 03:46:32,086 - core.security.integridad_codigo_sha256 - INFO - [GUARDIAN] Integridad SHA-256 (Sello de Oro) inicializada
2026-02-08 03:46:32,086 - core.security.sanitizacion_datos_externos - INFO - [GUARDIAN] Sanitización de Datos Externos (Higiene Meteorológica) inicializada
2026-02-08 03:46:32,087 - core.monitoring.centinela_soberano - INFO - [GUARDIAN] CENTINELA SOBERANO INICIADO
2026-02-08 03:46:32,087 - core.monitoring.centinela_soberano - INFO -    Heartbeat: data\bus_heartbeat.json
2026-02-08 03:46:32,087 - core.monitoring.centinela_soberano - INFO -    Timeout: 10.0s
2026-02-08 03:46:32,087 - core.monitoring.centinela_soberano - INFO -    Verificación cada: 2.0s
2026-02-08 03:46:32,088 - core.validation.mos_clustering_validator - INFO - [OK] MOSClusteringValidator inicializado
2026-02-08 03:46:32,088 - core.learning.feedback_learning_auditor - INFO - [OK] FeedbackLearningAuditor inicializado
2026-02-08 03:46:32,089 - __main__ - INFO - [GUARDIAN] 25 Capas V47.5 PATRULLA SOBERANA inicializado
2026-02-08 03:46:32,089 - __main__ - INFO - [AUDITORIA] Iniciando auditoria completa de 25 capas (ORDEN POR RESTRICCION)...
2026-02-08 03:46:32,090 - __main__ - INFO - 
[VITAL] Ejecutando CAPA_24: Integridad código SHA-256
2026-02-08 03:46:32,093 - core.security.integridad_codigo_sha256 - WARNING - [WARNING] ARCHIVO NUEVO: core/indices/formulas_indices.py
2026-02-08 03:46:32,093 - core.security.integridad_codigo_sha256 - WARNING - [WARNING] ARCHIVO NUEVO: core/indices/formulas_mejoradas.py
2026-02-08 03:46:32,093 - core.security.integridad_codigo_sha256 - WARNING - [WARNING] ARCHIVO NUEVO: core/indices/formula_validator.py
2026-02-08 03:46:32,094 - __main__ - INFO - 
[VITAL] Ejecutando CAPA_25: Sanitización datos externos
2026-02-08 03:46:32,094 - __main__ - INFO - 
[VITAL] Ejecutando CAPA_23: Monitor recursos auto-limpieza
2026-02-08 03:46:33,102 - __main__ - INFO - 
[VITAL] Ejecutando CAPA_00: Pre-auditoría fórmulas
2026-02-08 03:46:33,105 - __main__ - INFO - 
[CRITICA] Ejecutando CAPA_31: Centinela soberano
2026-02-08 03:46:33,144 - core.monitoring.centinela_soberano - INFO - [BUSCAR] Proceso encontrado: PID 1528 - C:\Program Files\Google\Chrome\Application\chrome.exe --type=renderer --origin-trial-disabled-features=CanvasTextNg|WebAssemblyCustomDescriptors --video-capture-use-gpu-memory-buffer --lang=es --device-scale-factor=1.25 --num-raster-threads=4 --enable-main-frame-before-activation --renderer-client-id=607 --time-ticks-at-unix-epoch=-1770469634628407 --launch-time-ticks=17556454088 --metrics-shmem-handle=5524,i,16815003073422464248,13870403004839315567,2097152 --field-trial-handle=1992,i,9711538400115095663,4722954813989717096,262144 --variations-seed-version=20260207-030028.264000 --trace-process-track-uuid=3190709555096273837 --mojo-platform-channel-handle=13532 /prefetch:1
2026-02-08 03:46:33,146 - __main__ - INFO - 
[CRITICA] Ejecutando CAPA_21: Degradación elegante
2026-02-08 03:46:33,148 - __main__ - INFO - 
[CRITICA] Ejecutando CAPA_22: Cortafuegos de cascada
2026-02-08 03:46:33,151 - __main__ - INFO - 
[IMPORTANTE] Ejecutando CAPA_39: MOS Clustering validator
2026-02-08 03:46:33,153 - __main__ - INFO - 
[IMPORTANTE] Ejecutando CAPA_40: Feedback Learning auditor
2026-02-08 03:46:33,155 - __main__ - INFO - 
[IMPORTANTE] Ejecutando CAPA_16_19: Validación física cruzada
2026-02-08 03:46:33,156 - __main__ - INFO - 
[OPCIONAL] Ejecutando CAPA_06_10: Análisis uso Bus
2026-02-08 03:46:33,157 - __main__ - INFO - 
[OPCIONAL] Ejecutando CAPA_11_15: Duelos automáticos
2026-02-08 03:46:33,190 - core.monitoring.formula_fusion_engine - INFO - 🧬 Motor de Fusiones de Fórmulas inicializado
2026-02-08 03:46:33,192 - meteoser.formula_duel - WARNING - [WARNING] DuelEngine: muestras insuficientes (1 < 30) para ['temperatura', 'humedad', 'viento', 'radiacion']
2026-02-08 03:46:33,192 - meteoser.formula_duel - WARNING - [WARNING] DuelEngine: muestras insuficientes (1 < 30) para ['temperatura', 'humedad', 'viento']
2026-02-08 03:46:33,192 - meteoser.formula_duel - WARNING - [WARNING] DuelEngine: muestras insuficientes (1 < 30) para ['temperatura', 'humedad', 'radiacion', 'viento']
2026-02-08 03:46:33,193 - meteoser.formula_duel - WARNING - [WARNING] DuelEngine: muestras insuficientes (1 < 30) para ['temperatura', 'humedad', 'viento', 'radiacion']
2026-02-08 03:46:33,193 - meteoser.formula_duel - WARNING - [WARNING] DuelEngine: muestras insuficientes (1 < 30) para ['temperatura_bulbo_seco', 'humedad', 'velocidad_viento_10m', 'radiacion_solar_global']
2026-02-08 03:46:33,194 - meteoser.formula_duel - WARNING - [WARNING] DuelEngine: muestras insuficientes (1 < 30) para ['temperatura_bulbo_seco', 'humedad', 'viento', 'radiacion_solar_global', 'nubosidad']
2026-02-08 03:46:33,194 - meteoser.formula_duel - WARNING - [WARNING] DuelEngine: muestras insuficientes (1 < 30) para ['temperatura_bulbo_seco', 'humedad']
2026-02-08 03:46:33,216 - meteoser.formula_duel - WARNING - [WARNING] DuelEngine: sin datos para requisitos ['altitud', 'datetime', 'latitud', 'longitud', 'uso_horario']
2026-02-08 03:46:33,218 - __main__ - WARNING - [REINTENTO] capa_11_15 fallo, reintento 1/1
2026-02-08 03:46:33,232 - core.monitoring.formula_fusion_engine - INFO - 🧬 Motor de Fusiones de Fórmulas inicializado
2026-02-08 03:46:33,233 - meteoser.formula_duel - WARNING - [WARNING] DuelEngine: muestras insuficientes (1 < 30) para ['temperatura', 'humedad', 'viento', 'radiacion']
2026-02-08 03:46:33,233 - meteoser.formula_duel - WARNING - [WARNING] DuelEngine: muestras insuficientes (1 < 30) para ['temperatura', 'humedad', 'viento']
2026-02-08 03:46:33,233 - meteoser.formula_duel - WARNING - [WARNING] DuelEngine: muestras insuficientes (1 < 30) para ['temperatura', 'humedad', 'radiacion', 'viento']
2026-02-08 03:46:33,234 - meteoser.formula_duel - WARNING - [WARNING] DuelEngine: muestras insuficientes (1 < 30) para ['temperatura', 'humedad', 'viento', 'radiacion']
2026-02-08 03:46:33,234 - meteoser.formula_duel - WARNING - [WARNING] DuelEngine: muestras insuficientes (1 < 30) para ['temperatura_bulbo_seco', 'humedad', 'velocidad_viento_10m', 'radiacion_solar_global']
2026-02-08 03:46:33,234 - meteoser.formula_duel - WARNING - [WARNING] DuelEngine: muestras insuficientes (1 < 30) para ['temperatura_bulbo_seco', 'humedad', 'viento', 'radiacion_solar_global', 'nubosidad']
2026-02-08 03:46:33,235 - meteoser.formula_duel - WARNING - [WARNING] DuelEngine: muestras insuficientes (1 < 30) para ['temperatura_bulbo_seco', 'humedad']
2026-02-08 03:46:33,237 - meteoser.formula_duel - WARNING - [WARNING] DuelEngine: sin datos para requisitos ['altitud', 'datetime', 'latitud', 'longitud', 'uso_horario']
2026-02-08 03:46:33,238 - __main__ - INFO - [OPCIONAL] Capa capa_11_15 fallo - no afecta operacion
2026-02-08 03:46:33,238 - __main__ - INFO - 
[OPCIONAL] Ejecutando CAPA_26: Post-duelo validación estadística
2026-02-08 03:46:33,357 - __main__ - INFO - 
[OPCIONAL] Ejecutando CAPA_27: Post-duelo comparación histórica
2026-02-08 03:46:33,357 - __main__ - INFO - 
[OPCIONAL] Ejecutando CAPA_28: Post-duelo auditoría de dependencias
2026-02-08 03:46:33,358 - __main__ - INFO - 
[OPCIONAL] Ejecutando CAPA_29: Post-duelo validación física
2026-02-08 03:46:33,358 - __main__ - INFO - 
[OPCIONAL] Ejecutando CAPA_30: Post-duelo validación lógica
2026-02-08 03:46:33,359 - __main__ - INFO - [OK] Auditoría completa finalizada: OK
2026-02-08 03:46:33,361 - __main__ - INFO - [BUSCAR] Auditando fórmulas degradadas...
2026-02-08 03:46:33,361 - __main__ - INFO - [OK] Fórmula OK: formulas_indices.py
2026-02-08 03:46:33,362 - __main__ - INFO - [OK] Fórmula OK: formulas_mejoradas.py
2026-02-08 03:46:33,362 - __main__ - INFO - [OK] Fórmula OK: formula_validator.py
2026-02-08 03:46:33,362 - __main__ - INFO - [OK] Auditoría de fórmulas completada: 3 OK, 0 degradadas, 0 faltantes
2026-02-08 03:49:02,981 - root - INFO - [LOGGING] Sistema configurado: archivo UTF-8 + consola activa
2026-02-08 03:49:16,440 - root - INFO - [LOGGING] Sistema configurado: archivo UTF-8 + consola activa
2026-02-08 03:49:24,755 - root - INFO - [LOGGING] Sistema configurado: archivo UTF-8 + consola activa
2026-02-08 03:49:24,895 - core.monitoring.cortafuegos_cascada - INFO - [GUARDIAN] Cortafuegos de Cascada inicializado
2026-02-08 03:49:24,896 - core.monitoring.monitor_recursos_auto_limpieza - INFO - [GUARDIAN] Monitor de Recursos y Auto-Limpieza inicializado
2026-02-08 03:49:24,897 - core.security.integridad_codigo_sha256 - INFO - [GUARDIAN] Integridad SHA-256 (Sello de Oro) inicializada
2026-02-08 03:49:24,897 - core.security.sanitizacion_datos_externos - INFO - [GUARDIAN] Sanitización de Datos Externos (Higiene Meteorológica) inicializada
2026-02-08 03:49:24,897 - core.monitoring.centinela_soberano - INFO - [GUARDIAN] CENTINELA SOBERANO INICIADO
2026-02-08 03:49:24,898 - core.monitoring.centinela_soberano - INFO -    Heartbeat: data\bus_heartbeat.json
2026-02-08 03:49:24,898 - core.monitoring.centinela_soberano - INFO -    Timeout: 10.0s
2026-02-08 03:49:24,898 - core.monitoring.centinela_soberano - INFO -    Verificación cada: 2.0s
2026-02-08 03:49:24,899 - core.validation.mos_clustering_validator - INFO - [OK] MOSClusteringValidator inicializado
2026-02-08 03:49:24,899 - core.learning.feedback_learning_auditor - INFO - [OK] FeedbackLearningAuditor inicializado
2026-02-08 03:49:24,900 - __main__ - INFO - [GUARDIAN] 25 Capas V47.5 PATRULLA SOBERANA inicializado
2026-02-08 03:49:24,900 - __main__ - INFO - [AUDITORIA] Iniciando auditoria completa de 25 capas (ORDEN POR RESTRICCION)...
2026-02-08 03:49:24,900 - __main__ - INFO - 
[VITAL] Ejecutando CAPA_24: Integridad código SHA-256
2026-02-08 03:49:24,903 - core.security.integridad_codigo_sha256 - WARNING - [WARNING] ARCHIVO NUEVO: core/indices/formulas_indices.py
2026-02-08 03:49:24,904 - core.security.integridad_codigo_sha256 - WARNING - [WARNING] ARCHIVO NUEVO: core/indices/formulas_mejoradas.py
2026-02-08 03:49:24,904 - core.security.integridad_codigo_sha256 - WARNING - [WARNING] ARCHIVO NUEVO: core/indices/formula_validator.py
2026-02-08 03:49:24,905 - __main__ - INFO - 
[VITAL] Ejecutando CAPA_25: Sanitización datos externos
2026-02-08 03:49:24,905 - __main__ - INFO - 
[VITAL] Ejecutando CAPA_23: Monitor recursos auto-limpieza
2026-02-08 03:49:25,907 - __main__ - INFO - 
[VITAL] Ejecutando CAPA_00: Pre-auditoría fórmulas
2026-02-08 03:49:25,907 - __main__ - INFO - 
[CRITICA] Ejecutando CAPA_31: Centinela soberano
2026-02-08 03:49:25,917 - core.monitoring.centinela_soberano - INFO - [BUSCAR] Proceso encontrado: PID 1528 - C:\Program Files\Google\Chrome\Application\chrome.exe --type=renderer --origin-trial-disabled-features=CanvasTextNg|WebAssemblyCustomDescriptors --video-capture-use-gpu-memory-buffer --lang=es --device-scale-factor=1.25 --num-raster-threads=4 --enable-main-frame-before-activation --renderer-client-id=607 --time-ticks-at-unix-epoch=-1770469634628407 --launch-time-ticks=17556454088 --metrics-shmem-handle=5524,i,16815003073422464248,13870403004839315567,2097152 --field-trial-handle=1992,i,9711538400115095663,4722954813989717096,262144 --variations-seed-version=20260207-030028.264000 --trace-process-track-uuid=3190709555096273837 --mojo-platform-channel-handle=13532 /prefetch:1
2026-02-08 03:49:25,918 - __main__ - INFO - 
[CRITICA] Ejecutando CAPA_21: Degradación elegante
2026-02-08 03:49:25,918 - __main__ - INFO - 
[CRITICA] Ejecutando CAPA_22: Cortafuegos de cascada
2026-02-08 03:49:25,918 - __main__ - INFO - 
[IMPORTANTE] Ejecutando CAPA_39: MOS Clustering validator
2026-02-08 03:49:25,919 - __main__ - INFO - 
[IMPORTANTE] Ejecutando CAPA_40: Feedback Learning auditor
2026-02-08 03:49:25,919 - __main__ - INFO - 
[IMPORTANTE] Ejecutando CAPA_16_19: Validación física cruzada
2026-02-08 03:49:25,919 - __main__ - INFO - 
[OPCIONAL] Ejecutando CAPA_06_10: Análisis uso Bus
2026-02-08 03:49:25,920 - __main__ - INFO - 
[OPCIONAL] Ejecutando CAPA_11_15: Duelos automáticos
2026-02-08 03:49:25,937 - core.monitoring.formula_fusion_engine - INFO - 🧬 Motor de Fusiones de Fórmulas inicializado
2026-02-08 03:49:25,938 - meteoser.formula_duel - WARNING - [WARNING] DuelEngine: muestras insuficientes (1 < 30) para ['temperatura', 'humedad', 'viento', 'radiacion']
2026-02-08 03:49:25,939 - meteoser.formula_duel - INFO - [INFO] DuelEngine: usando modo provisional con 1 muestras
2026-02-08 03:49:25,939 - meteoser.formula_duel - WARNING - [WARNING] DuelEngine: muestras insuficientes (1 < 30) para ['temperatura', 'humedad', 'viento']
2026-02-08 03:49:25,939 - meteoser.formula_duel - INFO - [INFO] DuelEngine: usando modo provisional con 1 muestras
2026-02-08 03:49:25,940 - meteoser.formula_duel - WARNING - [WARNING] DuelEngine: muestras insuficientes (1 < 30) para ['temperatura', 'humedad', 'radiacion', 'viento']
2026-02-08 03:49:25,940 - meteoser.formula_duel - INFO - [INFO] DuelEngine: usando modo provisional con 1 muestras
2026-02-08 03:49:25,940 - meteoser.formula_duel - WARNING - [WARNING] DuelEngine: muestras insuficientes (1 < 30) para ['temperatura', 'humedad', 'viento', 'radiacion']
2026-02-08 03:49:25,941 - meteoser.formula_duel - INFO - [INFO] DuelEngine: usando modo provisional con 1 muestras
2026-02-08 03:49:25,944 - meteoser.formula_duel - WARNING - [WARNING] DuelEngine: sin datos para requisitos ['altitud', 'datetime', 'latitud', 'longitud', 'uso_horario']
2026-02-08 03:49:25,946 - __main__ - WARNING - [REINTENTO] capa_11_15 fallo, reintento 1/1
2026-02-08 03:49:25,964 - core.monitoring.formula_fusion_engine - INFO - 🧬 Motor de Fusiones de Fórmulas inicializado
2026-02-08 03:49:25,965 - meteoser.formula_duel - WARNING - [WARNING] DuelEngine: muestras insuficientes (1 < 30) para ['temperatura', 'humedad', 'viento', 'radiacion']
2026-02-08 03:49:25,966 - meteoser.formula_duel - INFO - [INFO] DuelEngine: usando modo provisional con 1 muestras
2026-02-08 03:49:25,966 - meteoser.formula_duel - WARNING - [WARNING] DuelEngine: muestras insuficientes (1 < 30) para ['temperatura', 'humedad', 'viento']
2026-02-08 03:49:25,966 - meteoser.formula_duel - INFO - [INFO] DuelEngine: usando modo provisional con 1 muestras
2026-02-08 03:49:25,967 - meteoser.formula_duel - WARNING - [WARNING] DuelEngine: muestras insuficientes (1 < 30) para ['temperatura', 'humedad', 'radiacion', 'viento']
2026-02-08 03:49:25,967 - meteoser.formula_duel - INFO - [INFO] DuelEngine: usando modo provisional con 1 muestras
2026-02-08 03:49:25,967 - meteoser.formula_duel - WARNING - [WARNING] DuelEngine: muestras insuficientes (1 < 30) para ['temperatura', 'humedad', 'viento', 'radiacion']
2026-02-08 03:49:25,968 - meteoser.formula_duel - INFO - [INFO] DuelEngine: usando modo provisional con 1 muestras
2026-02-08 03:49:25,969 - meteoser.formula_duel - WARNING - [WARNING] DuelEngine: sin datos para requisitos ['altitud', 'datetime', 'latitud', 'longitud', 'uso_horario']
2026-02-08 03:49:25,970 - __main__ - INFO - [OPCIONAL] Capa capa_11_15 fallo - no afecta operacion
2026-02-08 03:49:25,970 - __main__ - INFO - 
[OPCIONAL] Ejecutando CAPA_26: Post-duelo validación estadística
2026-02-08 03:49:26,113 - __main__ - INFO - 
[OPCIONAL] Ejecutando CAPA_27: Post-duelo comparación histórica
2026-02-08 03:49:26,113 - __main__ - INFO - 
[OPCIONAL] Ejecutando CAPA_28: Post-duelo auditoría de dependencias
2026-02-08 03:49:26,114 - __main__ - INFO - 
[OPCIONAL] Ejecutando CAPA_29: Post-duelo validación física
2026-02-08 03:49:26,114 - __main__ - INFO - 
[OPCIONAL] Ejecutando CAPA_30: Post-duelo validación lógica
2026-02-08 03:49:26,115 - __main__ - INFO - [OK] Auditoría completa finalizada: OK
2026-02-08 03:49:26,116 - __main__ - INFO - [BUSCAR] Auditando fórmulas degradadas...
2026-02-08 03:49:26,117 - __main__ - INFO - [OK] Fórmula OK: formulas_indices.py
2026-02-08 03:49:26,117 - __main__ - INFO - [OK] Fórmula OK: formulas_mejoradas.py
2026-02-08 03:49:26,118 - __main__ - INFO - [OK] Fórmula OK: formula_validator.py
2026-02-08 03:49:26,118 - __main__ - INFO - [OK] Auditoría de fórmulas completada: 3 OK, 0 degradadas, 0 faltantes
