[2026-01-27 19:03:40,576] [BLOQUE C] [INFO] Repositorio IA: index.json no encontrado, iniciando repositorio vacÝo.
C:\Users\kioko\Desktop\MeteoSerV3\main_asgi.py:158: DeprecationWarning: 
        on_event is deprecated, use lifespan event handlers instead.

        Read more about it in the
        [FastAPI docs for Lifespan Events](https://fastapi.tiangolo.com/advanced/events/).
        
  @app.on_event("startup")
C:\Users\kioko\Desktop\MeteoSerV3\.venv\Lib\site-packages\fastapi\applications.py:4576: DeprecationWarning: 
        on_event is deprecated, use lifespan event handlers instead.

        Read more about it in the
        [FastAPI docs for Lifespan Events](https://fastapi.tiangolo.com/advanced/events/).
        
  return self.router.on_event(event_type)
2026-01-27 19:03:40,625 [INFO] MeteoSer backend inicializado correctamente.
2026-01-27 19:03:40,629 [INFO] AutoCalibrationWorker iniciado
C:\Users\kioko\Desktop\MeteoSerV3\main_asgi.py:1375: DeprecationWarning: 
        on_event is deprecated, use lifespan event handlers instead.

        Read more about it in the
        [FastAPI docs for Lifespan Events](https://fastapi.tiangolo.com/advanced/events/).
        
  @app.on_event("startup")
C:\Users\kioko\Desktop\MeteoSerV3\.venv\Lib\site-packages\fastapi\applications.py:4576: DeprecationWarning: 
        on_event is deprecated, use lifespan event handlers instead.

        Read more about it in the
        [FastAPI docs for Lifespan Events](https://fastapi.tiangolo.com/advanced/events/).
        
  return self.router.on_event(event_type)
INFO:     Started server process [21912]
INFO:     Waiting for application startup.
C:\Users\kioko\Desktop\MeteoSerV3\core\auto\auto_sensor_discovery.py:262: DeprecationWarning: Callback API version 1 is deprecated, update to latest version
  self._mqtt_client = mqtt.Client()
[INFO] AutoSensorDiscovery: MQTT TLS habilitado (ca=C:\mosquitto\conf\certs\ca.cert.pem, mutual=False)
2026-01-27 19:03:40,680 [INFO] MQTT TLS habilitado (ca=C:\mosquitto\conf\certs\ca.cert.pem, mutual=False)
2026-01-27 19:03:40,701 [INFO] Indices auto-updater: ejecutando auditorÝa y actualizaci¾n de registro.
[WARNING] AutoSensorDiscovery: MQTT error conexi¾n: 5
2026-01-27 19:03:40,704 [WARNING] MQTT error conexi¾n: 5
[INFO] AutoSensorDiscovery: MQTT conectado (reconectado)
2026-01-27 19:03:40,705 [INFO] MQTT conectado (reconectado)
Audit generated at C:\Users\kioko\Desktop\MeteoSerV3\data\indices_audit.md
2026-01-27 19:03:40,943 [INFO] Indices auto-updater: terminado, pr¾xima ejecuci¾n en 3600 segundos.
2026-01-27 19:03:41,707 [WARNING] unregister_all_services skipped as it does blocking i/o; use AsyncZeroconf with asyncio
C:\Users\kioko\Desktop\MeteoSerV3\core\auto\auto_sensor_discovery.py:262: DeprecationWarning: Callback API version 1 is deprecated, update to latest version
  self._mqtt_client = mqtt.Client()
[INFO] AutoSensorDiscovery: MQTT TLS habilitado (ca=C:\mosquitto\conf\certs\ca.cert.pem, mutual=False)
2026-01-27 19:03:41,730 [INFO] MQTT TLS habilitado (ca=C:\mosquitto\conf\certs\ca.cert.pem, mutual=False)
C:\Users\kioko\Desktop\MeteoSerV3\main_asgi.py:1077: DeprecationWarning: datetime.datetime.utcnow() is deprecated and scheduled for removal in a future version. Use timezone-aware objects to represent datetimes in UTC: datetime.datetime.now(datetime.UTC).
  "updated_at": datetime.datetime.utcnow().isoformat(),
INFO:     Application startup complete.
INFO:     Uvicorn running on http://0.0.0.0:8080 (Press CTRL+C to quit)
C:\Users\kioko\Desktop\MeteoSerV3\.venv\Lib\site-packages\starlette\templating.py:162: DeprecationWarning: The `name` is not the first parameter anymore. The first parameter should be the `Request` instance.
Replace `TemplateResponse(name, {"request": request})` by `TemplateResponse(request, name)`.
  warnings.warn(
INFO:     127.0.0.1:53961 - "GET / HTTP/1.1" 200 OK
[DEBUG] AutoSensorDiscovery: mDNS BadTypeInNameException:  (service_type=_services._dns-sd._udp.local., name=_frameo._tcp.local.)
2026-01-27 19:03:41,820 [DEBUG] mDNS BadTypeInNameException:  (service_type=_services._dns-sd._udp.local., name=_frameo._tcp.local.)
[DEBUG] AutoSensorDiscovery: mDNS BadTypeInNameException:  (service_type=_services._dns-sd._udp.local., name=_workstation._tcp.local.)
2026-01-27 19:03:41,885 [DEBUG] mDNS BadTypeInNameException:  (service_type=_services._dns-sd._udp.local., name=_workstation._tcp.local.)
[DEBUG] AutoSensorDiscovery: mDNS BadTypeInNameException:  (service_type=_services._dns-sd._udp.local., name=_workstation._tcp.local.)
2026-01-27 19:03:41,885 [DEBUG] mDNS BadTypeInNameException:  (service_type=_services._dns-sd._udp.local., name=_workstation._tcp.local.)
[DEBUG] AutoSensorDiscovery: mDNS BadTypeInNameException:  (service_type=_services._dns-sd._udp.local., name=_spotify-connect._tcp.local.)
2026-01-27 19:03:41,963 [DEBUG] mDNS BadTypeInNameException:  (service_type=_services._dns-sd._udp.local., name=_spotify-connect._tcp.local.)
[DEBUG] AutoSensorDiscovery: mDNS BadTypeInNameException:  (service_type=_services._dns-sd._udp.local., name=_amzn-wplay._tcp.local.)
2026-01-27 19:03:42,153 [DEBUG] mDNS BadTypeInNameException:  (service_type=_services._dns-sd._udp.local., name=_amzn-wplay._tcp.local.)
[DEBUG] AutoSensorDiscovery: mDNS BadTypeInNameException:  (service_type=_services._dns-sd._udp.local., name=_amzn-wplay._tcp.local.)
2026-01-27 19:03:42,154 [DEBUG] mDNS BadTypeInNameException:  (service_type=_services._dns-sd._udp.local., name=_amzn-wplay._tcp.local.)
[DEBUG] AutoSensorDiscovery: mDNS BadTypeInNameException:  (service_type=_services._dns-sd._udp.local., name=_dosvc._tcp.local.)
2026-01-27 19:03:42,156 [DEBUG] mDNS BadTypeInNameException:  (service_type=_services._dns-sd._udp.local., name=_dosvc._tcp.local.)
[DEBUG] AutoSensorDiscovery: mDNS BadTypeInNameException:  (service_type=_services._dns-sd._udp.local., name=_frameo._tcp.local.)
2026-01-27 19:03:42,157 [DEBUG] mDNS BadTypeInNameException:  (service_type=_services._dns-sd._udp.local., name=_frameo._tcp.local.)
[DEBUG] AutoSensorDiscovery: mDNS BadTypeInNameException:  (service_type=_services._dns-sd._udp.local., name=_dosvc._tcp.local.)
2026-01-27 19:03:42,160 [DEBUG] mDNS BadTypeInNameException:  (service_type=_services._dns-sd._udp.local., name=_dosvc._tcp.local.)
[DEBUG] AutoSensorDiscovery: mDNS BadTypeInNameException:  (service_type=_services._dns-sd._udp.local., name=_FC9F5ED42C8A._tcp.local.)
2026-01-27 19:03:42,159 [DEBUG] mDNS BadTypeInNameException:  (service_type=_services._dns-sd._udp.local., name=_FC9F5ED42C8A._tcp.local.)
[DEBUG] AutoSensorDiscovery: mDNS BadTypeInNameException:  (service_type=_services._dns-sd._udp.local., name=_spotify-connect._tcp.local.)
2026-01-27 19:03:42,161 [DEBUG] mDNS BadTypeInNameException:  (service_type=_services._dns-sd._udp.local., name=_spotify-connect._tcp.local.)
[DEBUG] AutoSensorDiscovery: mDNS BadTypeInNameException:  (service_type=_services._dns-sd._udp.local., name=_FC9F5ED42C8A._tcp.local.)
INFO:     127.0.0.1:53961 - "POST /client_time HTTP/1.1" 200 OK
2026-01-27 19:03:42,163 [DEBUG] mDNS BadTypeInNameException:  (service_type=_services._dns-sd._udp.local., name=_FC9F5ED42C8A._tcp.local.)
[DEBUG] AutoSensorDiscovery: mDNS BadTypeInNameException:  (service_type=_services._dns-sd._udp.local., name=_amzn-alexa._tcp.local.)
2026-01-27 19:03:42,163 [DEBUG] mDNS BadTypeInNameException:  (service_type=_services._dns-sd._udp.local., name=_amzn-alexa._tcp.local.)
INFO:     127.0.0.1:53961 - "GET /favicon.ico HTTP/1.1" 404 Not Found
[DEBUG] AutoSensorDiscovery: mDNS BadTypeInNameException:  (service_type=_services._dns-sd._udp.local., name=_amzn-alexa._tcp.local.)
2026-01-27 19:03:42,164 [DEBUG] mDNS BadTypeInNameException:  (service_type=_services._dns-sd._udp.local., name=_amzn-alexa._tcp.local.)
C:\Users\kioko\Desktop\MeteoSerV3\core\indices\environmental_indices.py:965: DeprecationWarning: datetime.datetime.utcfromtimestamp() is deprecated and scheduled for removal in a future version. Use timezone-aware objects to represent datetimes in UTC: datetime.datetime.fromtimestamp(timestamp, datetime.UTC).
  return datetime.datetime.utcfromtimestamp(float(timestamp)).replace(tzinfo=timezone.utc)
INFO:     127.0.0.1:53961 - "POST /sensor_virtual HTTP/1.1" 200 OK
2026-01-27 19:03:42,208 [WARNING] [ST_DEBUG] t=15.037729791778037 h=91.29999999999997 v=0.8055555555555555 rad=1.060405116238896e-30 lat=41.536 lon=2.448 alt=30.0 dt=2026-01-27 18:02:47.110281+00:00 | HeatIndex=18.499393032113147 | Humedad=REAL
2026-01-27 19:03:42,214 [WARNING] [ST_DEBUG] \u2713 UTCI calculado: 15.7░C | Steadman: 15.613464265278498░C
2026-01-27 19:03:42,275 [WARNING] [ST_DEBUG] t=15.037729791778037 h=91.29999999999997 v=0.8055555555555555 rad=1.060405116238896e-30 lat=41.536 lon=2.448 alt=30.0 dt=2026-01-27 18:02:47.110281+00:00 | HeatIndex=18.499393032113147 | Humedad=REAL
2026-01-27 19:03:42,275 [WARNING] [ST_DEBUG] \u2713 UTCI calculado: 15.7░C | Steadman: 15.613464265278498░C
2026-01-27 19:03:42,379 [WARNING] [ST_DEBUG] t=15.037729791778037 h=91.29999999999997 v=0.8055555555555555 rad=1.060405116238896e-30 lat=41.536 lon=2.448 alt=30.0 dt=2026-01-27 18:02:47.110281+00:00 | HeatIndex=18.499393032113147 | Humedad=REAL
2026-01-27 19:03:42,379 [WARNING] [ST_DEBUG] \u2713 UTCI calculado: 15.7░C | Steadman: 15.613464265278498░C
C:\Users\kioko\Desktop\MeteoSerV3\core\indices\environmental_indices.py:996: DeprecationWarning: datetime.datetime.utcfromtimestamp() is deprecated and scheduled for removal in a future version. Use timezone-aware objects to represent datetimes in UTC: datetime.datetime.fromtimestamp(timestamp, datetime.UTC).
  return datetime.datetime.utcfromtimestamp(latest).replace(tzinfo=timezone.utc)
2026-01-27 19:03:42,450 [WARNING] [ST_DEBUG] t=15.037729791778037 h=91.29999999999997 v=0.8055555555555555 rad=1.060405116238896e-30 lat=41.536 lon=2.448 alt=30.0 dt=2026-01-27 18:02:47.110281+00:00 | HeatIndex=18.499393032113147 | Humedad=REAL
2026-01-27 19:03:42,450 [WARNING] [ST_DEBUG] \u2713 UTCI calculado: 15.7░C | Steadman: 15.613464265278498░C
2026-01-27 19:03:42,502 [WARNING] [ST_DEBUG] t=15.037729791778037 h=91.29999999999997 v=0.8055555555555555 rad=1.060405116238896e-30 lat=41.536 lon=2.448 alt=30.0 dt=2026-01-27 18:02:47.110281+00:00 | HeatIndex=18.499393032113147 | Humedad=REAL
2026-01-27 19:03:42,503 [WARNING] [ST_DEBUG] \u2713 UTCI calculado: 15.7░C | Steadman: 15.613464265278498░C
INFO:     127.0.0.1:55272 - "GET /estado HTTP/1.1" 200 OK
INFO:     127.0.0.1:55272 - "GET /api/sensores/historial?nombre=temperatura HTTP/1.1" 200 OK
INFO:     127.0.0.1:53961 - "GET /api/sensores/historial?nombre=humedad HTTP/1.1" 200 OK
2026-01-27 19:03:43,527 [WARNING] [ST_DEBUG] t=15.037729791778037 h=91.29999999999997 v=0.8055555555555555 rad=1.060405116238896e-30 lat=41.536 lon=2.448 alt=30.0 dt=2026-01-27 18:02:47.110281+00:00 | HeatIndex=18.499393032113147 | Humedad=REAL
2026-01-27 19:03:43,528 [WARNING] [ST_DEBUG] \u2713 UTCI calculado: 15.7░C | Steadman: 15.613464265278498░C
2026-01-27 19:03:43,773 [WARNING] [ST_DEBUG] t=15.026410854244626 h=91.50999999999998 v=0.08888888888888889 rad=8.483240929911169e-31 lat=41.536 lon=2.448 alt=30.0 dt=2026-01-27 18:02:47.110281+00:00 | HeatIndex=18.40112233866623 | Humedad=REAL
2026-01-27 19:03:43,773 [WARNING] [ST_DEBUG] \u2713 UTCI calculado: 15.9░C | Steadman: 16.1118876064096░C
[Ecowitt] Datos recibidos en puerto desconocido:
  PASSKEY: 979DFF1BC20666D72CD2FC0290AE1832
  stationtype: EasyWeatherV1.7.4
  dateutc: 2026-01-27 18:03:41
  tempinf: 59.0
  humidityin: 88
  baromrelin: 29.578
  baromabsin: 29.230
  tempf: 59.9
  humidity: 92
  winddir: 203
  winddir_avg10m: 179
  windspeedmph: 0.2
  windspdmph_avg10m: 1.8
  windgustmph: 4.5
  maxdailygust: 20.6
  rainratein: 0.000
  eventrainin: 0.039
  hourlyrainin: 0.000
  last24hrainin: 0.039
  dailyrainin: 0.039
  weeklyrainin: 0.130
  monthlyrainin: 4.917
  yearlyrainin: 32.531
  solarradiation: 0.00
  uv: 0
  soilmoisture1: 55
  soilad1: 264
  pm25_ch1: 109.0
  pm25_avg_24h_ch1: 159.9
  lightning_num: 0
  lightning_time: 1769363721
  lightning: 34
  vpd: 0.042
  wh65batt: 0
  wh25batt: 0
  soilbatt1: 1.4
  pm25batt1: 5
  wh57batt: 3
  freq: 868M
  model: HP2550A_Pro_V2.0.9
  lightning: 34
  lightning_num: 0
  lightning_time: 1769363721
INFO:     192.168.0.20:37269 - "POST /ecowitt HTTP/1.1" 200 OK
C:\Users\kioko\Desktop\MeteoSerV3\core\indices\environmental_indices.py:965: DeprecationWarning: datetime.datetime.utcfromtimestamp() is deprecated and scheduled for removal in a future version. Use timezone-aware objects to represent datetimes in UTC: datetime.datetime.fromtimestamp(timestamp, datetime.UTC).
  return datetime.datetime.utcfromtimestamp(float(timestamp)).replace(tzinfo=timezone.utc)
2026-01-27 19:03:52,058 [WARNING] [ST_DEBUG] t=15.026410854244626 h=91.50999999999998 v=0.08888888888888889 rad=8.483240929911169e-31 lat=41.536 lon=2.448 alt=30.0 dt=2026-01-27 18:03:43.763970+00:00 | HeatIndex=18.40112233866623 | Humedad=REAL
2026-01-27 19:03:52,061 [WARNING] [ST_DEBUG] \u2713 UTCI calculado: 15.9░C | Steadman: 16.1118876064096░C
2026-01-27 19:03:52,151 [WARNING] [ST_DEBUG] t=15.026410854244626 h=91.50999999999998 v=0.08888888888888889 rad=8.483240929911169e-31 lat=41.536 lon=2.448 alt=30.0 dt=2026-01-27 18:03:43.763970+00:00 | HeatIndex=18.40112233866623 | Humedad=REAL
2026-01-27 19:03:52,152 [WARNING] [ST_DEBUG] \u2713 UTCI calculado: 15.9░C | Steadman: 16.1118876064096░C
2026-01-27 19:03:52,270 [WARNING] [ST_DEBUG] t=15.026410854244626 h=91.50999999999998 v=0.08888888888888889 rad=8.483240929911169e-31 lat=41.536 lon=2.448 alt=30.0 dt=2026-01-27 18:02:47.110281+00:00 | HeatIndex=18.40112233866623 | Humedad=REAL
2026-01-27 19:03:52,270 [WARNING] [ST_DEBUG] \u2713 UTCI calculado: 15.9░C | Steadman: 16.1118876064096░C
2026-01-27 19:03:52,344 [WARNING] [ST_DEBUG] t=15.026410854244626 h=91.50999999999998 v=0.08888888888888889 rad=8.483240929911169e-31 lat=41.536 lon=2.448 alt=30.0 dt=2026-01-27 18:03:43.763970+00:00 | HeatIndex=18.40112233866623 | Humedad=REAL
2026-01-27 19:03:52,346 [WARNING] [ST_DEBUG] \u2713 UTCI calculado: 15.9░C | Steadman: 16.1118876064096░C
INFO:     127.0.0.1:65375 - "GET /estado HTTP/1.1" 200 OK
INFO:     127.0.0.1:65375 - "GET /api/sensores/historial?nombre=temperatura HTTP/1.1" 200 OK
INFO:     127.0.0.1:58806 - "GET /api/sensores/historial?nombre=humedad HTTP/1.1" 200 OK
C:\Users\kioko\Desktop\MeteoSerV3\core\indices\environmental_indices.py:965: DeprecationWarning: datetime.datetime.utcfromtimestamp() is deprecated and scheduled for removal in a future version. Use timezone-aware objects to represent datetimes in UTC: datetime.datetime.fromtimestamp(timestamp, datetime.UTC).
  return datetime.datetime.utcfromtimestamp(float(timestamp)).replace(tzinfo=timezone.utc)
2026-01-27 19:03:56,848 [WARNING] [ST_DEBUG] t=15.026410854244626 h=91.50999999999998 v=0.08888888888888889 rad=8.483240929911169e-31 lat=41.536 lon=2.448 alt=30.0 dt=2026-01-27 18:03:43.763970+00:00 | HeatIndex=18.40112233866623 | Humedad=REAL
2026-01-27 19:03:56,848 [WARNING] [ST_DEBUG] \u2713 UTCI calculado: 15.9░C | Steadman: 16.1118876064096░C
2026-01-27 19:03:56,916 [WARNING] [ST_DEBUG] t=15.026410854244626 h=91.50999999999998 v=0.08888888888888889 rad=8.483240929911169e-31 lat=41.536 lon=2.448 alt=30.0 dt=2026-01-27 18:03:43.763970+00:00 | HeatIndex=18.40112233866623 | Humedad=REAL
2026-01-27 19:03:56,916 [WARNING] [ST_DEBUG] \u2713 UTCI calculado: 15.9░C | Steadman: 16.1118876064096░C
2026-01-27 19:03:57,000 [WARNING] [ST_DEBUG] t=15.026410854244626 h=91.50999999999998 v=0.08888888888888889 rad=8.483240929911169e-31 lat=41.536 lon=2.448 alt=30.0 dt=2026-01-27 18:02:47.110281+00:00 | HeatIndex=18.40112233866623 | Humedad=REAL
2026-01-27 19:03:57,000 [WARNING] [ST_DEBUG] \u2713 UTCI calculado: 15.9░C | Steadman: 16.1118876064096░C
2026-01-27 19:03:57,057 [WARNING] [ST_DEBUG] t=15.026410854244626 h=91.50999999999998 v=0.08888888888888889 rad=8.483240929911169e-31 lat=41.536 lon=2.448 alt=30.0 dt=2026-01-27 18:03:43.763970+00:00 | HeatIndex=18.40112233866623 | Humedad=REAL
2026-01-27 19:03:57,057 [WARNING] [ST_DEBUG] \u2713 UTCI calculado: 15.9░C | Steadman: 16.1118876064096░C
INFO:     127.0.0.1:56157 - "GET /estado HTTP/1.1" 200 OK
2026-01-27 19:03:58,610 [WARNING] [ST_DEBUG] t=15.026410854244626 h=91.50999999999998 v=0.08888888888888889 rad=8.483240929911169e-31 lat=41.536 lon=2.448 alt=30.0 dt=2026-01-27 18:03:43.763970+00:00 | HeatIndex=18.40112233866623 | Humedad=REAL
2026-01-27 19:03:58,611 [WARNING] [ST_DEBUG] \u2713 UTCI calculado: 15.9░C | Steadman: 16.1118876064096░C
2026-01-27 19:03:58,925 [WARNING] [ST_DEBUG] t=15.018487597971237 h=91.65699999999997 v=0 rad=6.786592743928936e-31 lat=41.536 lon=2.448 alt=30.0 dt=2026-01-27 18:03:43.763970+00:00 | HeatIndex=18.331930485206996 | Humedad=REAL
2026-01-27 19:03:58,926 [WARNING] [ST_DEBUG] \u2713 UTCI calculado: 15.9░C | Steadman: 16.171830694530517░C
[Ecowitt] Datos recibidos en puerto desconocido:
  PASSKEY: 979DFF1BC20666D72CD2FC0290AE1832
  stationtype: EasyWeatherV1.7.4
  dateutc: 2026-01-27 18:03:57
  tempinf: 59.0
  humidityin: 88
  baromrelin: 29.578
  baromabsin: 29.230
  tempf: 59.9
  humidity: 92
  winddir: 197
  winddir_avg10m: 179
  windspeedmph: 0.0
  windspdmph_avg10m: 1.8
  windgustmph: 4.5
  maxdailygust: 20.6
  rainratein: 0.000
  eventrainin: 0.039
  hourlyrainin: 0.000
  last24hrainin: 0.039
  dailyrainin: 0.039
  weeklyrainin: 0.130
  monthlyrainin: 4.917
  yearlyrainin: 32.531
  solarradiation: 0.00
  uv: 0
  soilmoisture1: 55
  soilad1: 264
  pm25_ch1: 109.0
  pm25_avg_24h_ch1: 159.9
  lightning_num: 0
  lightning_time: 1769363721
  lightning: 34
  vpd: 0.042
  wh65batt: 0
  wh25batt: 0
  soilbatt1: 1.4
  pm25batt1: 5
  wh57batt: 3
  freq: 868M
  model: HP2550A_Pro_V2.0.9
  lightning: 34
  lightning_num: 0
  lightning_time: 1769363721
INFO:     192.168.0.20:13028 - "POST /ecowitt HTTP/1.1" 200 OK
C:\Users\kioko\Desktop\MeteoSerV3\core\indices\environmental_indices.py:965: DeprecationWarning: datetime.datetime.utcfromtimestamp() is deprecated and scheduled for removal in a future version. Use timezone-aware objects to represent datetimes in UTC: datetime.datetime.fromtimestamp(timestamp, datetime.UTC).
  return datetime.datetime.utcfromtimestamp(float(timestamp)).replace(tzinfo=timezone.utc)
2026-01-27 19:04:02,379 [WARNING] [ST_DEBUG] t=15.018487597971237 h=91.65699999999997 v=0 rad=6.786592743928936e-31 lat=41.536 lon=2.448 alt=30.0 dt=2026-01-27 18:03:58.919548+00:00 | HeatIndex=18.331930485206996 | Humedad=REAL
2026-01-27 19:04:02,379 [WARNING] [ST_DEBUG] \u2713 UTCI calculado: 15.9░C | Steadman: 16.171830694530517░C
2026-01-27 19:04:02,474 [WARNING] [ST_DEBUG] t=15.018487597971237 h=91.65699999999997 v=0 rad=6.786592743928936e-31 lat=41.536 lon=2.448 alt=30.0 dt=2026-01-27 18:03:58.919548+00:00 | HeatIndex=18.331930485206996 | Humedad=REAL
2026-01-27 19:04:02,474 [WARNING] [ST_DEBUG] \u2713 UTCI calculado: 15.9░C | Steadman: 16.171830694530517░C
2026-01-27 19:04:02,599 [WARNING] [ST_DEBUG] t=15.018487597971237 h=91.65699999999997 v=0 rad=6.786592743928936e-31 lat=41.536 lon=2.448 alt=30.0 dt=2026-01-27 18:03:58.919548+00:00 | HeatIndex=18.331930485206996 | Humedad=REAL
2026-01-27 19:04:02,599 [WARNING] [ST_DEBUG] \u2713 UTCI calculado: 15.9░C | Steadman: 16.171830694530517░C
2026-01-27 19:04:02,697 [WARNING] [ST_DEBUG] t=15.018487597971237 h=91.65699999999997 v=0 rad=6.786592743928936e-31 lat=41.536 lon=2.448 alt=30.0 dt=2026-01-27 18:03:58.919548+00:00 | HeatIndex=18.331930485206996 | Humedad=REAL
2026-01-27 19:04:02,697 [WARNING] [ST_DEBUG] \u2713 UTCI calculado: 15.9░C | Steadman: 16.171830694530517░C
2026-01-27 19:04:02,804 [WARNING] [ST_DEBUG] t=15.018487597971237 h=91.65699999999997 v=0 rad=6.786592743928936e-31 lat=41.536 lon=2.448 alt=30.0 dt=2026-01-27 18:02:47.110281+00:00 | HeatIndex=18.331930485206996 | Humedad=REAL
2026-01-27 19:04:02,804 [WARNING] [ST_DEBUG] \u2713 UTCI calculado: 15.9░C | Steadman: 16.171830694530517░C
2026-01-27 19:04:02,878 [WARNING] [ST_DEBUG] t=15.018487597971237 h=91.65699999999997 v=0 rad=6.786592743928936e-31 lat=41.536 lon=2.448 alt=30.0 dt=2026-01-27 18:03:58.919548+00:00 | HeatIndex=18.331930485206996 | Humedad=REAL
2026-01-27 19:04:02,879 [WARNING] [ST_DEBUG] \u2713 UTCI calculado: 15.9░C | Steadman: 16.171830694530517░C
INFO:     127.0.0.1:58828 - "GET /estado HTTP/1.1" 200 OK
INFO:     127.0.0.1:58828 - "GET /api/sensores/historial?nombre=temperatura HTTP/1.1" 200 OK
INFO:     127.0.0.1:62787 - "GET /api/sensores/historial?nombre=humedad HTTP/1.1" 200 OK
C:\Users\kioko\Desktop\MeteoSerV3\main_asgi.py:1077: DeprecationWarning: datetime.datetime.utcnow() is deprecated and scheduled for removal in a future version. Use timezone-aware objects to represent datetimes in UTC: datetime.datetime.now(datetime.UTC).
  "updated_at": datetime.datetime.utcnow().isoformat(),
INFO:     127.0.0.1:52987 - "POST /client_time HTTP/1.1" 200 OK
C:\Users\kioko\Desktop\MeteoSerV3\core\indices\environmental_indices.py:965: DeprecationWarning: datetime.datetime.utcfromtimestamp() is deprecated and scheduled for removal in a future version. Use timezone-aware objects to represent datetimes in UTC: datetime.datetime.fromtimestamp(timestamp, datetime.UTC).
  return datetime.datetime.utcfromtimestamp(float(timestamp)).replace(tzinfo=timezone.utc)
2026-01-27 19:04:13,331 [WARNING] [ST_DEBUG] t=15.018487597971237 h=91.65699999999997 v=0 rad=6.786592743928936e-31 lat=41.536 lon=2.448 alt=30.0 dt=2026-01-27 18:03:58.919548+00:00 | HeatIndex=18.331930485206996 | Humedad=REAL
2026-01-27 19:04:13,331 [WARNING] [ST_DEBUG] \u2713 UTCI calculado: 15.9░C | Steadman: 16.171830694530517░C
2026-01-27 19:04:13,437 [WARNING] [ST_DEBUG] t=15.018487597971237 h=91.65699999999997 v=0 rad=6.786592743928936e-31 lat=41.536 lon=2.448 alt=30.0 dt=2026-01-27 18:03:58.919548+00:00 | HeatIndex=18.331930485206996 | Humedad=REAL
2026-01-27 19:04:13,437 [WARNING] [ST_DEBUG] \u2713 UTCI calculado: 15.9░C | Steadman: 16.171830694530517░C
2026-01-27 19:04:13,597 [WARNING] [ST_DEBUG] t=15.018487597971237 h=91.65699999999997 v=0 rad=6.786592743928936e-31 lat=41.536 lon=2.448 alt=30.0 dt=2026-01-27 18:03:58.919548+00:00 | HeatIndex=18.331930485206996 | Humedad=REAL
2026-01-27 19:04:13,598 [WARNING] [ST_DEBUG] \u2713 UTCI calculado: 15.9░C | Steadman: 16.171830694530517░C
2026-01-27 19:04:13,720 [WARNING] [ST_DEBUG] t=15.018487597971237 h=91.65699999999997 v=0 rad=6.786592743928936e-31 lat=41.536 lon=2.448 alt=30.0 dt=2026-01-27 18:03:58.919548+00:00 | HeatIndex=18.331930485206996 | Humedad=REAL
2026-01-27 19:04:13,720 [WARNING] [ST_DEBUG] \u2713 UTCI calculado: 15.9░C | Steadman: 16.171830694530517░C
2026-01-27 19:04:13,896 [WARNING] [ST_DEBUG] t=15.018487597971237 h=91.65699999999997 v=0 rad=6.786592743928936e-31 lat=41.536 lon=2.448 alt=30.0 dt=2026-01-27 18:02:47.110281+00:00 | HeatIndex=18.331930485206996 | Humedad=REAL
2026-01-27 19:04:13,896 [WARNING] [ST_DEBUG] \u2713 UTCI calculado: 15.9░C | Steadman: 16.171830694530517░C
2026-01-27 19:04:13,997 [WARNING] [ST_DEBUG] t=15.018487597971237 h=91.65699999999997 v=0 rad=6.786592743928936e-31 lat=41.536 lon=2.448 alt=30.0 dt=2026-01-27 18:03:58.919548+00:00 | HeatIndex=18.331930485206996 | Humedad=REAL
2026-01-27 19:04:14,000 [WARNING] [ST_DEBUG] \u2713 UTCI calculado: 15.9░C | Steadman: 16.171830694530517░C
INFO:     127.0.0.1:52382 - "GET /estado HTTP/1.1" 200 OK
2026-01-27 19:04:14,548 [WARNING] [ST_DEBUG] t=15.018487597971237 h=91.65699999999997 v=0 rad=6.786592743928936e-31 lat=41.536 lon=2.448 alt=30.0 dt=2026-01-27 18:03:58.919548+00:00 | HeatIndex=18.331930485206996 | Humedad=REAL
2026-01-27 19:04:14,548 [WARNING] [ST_DEBUG] \u2713 UTCI calculado: 15.9░C | Steadman: 16.171830694530517░C
2026-01-27 19:04:14,926 [WARNING] [ST_DEBUG] t=15.012941318579866 h=91.75989999999997 v=0 rad=5.429274195143149e-31 lat=41.536 lon=2.448 alt=30.0 dt=2026-01-27 18:03:58.919548+00:00 | HeatIndex=18.28329868707472 | Humedad=REAL
2026-01-27 19:04:14,926 [WARNING] [ST_DEBUG] \u2713 UTCI calculado: 15.9░C | Steadman: 16.170230988832856░C
[Ecowitt] Datos recibidos en puerto desconocido:
  PASSKEY: 979DFF1BC20666D72CD2FC0290AE1832
  stationtype: EasyWeatherV1.7.4
  dateutc: 2026-01-27 18:04:13
  tempinf: 59.0
  humidityin: 88
  baromrelin: 29.575
  baromabsin: 29.227
  tempf: 59.9
  humidity: 92
  winddir: 204
  winddir_avg10m: 187
  windspeedmph: 0.0
  windspdmph_avg10m: 1.8
  windgustmph: 4.5
  maxdailygust: 20.6
  rainratein: 0.000
  eventrainin: 0.039
  hourlyrainin: 0.000
  last24hrainin: 0.039
  dailyrainin: 0.039
  weeklyrainin: 0.130
  monthlyrainin: 4.917
  yearlyrainin: 32.531
  solarradiation: 0.00
  uv: 0
  soilmoisture1: 55
  soilad1: 264
  pm25_ch1: 109.0
  pm25_avg_24h_ch1: 159.9
  lightning_num: 0
  lightning_time: 1769363721
  lightning: 34
  vpd: 0.042
  wh65batt: 0
  wh25batt: 0
  soilbatt1: 1.4
  pm25batt1: 5
  wh57batt: 3
  freq: 868M
  model: HP2550A_Pro_V2.0.9
  lightning: 34
  lightning_num: 0
  lightning_time: 1769363721
INFO:     192.168.0.20:42061 - "POST /ecowitt HTTP/1.1" 200 OK
INFO:     127.0.0.1:52382 - "GET /api/sensores/historial?nombre=temperatura HTTP/1.1" 200 OK
INFO:     127.0.0.1:52987 - "GET /api/sensores/historial?nombre=humedad HTTP/1.1" 200 OK
C:\Users\kioko\Desktop\MeteoSerV3\core\indices\environmental_indices.py:965: DeprecationWarning: datetime.datetime.utcfromtimestamp() is deprecated and scheduled for removal in a future version. Use timezone-aware objects to represent datetimes in UTC: datetime.datetime.fromtimestamp(timestamp, datetime.UTC).
  return datetime.datetime.utcfromtimestamp(float(timestamp)).replace(tzinfo=timezone.utc)
2026-01-27 19:04:22,058 [WARNING] [ST_DEBUG] t=15.012941318579866 h=91.75989999999997 v=0 rad=5.429274195143149e-31 lat=41.536 lon=2.448 alt=30.0 dt=2026-01-27 18:04:14.913878+00:00 | HeatIndex=18.28329868707472 | Humedad=REAL
2026-01-27 19:04:22,058 [WARNING] [ST_DEBUG] \u2713 UTCI calculado: 15.9░C | Steadman: 16.170230988832856░C
2026-01-27 19:04:22,121 [WARNING] [ST_DEBUG] t=15.012941318579866 h=91.75989999999997 v=0 rad=5.429274195143149e-31 lat=41.536 lon=2.448 alt=30.0 dt=2026-01-27 18:04:14.913878+00:00 | HeatIndex=18.28329868707472 | Humedad=REAL
2026-01-27 19:04:22,121 [WARNING] [ST_DEBUG] \u2713 UTCI calculado: 15.9░C | Steadman: 16.170230988832856░C
2026-01-27 19:04:22,212 [WARNING] [ST_DEBUG] t=15.012941318579866 h=91.75989999999997 v=0 rad=5.429274195143149e-31 lat=41.536 lon=2.448 alt=30.0 dt=2026-01-27 18:04:14.913878+00:00 | HeatIndex=18.28329868707472 | Humedad=REAL
2026-01-27 19:04:22,212 [WARNING] [ST_DEBUG] \u2713 UTCI calculado: 15.9░C | Steadman: 16.170230988832856░C
2026-01-27 19:04:22,279 [WARNING] [ST_DEBUG] t=15.012941318579866 h=91.75989999999997 v=0 rad=5.429274195143149e-31 lat=41.536 lon=2.448 alt=30.0 dt=2026-01-27 18:04:14.913878+00:00 | HeatIndex=18.28329868707472 | Humedad=REAL
2026-01-27 19:04:22,279 [WARNING] [ST_DEBUG] \u2713 UTCI calculado: 15.9░C | Steadman: 16.170230988832856░C
2026-01-27 19:04:22,370 [WARNING] [ST_DEBUG] t=15.012941318579866 h=91.75989999999997 v=0 rad=5.429274195143149e-31 lat=41.536 lon=2.448 alt=30.0 dt=2026-01-27 18:02:47.110281+00:00 | HeatIndex=18.28329868707472 | Humedad=REAL
2026-01-27 19:04:22,370 [WARNING] [ST_DEBUG] \u2713 UTCI calculado: 15.9░C | Steadman: 16.170230988832856░C
2026-01-27 19:04:22,435 [WARNING] [ST_DEBUG] t=15.012941318579866 h=91.75989999999997 v=0 rad=5.429274195143149e-31 lat=41.536 lon=2.448 alt=30.0 dt=2026-01-27 18:04:14.913878+00:00 | HeatIndex=18.28329868707472 | Humedad=REAL
2026-01-27 19:04:22,435 [WARNING] [ST_DEBUG] \u2713 UTCI calculado: 15.9░C | Steadman: 16.170230988832856░C
INFO:     127.0.0.1:49459 - "GET /estado HTTP/1.1" 200 OK
INFO:     127.0.0.1:49459 - "GET /api/sensores/historial?nombre=temperatura HTTP/1.1" 200 OK
INFO:     127.0.0.1:49459 - "GET /api/sensores/historial?nombre=humedad HTTP/1.1" 200 OK
2026-01-27 19:04:30,702 [WARNING] [ST_DEBUG] t=15.012941318579866 h=91.75989999999997 v=0 rad=5.429274195143149e-31 lat=41.536 lon=2.448 alt=30.0 dt=2026-01-27 18:04:14.913878+00:00 | HeatIndex=18.28329868707472 | Humedad=REAL
2026-01-27 19:04:30,702 [WARNING] [ST_DEBUG] \u2713 UTCI calculado: 15.9░C | Steadman: 16.170230988832856░C
2026-01-27 19:04:31,183 [WARNING] [ST_DEBUG] t=15.009058923005906 h=91.83192999999997 v=0.31388888888888883 rad=4.343419356114519e-31 lat=41.536 lon=2.448 alt=30.0 dt=2026-01-27 18:04:14.913878+00:00 | HeatIndex=18.249159536265186 | Humedad=REAL
2026-01-27 19:04:31,183 [WARNING] [ST_DEBUG] \u2713 UTCI calculado: 15.9░C | Steadman: 15.949386860932542░C
[Ecowitt] Datos recibidos en puerto desconocido:
  PASSKEY: 979DFF1BC20666D72CD2FC0290AE1832
  stationtype: EasyWeatherV1.7.4
  dateutc: 2026-01-27 18:04:29
  tempinf: 59.0
  humidityin: 88
  baromrelin: 29.575
  baromabsin: 29.227
  tempf: 59.9
  humidity: 92
  winddir: 278
  winddir_avg10m: 187
  windspeedmph: 0.7
  windspdmph_avg10m: 1.8
  windgustmph: 4.5
  maxdailygust: 20.6
  rainratein: 0.000
  eventrainin: 0.039
  hourlyrainin: 0.000
  last24hrainin: 0.039
  dailyrainin: 0.039
  weeklyrainin: 0.130
  monthlyrainin: 4.917
  yearlyrainin: 32.531
  solarradiation: 0.00
  uv: 0
  soilmoisture1: 55
  soilad1: 264
  pm25_ch1: 109.0
  pm25_avg_24h_ch1: 159.9
  lightning_num: 0
  lightning_time: 1769363721
  lightning: 34
  vpd: 0.042
  wh65batt: 0
  wh25batt: 0
  soilbatt1: 1.4
  pm25batt1: 5
  wh57batt: 3
  freq: 868M
  model: HP2550A_Pro_V2.0.9
  lightning: 34
  lightning_num: 0
  lightning_time: 1769363721
INFO:     192.168.0.20:11616 - "POST /ecowitt HTTP/1.1" 200 OK
C:\Users\kioko\Desktop\MeteoSerV3\core\indices\environmental_indices.py:965: DeprecationWarning: datetime.datetime.utcfromtimestamp() is deprecated and scheduled for removal in a future version. Use timezone-aware objects to represent datetimes in UTC: datetime.datetime.fromtimestamp(timestamp, datetime.UTC).
  return datetime.datetime.utcfromtimestamp(float(timestamp)).replace(tzinfo=timezone.utc)
2026-01-27 19:04:32,110 [WARNING] [ST_DEBUG] t=15.009058923005906 h=91.83192999999997 v=0.31388888888888883 rad=4.343419356114519e-31 lat=41.536 lon=2.448 alt=30.0 dt=2026-01-27 18:04:31.164538+00:00 | HeatIndex=18.249159536265186 | Humedad=REAL
2026-01-27 19:04:32,110 [WARNING] [ST_DEBUG] \u2713 UTCI calculado: 15.9░C | Steadman: 15.949386860932542░C
2026-01-27 19:04:32,268 [WARNING] [ST_DEBUG] t=15.009058923005906 h=91.83192999999997 v=0.31388888888888883 rad=4.343419356114519e-31 lat=41.536 lon=2.448 alt=30.0 dt=2026-01-27 18:04:31.164538+00:00 | HeatIndex=18.249159536265186 | Humedad=REAL
2026-01-27 19:04:32,268 [WARNING] [ST_DEBUG] \u2713 UTCI calculado: 15.9░C | Steadman: 15.949386860932542░C
2026-01-27 19:04:32,394 [WARNING] [ST_DEBUG] t=15.009058923005906 h=91.83192999999997 v=0.31388888888888883 rad=4.343419356114519e-31 lat=41.536 lon=2.448 alt=30.0 dt=2026-01-27 18:04:31.164538+00:00 | HeatIndex=18.249159536265186 | Humedad=REAL
2026-01-27 19:04:32,394 [WARNING] [ST_DEBUG] \u2713 UTCI calculado: 15.9░C | Steadman: 15.949386860932542░C
2026-01-27 19:04:32,475 [WARNING] [ST_DEBUG] t=15.009058923005906 h=91.83192999999997 v=0.31388888888888883 rad=4.343419356114519e-31 lat=41.536 lon=2.448 alt=30.0 dt=2026-01-27 18:04:31.164538+00:00 | HeatIndex=18.249159536265186 | Humedad=REAL
2026-01-27 19:04:32,475 [WARNING] [ST_DEBUG] \u2713 UTCI calculado: 15.9░C | Steadman: 15.949386860932542░C
2026-01-27 19:04:32,566 [WARNING] [ST_DEBUG] t=15.009058923005906 h=91.83192999999997 v=0.31388888888888883 rad=4.343419356114519e-31 lat=41.536 lon=2.448 alt=30.0 dt=2026-01-27 18:04:31.164538+00:00 | HeatIndex=18.249159536265186 | Humedad=REAL
2026-01-27 19:04:32,566 [WARNING] [ST_DEBUG] \u2713 UTCI calculado: 15.9░C | Steadman: 15.949386860932542░C
2026-01-27 19:04:32,696 [WARNING] [ST_DEBUG] t=15.009058923005906 h=91.83192999999997 v=0.31388888888888883 rad=4.343419356114519e-31 lat=41.536 lon=2.448 alt=30.0 dt=2026-01-27 18:02:47.110281+00:00 | HeatIndex=18.249159536265186 | Humedad=REAL
2026-01-27 19:04:32,696 [WARNING] [ST_DEBUG] \u2713 UTCI calculado: 15.9░C | Steadman: 15.949386860932542░C
2026-01-27 19:04:32,770 [WARNING] [ST_DEBUG] t=15.009058923005906 h=91.83192999999997 v=0.31388888888888883 rad=4.343419356114519e-31 lat=41.536 lon=2.448 alt=30.0 dt=2026-01-27 18:04:31.164538+00:00 | HeatIndex=18.249159536265186 | Humedad=REAL
2026-01-27 19:04:32,771 [WARNING] [ST_DEBUG] \u2713 UTCI calculado: 15.9░C | Steadman: 15.949386860932542░C
INFO:     127.0.0.1:49518 - "GET /estado HTTP/1.1" 200 OK
INFO:     127.0.0.1:49518 - "GET /api/sensores/historial?nombre=temperatura HTTP/1.1" 200 OK
INFO:     127.0.0.1:49518 - "GET /api/sensores/historial?nombre=humedad HTTP/1.1" 200 OK
2026-01-27 19:04:41,750 [WARNING] unregister_all_services skipped as it does blocking i/o; use AsyncZeroconf with asyncio
C:\Users\kioko\Desktop\MeteoSerV3\core\auto\auto_sensor_discovery.py:262: DeprecationWarning: Callback API version 1 is deprecated, update to latest version
  self._mqtt_client = mqtt.Client()
[INFO] AutoSensorDiscovery: MQTT TLS habilitado (ca=C:\mosquitto\conf\certs\ca.cert.pem, mutual=False)
2026-01-27 19:04:41,775 [INFO] MQTT TLS habilitado (ca=C:\mosquitto\conf\certs\ca.cert.pem, mutual=False)
[DEBUG] AutoSensorDiscovery: mDNS BadTypeInNameException:  (service_type=_services._dns-sd._udp.local., name=_workstation._tcp.local.)
2026-01-27 19:04:41,995 [DEBUG] mDNS BadTypeInNameException:  (service_type=_services._dns-sd._udp.local., name=_workstation._tcp.local.)
INFO:     127.0.0.1:59878 - "POST /client_time HTTP/1.1" 200 OK
C:\Users\kioko\Desktop\MeteoSerV3\core\indices\environmental_indices.py:965: DeprecationWarning: datetime.datetime.utcfromtimestamp() is deprecated and scheduled for removal in a future version. Use timezone-aware objects to represent datetimes in UTC: datetime.datetime.fromtimestamp(timestamp, datetime.UTC).
  return datetime.datetime.utcfromtimestamp(float(timestamp)).replace(tzinfo=timezone.utc)
2026-01-27 19:04:42,088 [WARNING] [ST_DEBUG] t=15.009058923005906 h=91.83192999999997 v=0.31388888888888883 rad=4.343419356114519e-31 lat=41.536 lon=2.448 alt=30.0 dt=2026-01-27 18:04:31.164538+00:00 | HeatIndex=18.249159536265186 | Humedad=REAL
2026-01-27 19:04:42,088 [WARNING] [ST_DEBUG] \u2713 UTCI calculado: 15.9░C | Steadman: 15.949386860932542░C
2026-01-27 19:04:42,178 [WARNING] [ST_DEBUG] t=15.009058923005906 h=91.83192999999997 v=0.31388888888888883 rad=4.343419356114519e-31 lat=41.536 lon=2.448 alt=30.0 dt=2026-01-27 18:04:31.164538+00:00 | HeatIndex=18.249159536265186 | Humedad=REAL
2026-01-27 19:04:42,178 [WARNING] [ST_DEBUG] \u2713 UTCI calculado: 15.9░C | Steadman: 15.949386860932542░C
2026-01-27 19:04:42,299 [WARNING] [ST_DEBUG] t=15.009058923005906 h=91.83192999999997 v=0.31388888888888883 rad=4.343419356114519e-31 lat=41.536 lon=2.448 alt=30.0 dt=2026-01-27 18:04:31.164538+00:00 | HeatIndex=18.249159536265186 | Humedad=REAL
2026-01-27 19:04:42,299 [WARNING] [ST_DEBUG] \u2713 UTCI calculado: 15.9░C | Steadman: 15.949386860932542░C
[DEBUG] AutoSensorDiscovery: mDNS BadTypeInNameException:  (service_type=_services._dns-sd._udp.local., name=_amzn-wplay._tcp.local.)
2026-01-27 19:04:42,303 [DEBUG] mDNS BadTypeInNameException:  (service_type=_services._dns-sd._udp.local., name=_amzn-wplay._tcp.local.)
[DEBUG] AutoSensorDiscovery: mDNS BadTypeInNameException:  (service_type=_services._dns-sd._udp.local., name=_frameo._tcp.local.)
2026-01-27 19:04:42,304 [DEBUG] mDNS BadTypeInNameException:  (service_type=_services._dns-sd._udp.local., name=_frameo._tcp.local.)
[DEBUG] AutoSensorDiscovery: mDNS BadTypeInNameException:  (service_type=_services._dns-sd._udp.local., name=_dosvc._tcp.local.)
2026-01-27 19:04:42,305 [DEBUG] mDNS BadTypeInNameException:  (service_type=_services._dns-sd._udp.local., name=_dosvc._tcp.local.)
[DEBUG] AutoSensorDiscovery: mDNS BadTypeInNameException:  (service_type=_services._dns-sd._udp.local., name=_spotify-connect._tcp.local.)
2026-01-27 19:04:42,306 [DEBUG] mDNS BadTypeInNameException:  (service_type=_services._dns-sd._udp.local., name=_spotify-connect._tcp.local.)
[DEBUG] AutoSensorDiscovery: mDNS BadTypeInNameException:  (service_type=_services._dns-sd._udp.local., name=_FC9F5ED42C8A._tcp.local.)
2026-01-27 19:04:42,306 [DEBUG] mDNS BadTypeInNameException:  (service_type=_services._dns-sd._udp.local., name=_FC9F5ED42C8A._tcp.local.)
[DEBUG] AutoSensorDiscovery: mDNS BadTypeInNameException:  (service_type=_services._dns-sd._udp.local., name=_amzn-alexa._tcp.local.)
2026-01-27 19:04:42,307 [DEBUG] mDNS BadTypeInNameException:  (service_type=_services._dns-sd._udp.local., name=_amzn-alexa._tcp.local.)
2026-01-27 19:04:42,364 [WARNING] [ST_DEBUG] t=15.009058923005906 h=91.83192999999997 v=0.31388888888888883 rad=4.343419356114519e-31 lat=41.536 lon=2.448 alt=30.0 dt=2026-01-27 18:04:31.164538+00:00 | HeatIndex=18.249159536265186 | Humedad=REAL
2026-01-27 19:04:42,364 [WARNING] [ST_DEBUG] \u2713 UTCI calculado: 15.9░C | Steadman: 15.949386860932542░C
2026-01-27 19:04:42,476 [WARNING] [ST_DEBUG] t=15.009058923005906 h=91.83192999999997 v=0.31388888888888883 rad=4.343419356114519e-31 lat=41.536 lon=2.448 alt=30.0 dt=2026-01-27 18:04:31.164538+00:00 | HeatIndex=18.249159536265186 | Humedad=REAL
2026-01-27 19:04:42,476 [WARNING] [ST_DEBUG] \u2713 UTCI calculado: 15.9░C | Steadman: 15.949386860932542░C
2026-01-27 19:04:43,152 [WARNING] [ST_DEBUG] t=15.009058923005906 h=91.83192999999997 v=0.31388888888888883 rad=4.343419356114519e-31 lat=41.536 lon=2.448 alt=30.0 dt=2026-01-27 18:02:47.110281+00:00 | HeatIndex=18.249159536265186 | Humedad=REAL
2026-01-27 19:04:43,152 [WARNING] [ST_DEBUG] \u2713 UTCI calculado: 15.9░C | Steadman: 15.949386860932542░C
2026-01-27 19:04:43,251 [WARNING] [ST_DEBUG] t=15.009058923005906 h=91.83192999999997 v=0.31388888888888883 rad=4.343419356114519e-31 lat=41.536 lon=2.448 alt=30.0 dt=2026-01-27 18:04:31.164538+00:00 | HeatIndex=18.249159536265186 | Humedad=REAL
2026-01-27 19:04:43,251 [WARNING] [ST_DEBUG] \u2713 UTCI calculado: 15.9░C | Steadman: 15.949386860932542░C
C:\Users\kioko\Desktop\MeteoSerV3\main_asgi.py:1077: DeprecationWarning: datetime.datetime.utcnow() is deprecated and scheduled for removal in a future version. Use timezone-aware objects to represent datetimes in UTC: datetime.datetime.now(datetime.UTC).
  "updated_at": datetime.datetime.utcnow().isoformat(),
INFO:     127.0.0.1:59878 - "GET /estado HTTP/1.1" 200 OK
INFO:     127.0.0.1:59878 - "GET /api/sensores/historial?nombre=temperatura HTTP/1.1" 200 OK
INFO:     127.0.0.1:52699 - "GET /api/sensores/historial?nombre=humedad HTTP/1.1" 200 OK
2026-01-27 19:04:50,142 [WARNING] [ST_DEBUG] t=15.009058923005906 h=91.83192999999997 v=0.31388888888888883 rad=4.343419356114519e-31 lat=41.536 lon=2.448 alt=30.0 dt=2026-01-27 18:04:31.164538+00:00 | HeatIndex=18.249159536265186 | Humedad=REAL
2026-01-27 19:04:50,144 [WARNING] [ST_DEBUG] \u2713 UTCI calculado: 15.9░C | Steadman: 15.949386860932542░C
2026-01-27 19:04:50,441 [WARNING] [ST_DEBUG] t=15.006341246104133 h=91.88235099999997 v=0.08888888888888889 rad=3.4747354848916156e-31 lat=41.536 lon=2.448 alt=30.0 dt=2026-01-27 18:04:31.164538+00:00 | HeatIndex=18.22521461350412 | Humedad=REAL
2026-01-27 19:04:50,441 [WARNING] [ST_DEBUG] \u2713 UTCI calculado: 15.9░C | Steadman: 16.106100492608928░C
[Ecowitt] Datos recibidos en puerto desconocido:
  PASSKEY: 979DFF1BC20666D72CD2FC0290AE1832
  stationtype: EasyWeatherV1.7.4
  dateutc: 2026-01-27 18:04:45
  tempinf: 59.0
  humidityin: 88
  baromrelin: 29.575
  baromabsin: 29.227
  tempf: 59.9
  humidity: 92
  winddir: 288
  winddir_avg10m: 187
  windspeedmph: 0.2
  windspdmph_avg10m: 1.8
  windgustmph: 4.5
  maxdailygust: 20.6
  rainratein: 0.000
  eventrainin: 0.039
  hourlyrainin: 0.000
  last24hrainin: 0.039
  dailyrainin: 0.039
  weeklyrainin: 0.130
  monthlyrainin: 4.917
  yearlyrainin: 32.531
  solarradiation: 0.00
  uv: 0
  soilmoisture1: 55
  soilad1: 264
  pm25_ch1: 106.0
  pm25_avg_24h_ch1: 159.9
  lightning_num: 0
  lightning_time: 1769363721
  lightning: 34
  vpd: 0.042
  wh65batt: 0
  wh25batt: 0
  soilbatt1: 1.4
  pm25batt1: 5
  wh57batt: 3
  freq: 868M
  model: HP2550A_Pro_V2.0.9
  lightning: 34
  lightning_num: 0
  lightning_time: 1769363721
INFO:     192.168.0.20:25547 - "POST /ecowitt HTTP/1.1" 200 OK
C:\Users\kioko\Desktop\MeteoSerV3\core\indices\environmental_indices.py:965: DeprecationWarning: datetime.datetime.utcfromtimestamp() is deprecated and scheduled for removal in a future version. Use timezone-aware objects to represent datetimes in UTC: datetime.datetime.fromtimestamp(timestamp, datetime.UTC).
  return datetime.datetime.utcfromtimestamp(float(timestamp)).replace(tzinfo=timezone.utc)
2026-01-27 19:04:52,375 [WARNING] [ST_DEBUG] t=15.006341246104133 h=91.88235099999997 v=0.08888888888888889 rad=3.4747354848916156e-31 lat=41.536 lon=2.448 alt=30.0 dt=2026-01-27 18:04:50.428492+00:00 | HeatIndex=18.22521461350412 | Humedad=REAL
2026-01-27 19:04:52,376 [WARNING] [ST_DEBUG] \u2713 UTCI calculado: 15.9░C | Steadman: 16.106100492608928░C
2026-01-27 19:04:52,507 [WARNING] [ST_DEBUG] t=15.006341246104133 h=91.88235099999997 v=0.08888888888888889 rad=3.4747354848916156e-31 lat=41.536 lon=2.448 alt=30.0 dt=2026-01-27 18:04:50.428492+00:00 | HeatIndex=18.22521461350412 | Humedad=REAL
2026-01-27 19:04:52,507 [WARNING] [ST_DEBUG] \u2713 UTCI calculado: 15.9░C | Steadman: 16.106100492608928░C
2026-01-27 19:04:52,673 [WARNING] [ST_DEBUG] t=15.006341246104133 h=91.88235099999997 v=0.08888888888888889 rad=3.4747354848916156e-31 lat=41.536 lon=2.448 alt=30.0 dt=2026-01-27 18:04:50.428492+00:00 | HeatIndex=18.22521461350412 | Humedad=REAL
2026-01-27 19:04:52,673 [WARNING] [ST_DEBUG] \u2713 UTCI calculado: 15.9░C | Steadman: 16.106100492608928░C
2026-01-27 19:04:52,771 [WARNING] [ST_DEBUG] t=15.006341246104133 h=91.88235099999997 v=0.08888888888888889 rad=3.4747354848916156e-31 lat=41.536 lon=2.448 alt=30.0 dt=2026-01-27 18:04:50.428492+00:00 | HeatIndex=18.22521461350412 | Humedad=REAL
2026-01-27 19:04:52,775 [WARNING] [ST_DEBUG] \u2713 UTCI calculado: 15.9░C | Steadman: 16.106100492608928░C
2026-01-27 19:04:52,900 [WARNING] [ST_DEBUG] t=15.006341246104133 h=91.88235099999997 v=0.08888888888888889 rad=3.4747354848916156e-31 lat=41.536 lon=2.448 alt=30.0 dt=2026-01-27 18:04:50.428492+00:00 | HeatIndex=18.22521461350412 | Humedad=REAL
2026-01-27 19:04:52,901 [WARNING] [ST_DEBUG] \u2713 UTCI calculado: 15.9░C | Steadman: 16.106100492608928░C
2026-01-27 19:04:53,089 [WARNING] [ST_DEBUG] t=15.006341246104133 h=91.88235099999997 v=0.08888888888888889 rad=3.4747354848916156e-31 lat=41.536 lon=2.448 alt=30.0 dt=2026-01-27 18:02:47.110281+00:00 | HeatIndex=18.22521461350412 | Humedad=REAL
2026-01-27 19:04:53,089 [WARNING] [ST_DEBUG] \u2713 UTCI calculado: 15.9░C | Steadman: 16.106100492608928░C
2026-01-27 19:04:53,197 [WARNING] [ST_DEBUG] t=15.006341246104133 h=91.88235099999997 v=0.08888888888888889 rad=3.4747354848916156e-31 lat=41.536 lon=2.448 alt=30.0 dt=2026-01-27 18:04:50.428492+00:00 | HeatIndex=18.22521461350412 | Humedad=REAL
2026-01-27 19:04:53,197 [WARNING] [ST_DEBUG] \u2713 UTCI calculado: 15.9░C | Steadman: 16.106100492608928░C
INFO:     127.0.0.1:54375 - "GET /estado HTTP/1.1" 200 OK
INFO:     127.0.0.1:54375 - "GET /api/sensores/historial?nombre=temperatura HTTP/1.1" 200 OK
INFO:     127.0.0.1:58779 - "GET /api/sensores/historial?nombre=humedad HTTP/1.1" 200 OK
C:\Users\kioko\Desktop\MeteoSerV3\core\indices\environmental_indices.py:965: DeprecationWarning: datetime.datetime.utcfromtimestamp() is deprecated and scheduled for removal in a future version. Use timezone-aware objects to represent datetimes in UTC: datetime.datetime.fromtimestamp(timestamp, datetime.UTC).
  return datetime.datetime.utcfromtimestamp(float(timestamp)).replace(tzinfo=timezone.utc)
2026-01-27 19:05:02,363 [WARNING] [ST_DEBUG] t=15.006341246104133 h=91.88235099999997 v=0.08888888888888889 rad=3.4747354848916156e-31 lat=41.536 lon=2.448 alt=30.0 dt=2026-01-27 18:04:50.428492+00:00 | HeatIndex=18.22521461350412 | Humedad=REAL
2026-01-27 19:05:02,363 [WARNING] [ST_DEBUG] \u2713 UTCI calculado: 15.9░C | Steadman: 16.106100492608928░C
2026-01-27 19:05:02,427 [WARNING] [ST_DEBUG] t=15.006341246104133 h=91.88235099999997 v=0.08888888888888889 rad=3.4747354848916156e-31 lat=41.536 lon=2.448 alt=30.0 dt=2026-01-27 18:04:50.428492+00:00 | HeatIndex=18.22521461350412 | Humedad=REAL
2026-01-27 19:05:02,428 [WARNING] [ST_DEBUG] \u2713 UTCI calculado: 15.9░C | Steadman: 16.106100492608928░C
2026-01-27 19:05:02,602 [WARNING] [ST_DEBUG] t=15.006341246104133 h=91.88235099999997 v=0.08888888888888889 rad=3.4747354848916156e-31 lat=41.536 lon=2.448 alt=30.0 dt=2026-01-27 18:04:50.428492+00:00 | HeatIndex=18.22521461350412 | Humedad=REAL
2026-01-27 19:05:02,603 [WARNING] [ST_DEBUG] \u2713 UTCI calculado: 15.9░C | Steadman: 16.106100492608928░C
2026-01-27 19:05:02,606 [WARNING] [ST_DEBUG] t=15.006341246104133 h=91.88235099999997 v=0.08888888888888889 rad=3.4747354848916156e-31 lat=41.536 lon=2.448 alt=30.0 dt=2026-01-27 18:04:50.428492+00:00 | HeatIndex=18.22521461350412 | Humedad=REAL
2026-01-27 19:05:02,607 [WARNING] [ST_DEBUG] \u2713 UTCI calculado: 15.9░C | Steadman: 16.106100492608928░C
2026-01-27 19:05:02,735 [WARNING] [ST_DEBUG] t=15.006341246104133 h=91.88235099999997 v=0.08888888888888889 rad=3.4747354848916156e-31 lat=41.536 lon=2.448 alt=30.0 dt=2026-01-27 18:04:50.428492+00:00 | HeatIndex=18.22521461350412 | Humedad=REAL
2026-01-27 19:05:02,735 [WARNING] [ST_DEBUG] \u2713 UTCI calculado: 15.9░C | Steadman: 16.106100492608928░C
2026-01-27 19:05:02,813 [WARNING] [ST_DEBUG] t=15.006341246104133 h=91.88235099999997 v=0.08888888888888889 rad=2.7797883879132928e-31 lat=41.536 lon=2.448 alt=30.0 dt=2026-01-27 18:04:50.428492+00:00 | HeatIndex=18.22521461350412 | Humedad=REAL
2026-01-27 19:05:02,813 [WARNING] [ST_DEBUG] \u2713 UTCI calculado: 15.9░C | Steadman: 16.106100492608928░C
2026-01-27 19:05:02,910 [WARNING] [ST_DEBUG] t=15.006341246104133 h=91.88235099999997 v=0.08888888888888889 rad=2.7797883879132928e-31 lat=41.536 lon=2.448 alt=30.0 dt=2026-01-27 18:02:47.110281+00:00 | HeatIndex=18.22521461350412 | Humedad=REAL
2026-01-27 19:05:02,910 [WARNING] [ST_DEBUG] \u2713 UTCI calculado: 15.9░C | Steadman: 16.106100492608928░C
2026-01-27 19:05:02,981 [WARNING] [ST_DEBUG] t=15.006341246104133 h=91.88235099999997 v=0.08888888888888889 rad=2.7797883879132928e-31 lat=41.536 lon=2.448 alt=30.0 dt=2026-01-27 18:04:50.428492+00:00 | HeatIndex=18.22521461350412 | Humedad=REAL
2026-01-27 19:05:02,981 [WARNING] [ST_DEBUG] \u2713 UTCI calculado: 15.9░C | Steadman: 16.106100492608928░C
2026-01-27 19:05:03,079 [WARNING] [ST_DEBUG] t=15.004438872272893 h=91.91764569999997 v=0.40277777777777773 rad=2.7797883879132928e-31 lat=41.536 lon=2.448 alt=30.0 dt=2026-01-27 18:04:50.428492+00:00 | HeatIndex=18.208429870405386 | Humedad=REAL
2026-01-27 19:05:03,079 [WARNING] [ST_DEBUG] \u2713 UTCI calculado: 15.9░C | Steadman: 15.885827305859163░C
[Ecowitt] Datos recibidos en puerto desconocido:
  PASSKEY: 979DFF1BC20666D72CD2FC0290AE1832
  stationtype: EasyWeatherV1.7.4
  dateutc: 2026-01-27 18:05:01
  tempinf: 59.0
  humidityin: 88
  baromrelin: 29.575
  baromabsin: 29.227
  tempf: 59.9
  humidity: 92
  winddir: 339
  winddir_avg10m: 187
  windspeedmph: 0.9
  windspdmph_avg10m: 1.8
  windgustmph: 4.5
  maxdailygust: 20.6
  rainratein: 0.000
  eventrainin: 0.039
  hourlyrainin: 0.000
  last24hrainin: 0.039
  dailyrainin: 0.039
  weeklyrainin: 0.130
  monthlyrainin: 4.917
  yearlyrainin: 32.531
  solarradiation: 0.00
  uv: 0
  soilmoisture1: 55
  soilad1: 264
  pm25_ch1: 106.0
  pm25_avg_24h_ch1: 159.9
  lightning_num: 0
  lightning_time: 1769363721
  lightning: 34
  vpd: 0.042
  wh65batt: 0
  wh25batt: 0
  soilbatt1: 1.4
  pm25batt1: 5
  wh57batt: 3
  freq: 868M
  model: HP2550A_Pro_V2.0.9
  lightning: 34
  lightning_num: 0
  lightning_time: 1769363721
INFO:     192.168.0.20:42841 - "POST /ecowitt HTTP/1.1" 200 OK
INFO:     127.0.0.1:56756 - "GET /estado HTTP/1.1" 200 OK
INFO:     127.0.0.1:56756 - "GET /api/sensores/historial?nombre=temperatura HTTP/1.1" 200 OK
INFO:     127.0.0.1:58096 - "GET /api/sensores/historial?nombre=humedad HTTP/1.1" 200 OK
C:\Users\kioko\Desktop\MeteoSerV3\core\indices\environmental_indices.py:965: DeprecationWarning: datetime.datetime.utcfromtimestamp() is deprecated and scheduled for removal in a future version. Use timezone-aware objects to represent datetimes in UTC: datetime.datetime.fromtimestamp(timestamp, datetime.UTC).
  return datetime.datetime.utcfromtimestamp(float(timestamp)).replace(tzinfo=timezone.utc)
2026-01-27 19:05:12,364 [WARNING] [ST_DEBUG] t=15.004438872272893 h=91.91764569999997 v=0.40277777777777773 rad=2.7797883879132928e-31 lat=41.536 lon=2.448 alt=30.0 dt=2026-01-27 18:05:03.067504+00:00 | HeatIndex=18.208429870405386 | Humedad=REAL
2026-01-27 19:05:12,365 [WARNING] [ST_DEBUG] \u2713 UTCI calculado: 15.9░C | Steadman: 15.885827305859163░C
2026-01-27 19:05:12,489 [WARNING] [ST_DEBUG] t=15.004438872272893 h=91.91764569999997 v=0.40277777777777773 rad=2.7797883879132928e-31 lat=41.536 lon=2.448 alt=30.0 dt=2026-01-27 18:05:03.067504+00:00 | HeatIndex=18.208429870405386 | Humedad=REAL
2026-01-27 19:05:12,490 [WARNING] [ST_DEBUG] \u2713 UTCI calculado: 15.9░C | Steadman: 15.885827305859163░C
2026-01-27 19:05:12,652 [WARNING] [ST_DEBUG] t=15.004438872272893 h=91.91764569999997 v=0.40277777777777773 rad=2.7797883879132928e-31 lat=41.536 lon=2.448 alt=30.0 dt=2026-01-27 18:05:03.067504+00:00 | HeatIndex=18.208429870405386 | Humedad=REAL
2026-01-27 19:05:12,653 [WARNING] [ST_DEBUG] \u2713 UTCI calculado: 15.9░C | Steadman: 15.885827305859163░C
2026-01-27 19:05:12,771 [WARNING] [ST_DEBUG] t=15.004438872272893 h=91.91764569999997 v=0.40277777777777773 rad=2.7797883879132928e-31 lat=41.536 lon=2.448 alt=30.0 dt=2026-01-27 18:05:03.067504+00:00 | HeatIndex=18.208429870405386 | Humedad=REAL
2026-01-27 19:05:12,771 [WARNING] [ST_DEBUG] \u2713 UTCI calculado: 15.9░C | Steadman: 15.885827305859163░C
2026-01-27 19:05:12,926 [WARNING] [ST_DEBUG] t=15.004438872272893 h=91.91764569999997 v=0.40277777777777773 rad=2.7797883879132928e-31 lat=41.536 lon=2.448 alt=30.0 dt=2026-01-27 18:05:03.067504+00:00 | HeatIndex=18.208429870405386 | Humedad=REAL
2026-01-27 19:05:12,926 [WARNING] [ST_DEBUG] \u2713 UTCI calculado: 15.9░C | Steadman: 15.885827305859163░C
2026-01-27 19:05:13,084 [WARNING] [ST_DEBUG] t=15.004438872272893 h=91.91764569999997 v=0.40277777777777773 rad=2.7797883879132928e-31 lat=41.536 lon=2.448 alt=30.0 dt=2026-01-27 18:02:47.110281+00:00 | HeatIndex=18.208429870405386 | Humedad=REAL
2026-01-27 19:05:13,085 [WARNING] [ST_DEBUG] \u2713 UTCI calculado: 15.9░C | Steadman: 15.885827305859163░C
2026-01-27 19:05:13,128 [WARNING] [ST_DEBUG] t=15.004438872272893 h=91.91764569999997 v=0.40277777777777773 rad=2.7797883879132928e-31 lat=41.536 lon=2.448 alt=30.0 dt=2026-01-27 18:05:03.067504+00:00 | HeatIndex=18.208429870405386 | Humedad=REAL
2026-01-27 19:05:13,128 [WARNING] [ST_DEBUG] \u2713 UTCI calculado: 15.9░C | Steadman: 15.885827305859163░C
INFO:     127.0.0.1:60131 - "POST /client_time HTTP/1.1" 200 OK
INFO:     127.0.0.1:59794 - "GET /estado HTTP/1.1" 200 OK
INFO:     127.0.0.1:59794 - "GET /api/sensores/historial?nombre=temperatura HTTP/1.1" 200 OK
INFO:     127.0.0.1:60131 - "GET /api/sensores/historial?nombre=humedad HTTP/1.1" 200 OK
C:\Users\kioko\Desktop\MeteoSerV3\main_asgi.py:1077: DeprecationWarning: datetime.datetime.utcnow() is deprecated and scheduled for removal in a future version. Use timezone-aware objects to represent datetimes in UTC: datetime.datetime.now(datetime.UTC).
  "updated_at": datetime.datetime.utcnow().isoformat(),
2026-01-27 19:05:18,528 [WARNING] [ST_DEBUG] t=15.004438872272893 h=91.91764569999997 v=0.40277777777777773 rad=2.7797883879132928e-31 lat=41.536 lon=2.448 alt=30.0 dt=2026-01-27 18:05:13.032000+00:00 | HeatIndex=18.208429870405386 | Humedad=REAL
2026-01-27 19:05:18,528 [WARNING] [ST_DEBUG] \u2713 UTCI calculado: 15.9░C | Steadman: 15.885827305859163░C
2026-01-27 19:05:18,896 [WARNING] [ST_DEBUG] t=15.003107210591024 h=91.94235198999996 v=0.49166666666666664 rad=2.2238307103306344e-31 lat=41.536 lon=2.448 alt=30.0 dt=2026-01-27 18:05:13.032000+00:00 | HeatIndex=18.196669129911314 | Humedad=REAL
2026-01-27 19:05:18,897 [WARNING] [ST_DEBUG] \u2713 UTCI calculado: 15.9░C | Steadman: 15.823219160228739░C
[Ecowitt] Datos recibidos en puerto desconocido:
  PASSKEY: 979DFF1BC20666D72CD2FC0290AE1832
  stationtype: EasyWeatherV1.7.4
  dateutc: 2026-01-27 18:05:17
  tempinf: 59.2
  humidityin: 88
  baromrelin: 29.572
  baromabsin: 29.224
  tempf: 59.9
  humidity: 92
  winddir: 68
  winddir_avg10m: 187
  windspeedmph: 1.1
  windspdmph_avg10m: 1.8
  windgustmph: 1.1
  maxdailygust: 20.6
  rainratein: 0.000
  eventrainin: 0.039
  hourlyrainin: 0.000
  last24hrainin: 0.039
  dailyrainin: 0.039
  weeklyrainin: 0.130
  monthlyrainin: 4.917
  yearlyrainin: 32.531
  solarradiation: 0.00
  uv: 0
  soilmoisture1: 55
  soilad1: 264
  pm25_ch1: 106.0
  pm25_avg_24h_ch1: 159.9
  lightning_num: 0
  lightning_time: 1769363721
  lightning: 34
  vpd: 0.042
  wh65batt: 0
  wh25batt: 0
  soilbatt1: 1.4
  pm25batt1: 5
  wh57batt: 3
  freq: 868M
  model: HP2550A_Pro_V2.0.9
  lightning: 34
  lightning_num: 0
  lightning_time: 1769363721
INFO:     192.168.0.20:5939 - "POST /ecowitt HTTP/1.1" 200 OK
C:\Users\kioko\Desktop\MeteoSerV3\core\indices\environmental_indices.py:965: DeprecationWarning: datetime.datetime.utcfromtimestamp() is deprecated and scheduled for removal in a future version. Use timezone-aware objects to represent datetimes in UTC: datetime.datetime.fromtimestamp(timestamp, datetime.UTC).
  return datetime.datetime.utcfromtimestamp(float(timestamp)).replace(tzinfo=timezone.utc)
2026-01-27 19:05:22,377 [WARNING] [ST_DEBUG] t=15.003107210591024 h=91.94235198999996 v=0.49166666666666664 rad=2.2238307103306344e-31 lat=41.536 lon=2.448 alt=30.0 dt=2026-01-27 18:05:18.880190+00:00 | HeatIndex=18.196669129911314 | Humedad=REAL
2026-01-27 19:05:22,378 [WARNING] [ST_DEBUG] \u2713 UTCI calculado: 15.9░C | Steadman: 15.823219160228739░C
2026-01-27 19:05:22,447 [WARNING] [ST_DEBUG] t=15.003107210591024 h=91.94235198999996 v=0.49166666666666664 rad=2.2238307103306344e-31 lat=41.536 lon=2.448 alt=30.0 dt=2026-01-27 18:05:18.880190+00:00 | HeatIndex=18.196669129911314 | Humedad=REAL
2026-01-27 19:05:22,447 [WARNING] [ST_DEBUG] \u2713 UTCI calculado: 15.9░C | Steadman: 15.823219160228739░C
2026-01-27 19:05:22,540 [WARNING] [ST_DEBUG] t=15.003107210591024 h=91.94235198999996 v=0.49166666666666664 rad=2.2238307103306344e-31 lat=41.536 lon=2.448 alt=30.0 dt=2026-01-27 18:05:18.880190+00:00 | HeatIndex=18.196669129911314 | Humedad=REAL
2026-01-27 19:05:22,540 [WARNING] [ST_DEBUG] \u2713 UTCI calculado: 15.9░C | Steadman: 15.823219160228739░C
2026-01-27 19:05:22,622 [WARNING] [ST_DEBUG] t=15.003107210591024 h=91.94235198999996 v=0.49166666666666664 rad=2.2238307103306344e-31 lat=41.536 lon=2.448 alt=30.0 dt=2026-01-27 18:05:18.880190+00:00 | HeatIndex=18.196669129911314 | Humedad=REAL
2026-01-27 19:05:22,622 [WARNING] [ST_DEBUG] \u2713 UTCI calculado: 15.9░C | Steadman: 15.823219160228739░C
2026-01-27 19:05:22,712 [WARNING] [ST_DEBUG] t=15.003107210591024 h=91.94235198999996 v=0.49166666666666664 rad=2.2238307103306344e-31 lat=41.536 lon=2.448 alt=30.0 dt=2026-01-27 18:05:18.880190+00:00 | HeatIndex=18.196669129911314 | Humedad=REAL
2026-01-27 19:05:22,716 [WARNING] [ST_DEBUG] \u2713 UTCI calculado: 15.9░C | Steadman: 15.823219160228739░C
2026-01-27 19:05:22,810 [WARNING] [ST_DEBUG] t=15.003107210591024 h=91.94235198999996 v=0.49166666666666664 rad=2.2238307103306344e-31 lat=41.536 lon=2.448 alt=30.0 dt=2026-01-27 18:02:47.110281+00:00 | HeatIndex=18.196669129911314 | Humedad=REAL
2026-01-27 19:05:22,810 [WARNING] [ST_DEBUG] \u2713 UTCI calculado: 15.9░C | Steadman: 15.823219160228739░C
2026-01-27 19:05:22,894 [WARNING] [ST_DEBUG] t=15.003107210591024 h=91.94235198999996 v=0.49166666666666664 rad=2.2238307103306344e-31 lat=41.536 lon=2.448 alt=30.0 dt=2026-01-27 18:05:18.880190+00:00 | HeatIndex=18.196669129911314 | Humedad=REAL
2026-01-27 19:05:22,896 [WARNING] [ST_DEBUG] \u2713 UTCI calculado: 15.9░C | Steadman: 15.823219160228739░C
INFO:     127.0.0.1:64767 - "GET /estado HTTP/1.1" 200 OK
INFO:     127.0.0.1:64767 - "GET /api/sensores/historial?nombre=temperatura HTTP/1.1" 200 OK
INFO:     127.0.0.1:50287 - "GET /api/sensores/historial?nombre=humedad HTTP/1.1" 200 OK
C:\Users\kioko\Desktop\MeteoSerV3\core\indices\environmental_indices.py:965: DeprecationWarning: datetime.datetime.utcfromtimestamp() is deprecated and scheduled for removal in a future version. Use timezone-aware objects to represent datetimes in UTC: datetime.datetime.fromtimestamp(timestamp, datetime.UTC).
  return datetime.datetime.utcfromtimestamp(float(timestamp)).replace(tzinfo=timezone.utc)
2026-01-27 19:05:32,381 [WARNING] [ST_DEBUG] t=15.003107210591024 h=91.94235198999996 v=0.49166666666666664 rad=2.2238307103306344e-31 lat=41.536 lon=2.448 alt=30.0 dt=2026-01-27 18:05:18.880190+00:00 | HeatIndex=18.196669129911314 | Humedad=REAL
2026-01-27 19:05:32,381 [WARNING] [ST_DEBUG] \u2713 UTCI calculado: 15.9░C | Steadman: 15.823219160228739░C
2026-01-27 19:05:32,436 [WARNING] [ST_DEBUG] t=15.003107210591024 h=91.94235198999996 v=0.49166666666666664 rad=2.2238307103306344e-31 lat=41.536 lon=2.448 alt=30.0 dt=2026-01-27 18:05:18.880190+00:00 | HeatIndex=18.196669129911314 | Humedad=REAL
2026-01-27 19:05:32,436 [WARNING] [ST_DEBUG] \u2713 UTCI calculado: 15.9░C | Steadman: 15.823219160228739░C
2026-01-27 19:05:32,532 [WARNING] [ST_DEBUG] t=15.003107210591024 h=91.94235198999996 v=0.49166666666666664 rad=2.2238307103306344e-31 lat=41.536 lon=2.448 alt=30.0 dt=2026-01-27 18:05:18.880190+00:00 | HeatIndex=18.196669129911314 | Humedad=REAL
2026-01-27 19:05:32,532 [WARNING] [ST_DEBUG] \u2713 UTCI calculado: 15.9░C | Steadman: 15.823219160228739░C
2026-01-27 19:05:32,609 [WARNING] [ST_DEBUG] t=15.003107210591024 h=91.94235198999996 v=0.49166666666666664 rad=2.2238307103306344e-31 lat=41.536 lon=2.448 alt=30.0 dt=2026-01-27 18:05:18.880190+00:00 | HeatIndex=18.196669129911314 | Humedad=REAL
2026-01-27 19:05:32,609 [WARNING] [ST_DEBUG] \u2713 UTCI calculado: 15.9░C | Steadman: 15.823219160228739░C
2026-01-27 19:05:32,692 [WARNING] [ST_DEBUG] t=15.003107210591024 h=91.94235198999996 v=0.49166666666666664 rad=2.2238307103306344e-31 lat=41.536 lon=2.448 alt=30.0 dt=2026-01-27 18:05:18.880190+00:00 | HeatIndex=18.196669129911314 | Humedad=REAL
2026-01-27 19:05:32,694 [WARNING] [ST_DEBUG] \u2713 UTCI calculado: 15.9░C | Steadman: 15.823219160228739░C
2026-01-27 19:05:32,792 [WARNING] [ST_DEBUG] t=15.003107210591024 h=91.94235198999996 v=0.49166666666666664 rad=2.2238307103306344e-31 lat=41.536 lon=2.448 alt=30.0 dt=2026-01-27 18:02:47.110281+00:00 | HeatIndex=18.196669129911314 | Humedad=REAL
2026-01-27 19:05:32,792 [WARNING] [ST_DEBUG] \u2713 UTCI calculado: 15.9░C | Steadman: 15.823219160228739░C
2026-01-27 19:05:32,859 [WARNING] [ST_DEBUG] t=15.003107210591024 h=91.94235198999996 v=0.49166666666666664 rad=2.2238307103306344e-31 lat=41.536 lon=2.448 alt=30.0 dt=2026-01-27 18:05:18.880190+00:00 | HeatIndex=18.196669129911314 | Humedad=REAL
2026-01-27 19:05:32,861 [WARNING] [ST_DEBUG] \u2713 UTCI calculado: 15.9░C | Steadman: 15.823219160228739░C
INFO:     127.0.0.1:63599 - "GET /estado HTTP/1.1" 200 OK
INFO:     127.0.0.1:63599 - "GET /api/sensores/historial?nombre=temperatura HTTP/1.1" 200 OK
INFO:     127.0.0.1:61818 - "GET /api/sensores/historial?nombre=humedad HTTP/1.1" 200 OK
2026-01-27 19:05:34,673 [WARNING] [ST_DEBUG] t=15.003107210591024 h=91.94235198999996 v=0.49166666666666664 rad=2.2238307103306344e-31 lat=41.536 lon=2.448 alt=30.0 dt=2026-01-27 18:05:18.880190+00:00 | HeatIndex=18.196669129911314 | Humedad=REAL
2026-01-27 19:05:34,673 [WARNING] [ST_DEBUG] \u2713 UTCI calculado: 15.9░C | Steadman: 15.823219160228739░C
2026-01-27 19:05:34,936 [WARNING] [ST_DEBUG] t=15.002175047413717 h=91.95964639299997 v=0.31388888888888883 rad=1.7790645682645076e-31 lat=41.536 lon=2.448 alt=30.0 dt=2026-01-27 18:05:18.880190+00:00 | HeatIndex=18.1884310139894 | Humedad=REAL
2026-01-27 19:05:34,936 [WARNING] [ST_DEBUG] \u2713 UTCI calculado: 15.9░C | Steadman: 15.947393336665655░C
[Ecowitt] Datos recibidos en puerto desconocido:
  PASSKEY: 979DFF1BC20666D72CD2FC0290AE1832
  stationtype: EasyWeatherV1.7.4
  dateutc: 2026-01-27 18:05:33
  tempinf: 59.2
  humidityin: 88
  baromrelin: 29.572
  baromabsin: 29.224
  tempf: 59.9
  humidity: 92
  winddir: 70
  winddir_avg10m: 187
  windspeedmph: 0.7
  windspdmph_avg10m: 1.6
  windgustmph: 1.1
  maxdailygust: 20.6
  rainratein: 0.000
  eventrainin: 0.039
  hourlyrainin: 0.000
  last24hrainin: 0.039
  dailyrainin: 0.039
  weeklyrainin: 0.130
  monthlyrainin: 4.917
  yearlyrainin: 32.531
  solarradiation: 0.00
  uv: 0
  soilmoisture1: 55
  soilad1: 263
  pm25_ch1: 110.0
  pm25_avg_24h_ch1: 159.9
  lightning_num: 0
  lightning_time: 1769363721
  lightning: 34
  vpd: 0.042
  wh65batt: 0
  wh25batt: 0
  soilbatt1: 1.4
  pm25batt1: 5
  wh57batt: 3
  freq: 868M
  model: HP2550A_Pro_V2.0.9
  lightning: 34
  lightning_num: 0
  lightning_time: 1769363721
INFO:     192.168.0.20:35034 - "POST /ecowitt HTTP/1.1" 200 OK
2026-01-27 19:05:41,797 [WARNING] unregister_all_services skipped as it does blocking i/o; use AsyncZeroconf with asyncio
C:\Users\kioko\Desktop\MeteoSerV3\core\auto\auto_sensor_discovery.py:262: DeprecationWarning: Callback API version 1 is deprecated, update to latest version
  self._mqtt_client = mqtt.Client()
[INFO] AutoSensorDiscovery: MQTT TLS habilitado (ca=C:\mosquitto\conf\certs\ca.cert.pem, mutual=False)
2026-01-27 19:05:41,821 [INFO] MQTT TLS habilitado (ca=C:\mosquitto\conf\certs\ca.cert.pem, mutual=False)
[DEBUG] AutoSensorDiscovery: mDNS BadTypeInNameException:  (service_type=_services._dns-sd._udp.local., name=_amzn-wplay._tcp.local.)
2026-01-27 19:05:42,210 [DEBUG] mDNS BadTypeInNameException:  (service_type=_services._dns-sd._udp.local., name=_amzn-wplay._tcp.local.)
[DEBUG] AutoSensorDiscovery: mDNS BadTypeInNameException:  (service_type=_services._dns-sd._udp.local., name=_frameo._tcp.local.)
2026-01-27 19:05:42,210 [DEBUG] mDNS BadTypeInNameException:  (service_type=_services._dns-sd._udp.local., name=_frameo._tcp.local.)
[DEBUG] AutoSensorDiscovery: mDNS BadTypeInNameException:  (service_type=_services._dns-sd._udp.local., name=_dosvc._tcp.local.)
2026-01-27 19:05:42,210 [DEBUG] mDNS BadTypeInNameException:  (service_type=_services._dns-sd._udp.local., name=_dosvc._tcp.local.)
[DEBUG] AutoSensorDiscovery: mDNS BadTypeInNameException:  (service_type=_services._dns-sd._udp.local., name=_spotify-connect._tcp.local.)
2026-01-27 19:05:42,210 [DEBUG] mDNS BadTypeInNameException:  (service_type=_services._dns-sd._udp.local., name=_spotify-connect._tcp.local.)
[DEBUG] AutoSensorDiscovery: mDNS BadTypeInNameException:  (service_type=_services._dns-sd._udp.local., name=_FC9F5ED42C8A._tcp.local.)
2026-01-27 19:05:42,213 [DEBUG] mDNS BadTypeInNameException:  (service_type=_services._dns-sd._udp.local., name=_FC9F5ED42C8A._tcp.local.)
[DEBUG] AutoSensorDiscovery: mDNS BadTypeInNameException:  (service_type=_services._dns-sd._udp.local., name=_workstation._tcp.local.)
2026-01-27 19:05:42,213 [DEBUG] mDNS BadTypeInNameException:  (service_type=_services._dns-sd._udp.local., name=_workstation._tcp.local.)
[DEBUG] AutoSensorDiscovery: mDNS BadTypeInNameException:  (service_type=_services._dns-sd._udp.local., name=_amzn-alexa._tcp.local.)
2026-01-27 19:05:42,214 [DEBUG] mDNS BadTypeInNameException:  (service_type=_services._dns-sd._udp.local., name=_amzn-alexa._tcp.local.)
C:\Users\kioko\Desktop\MeteoSerV3\core\indices\environmental_indices.py:965: DeprecationWarning: datetime.datetime.utcfromtimestamp() is deprecated and scheduled for removal in a future version. Use timezone-aware objects to represent datetimes in UTC: datetime.datetime.fromtimestamp(timestamp, datetime.UTC).
  return datetime.datetime.utcfromtimestamp(float(timestamp)).replace(tzinfo=timezone.utc)
2026-01-27 19:05:42,379 [WARNING] [ST_DEBUG] t=15.002175047413717 h=91.95964639299997 v=0.31388888888888883 rad=1.7790645682645076e-31 lat=41.536 lon=2.448 alt=30.0 dt=2026-01-27 18:05:34.924661+00:00 | HeatIndex=18.1884310139894 | Humedad=REAL
2026-01-27 19:05:42,379 [WARNING] [ST_DEBUG] \u2713 UTCI calculado: 15.9░C | Steadman: 15.947393336665655░C
2026-01-27 19:05:42,446 [WARNING] [ST_DEBUG] t=15.002175047413717 h=91.95964639299997 v=0.31388888888888883 rad=1.7790645682645076e-31 lat=41.536 lon=2.448 alt=30.0 dt=2026-01-27 18:05:34.924661+00:00 | HeatIndex=18.1884310139894 | Humedad=REAL
2026-01-27 19:05:42,448 [WARNING] [ST_DEBUG] \u2713 UTCI calculado: 15.9░C | Steadman: 15.947393336665655░C
2026-01-27 19:05:42,536 [WARNING] [ST_DEBUG] t=15.002175047413717 h=91.95964639299997 v=0.31388888888888883 rad=1.7790645682645076e-31 lat=41.536 lon=2.448 alt=30.0 dt=2026-01-27 18:05:34.924661+00:00 | HeatIndex=18.1884310139894 | Humedad=REAL
2026-01-27 19:05:42,536 [WARNING] [ST_DEBUG] \u2713 UTCI calculado: 15.9░C | Steadman: 15.947393336665655░C
2026-01-27 19:05:42,605 [WARNING] [ST_DEBUG] t=15.002175047413717 h=91.95964639299997 v=0.31388888888888883 rad=1.7790645682645076e-31 lat=41.536 lon=2.448 alt=30.0 dt=2026-01-27 18:05:34.924661+00:00 | HeatIndex=18.1884310139894 | Humedad=REAL
2026-01-27 19:05:42,605 [WARNING] [ST_DEBUG] \u2713 UTCI calculado: 15.9░C | Steadman: 15.947393336665655░C
2026-01-27 19:05:42,683 [WARNING] [ST_DEBUG] t=15.002175047413717 h=91.95964639299997 v=0.31388888888888883 rad=1.7790645682645076e-31 lat=41.536 lon=2.448 alt=30.0 dt=2026-01-27 18:05:34.924661+00:00 | HeatIndex=18.1884310139894 | Humedad=REAL
2026-01-27 19:05:42,685 [WARNING] [ST_DEBUG] \u2713 UTCI calculado: 15.9░C | Steadman: 15.947393336665655░C
2026-01-27 19:05:42,782 [WARNING] [ST_DEBUG] t=15.002175047413717 h=91.95964639299997 v=0.31388888888888883 rad=1.7790645682645076e-31 lat=41.536 lon=2.448 alt=30.0 dt=2026-01-27 18:02:47.110281+00:00 | HeatIndex=18.1884310139894 | Humedad=REAL
2026-01-27 19:05:42,782 [WARNING] [ST_DEBUG] \u2713 UTCI calculado: 15.9░C | Steadman: 15.947393336665655░C
2026-01-27 19:05:42,837 [WARNING] [ST_DEBUG] t=15.002175047413717 h=91.95964639299997 v=0.31388888888888883 rad=1.7790645682645076e-31 lat=41.536 lon=2.448 alt=30.0 dt=2026-01-27 18:05:34.924661+00:00 | HeatIndex=18.1884310139894 | Humedad=REAL
2026-01-27 19:05:42,838 [WARNING] [ST_DEBUG] \u2713 UTCI calculado: 15.9░C | Steadman: 15.947393336665655░C
INFO:     127.0.0.1:59134 - "GET /estado HTTP/1.1" 200 OK
INFO:     127.0.0.1:59134 - "GET /api/sensores/historial?nombre=temperatura HTTP/1.1" 200 OK
INFO:     127.0.0.1:57919 - "GET /api/sensores/historial?nombre=humedad HTTP/1.1" 200 OK
INFO:     127.0.0.1:57919 - "POST /client_time HTTP/1.1" 200 OK
C:\Users\kioko\Desktop\MeteoSerV3\main_asgi.py:1077: DeprecationWarning: datetime.datetime.utcnow() is deprecated and scheduled for removal in a future version. Use timezone-aware objects to represent datetimes in UTC: datetime.datetime.now(datetime.UTC).
  "updated_at": datetime.datetime.utcnow().isoformat(),
2026-01-27 19:05:52,635 [WARNING] [ST_DEBUG] t=15.002175047413717 h=91.95964639299997 v=0.31388888888888883 rad=1.7790645682645076e-31 lat=41.536 lon=2.448 alt=30.0 dt=2026-01-27 18:05:43.044000+00:00 | HeatIndex=18.1884310139894 | Humedad=REAL
2026-01-27 19:05:52,635 [WARNING] [ST_DEBUG] \u2713 UTCI calculado: 15.9░C | Steadman: 15.947393336665655░C
2026-01-27 19:05:52,887 [WARNING] [ST_DEBUG] t=15.0015225331896 h=91.97175247509998 v=0.40277777777777773 rad=1.4232516546116062e-31 lat=41.536 lon=2.448 alt=30.0 dt=2026-01-27 18:05:43.044000+00:00 | HeatIndex=18.18266158947752 | Humedad=REAL
2026-01-27 19:05:52,887 [WARNING] [ST_DEBUG] \u2713 UTCI calculado: 15.9░C | Steadman: 15.884981867248737░C
[Ecowitt] Datos recibidos en puerto desconocido:
  PASSKEY: 979DFF1BC20666D72CD2FC0290AE1832
  stationtype: EasyWeatherV1.7.4
  dateutc: 2026-01-27 18:05:49
  tempinf: 59.2
  humidityin: 88
  baromrelin: 29.572
  baromabsin: 29.224
  tempf: 59.9
  humidity: 92
  winddir: 72
  winddir_avg10m: 187
  windspeedmph: 0.9
  windspdmph_avg10m: 1.6
  windgustmph: 1.1
  maxdailygust: 20.6
  rainratein: 0.000
  eventrainin: 0.039
  hourlyrainin: 0.000
  last24hrainin: 0.039
  dailyrainin: 0.039
  weeklyrainin: 0.130
  monthlyrainin: 4.917
  yearlyrainin: 32.531
  solarradiation: 0.00
  uv: 0
  soilmoisture1: 55
  soilad1: 263
  pm25_ch1: 110.0
  pm25_avg_24h_ch1: 159.9
  lightning_num: 0
  lightning_time: 1769363721
  lightning: 34
  vpd: 0.042
  wh65batt: 0
  wh25batt: 0
  soilbatt1: 1.4
  pm25batt1: 5
  wh57batt: 3
  freq: 868M
  model: HP2550A_Pro_V2.0.9
  lightning: 34
  lightning_num: 0
  lightning_time: 1769363721
INFO:     192.168.0.20:5233 - "POST /ecowitt HTTP/1.1" 200 OK
C:\Users\kioko\Desktop\MeteoSerV3\core\indices\environmental_indices.py:965: DeprecationWarning: datetime.datetime.utcfromtimestamp() is deprecated and scheduled for removal in a future version. Use timezone-aware objects to represent datetimes in UTC: datetime.datetime.fromtimestamp(timestamp, datetime.UTC).
  return datetime.datetime.utcfromtimestamp(float(timestamp)).replace(tzinfo=timezone.utc)
2026-01-27 19:05:52,973 [WARNING] [ST_DEBUG] t=15.0015225331896 h=91.97175247509998 v=0.40277777777777773 rad=1.4232516546116062e-31 lat=41.536 lon=2.448 alt=30.0 dt=2026-01-27 18:05:52.878479+00:00 | HeatIndex=18.18266158947752 | Humedad=REAL
2026-01-27 19:05:52,973 [WARNING] [ST_DEBUG] \u2713 UTCI calculado: 15.9░C | Steadman: 15.884981867248737░C
2026-01-27 19:05:53,037 [WARNING] [ST_DEBUG] t=15.0015225331896 h=91.97175247509998 v=0.40277777777777773 rad=1.4232516546116062e-31 lat=41.536 lon=2.448 alt=30.0 dt=2026-01-27 18:05:52.878479+00:00 | HeatIndex=18.18266158947752 | Humedad=REAL
2026-01-27 19:05:53,037 [WARNING] [ST_DEBUG] \u2713 UTCI calculado: 15.9░C | Steadman: 15.884981867248737░C
2026-01-27 19:05:53,136 [WARNING] [ST_DEBUG] t=15.0015225331896 h=91.97175247509998 v=0.40277777777777773 rad=1.4232516546116062e-31 lat=41.536 lon=2.448 alt=30.0 dt=2026-01-27 18:05:52.878479+00:00 | HeatIndex=18.18266158947752 | Humedad=REAL
2026-01-27 19:05:53,136 [WARNING] [ST_DEBUG] \u2713 UTCI calculado: 15.9░C | Steadman: 15.884981867248737░C
2026-01-27 19:05:53,204 [WARNING] [ST_DEBUG] t=15.0015225331896 h=91.97175247509998 v=0.40277777777777773 rad=1.4232516546116062e-31 lat=41.536 lon=2.448 alt=30.0 dt=2026-01-27 18:05:52.878479+00:00 | HeatIndex=18.18266158947752 | Humedad=REAL
2026-01-27 19:05:53,204 [WARNING] [ST_DEBUG] \u2713 UTCI calculado: 15.9░C | Steadman: 15.884981867248737░C
2026-01-27 19:05:53,284 [WARNING] [ST_DEBUG] t=15.0015225331896 h=91.97175247509998 v=0.40277777777777773 rad=1.4232516546116062e-31 lat=41.536 lon=2.448 alt=30.0 dt=2026-01-27 18:05:52.878479+00:00 | HeatIndex=18.18266158947752 | Humedad=REAL
2026-01-27 19:05:53,284 [WARNING] [ST_DEBUG] \u2713 UTCI calculado: 15.9░C | Steadman: 15.884981867248737░C
2026-01-27 19:05:53,383 [WARNING] [ST_DEBUG] t=15.0015225331896 h=91.97175247509998 v=0.40277777777777773 rad=1.4232516546116062e-31 lat=41.536 lon=2.448 alt=30.0 dt=2026-01-27 18:02:47.110281+00:00 | HeatIndex=18.18266158947752 | Humedad=REAL
2026-01-27 19:05:53,383 [WARNING] [ST_DEBUG] \u2713 UTCI calculado: 15.9░C | Steadman: 15.884981867248737░C
2026-01-27 19:05:53,448 [WARNING] [ST_DEBUG] t=15.0015225331896 h=91.97175247509998 v=0.40277777777777773 rad=1.4232516546116062e-31 lat=41.536 lon=2.448 alt=30.0 dt=2026-01-27 18:05:52.878479+00:00 | HeatIndex=18.18266158947752 | Humedad=REAL
2026-01-27 19:05:53,448 [WARNING] [ST_DEBUG] \u2713 UTCI calculado: 15.9░C | Steadman: 15.884981867248737░C
INFO:     127.0.0.1:49244 - "GET /estado HTTP/1.1" 200 OK
INFO:     127.0.0.1:49244 - "GET /api/sensores/historial?nombre=temperatura HTTP/1.1" 200 OK
INFO:     127.0.0.1:62729 - "GET /api/sensores/historial?nombre=humedad HTTP/1.1" 200 OK
C:\Users\kioko\Desktop\MeteoSerV3\core\indices\environmental_indices.py:965: DeprecationWarning: datetime.datetime.utcfromtimestamp() is deprecated and scheduled for removal in a future version. Use timezone-aware objects to represent datetimes in UTC: datetime.datetime.fromtimestamp(timestamp, datetime.UTC).
  return datetime.datetime.utcfromtimestamp(float(timestamp)).replace(tzinfo=timezone.utc)
2026-01-27 19:06:02,363 [WARNING] [ST_DEBUG] t=15.0015225331896 h=91.97175247509998 v=0.40277777777777773 rad=1.4232516546116062e-31 lat=41.536 lon=2.448 alt=30.0 dt=2026-01-27 18:05:52.878479+00:00 | HeatIndex=18.18266158947752 | Humedad=REAL
2026-01-27 19:06:02,363 [WARNING] [ST_DEBUG] \u2713 UTCI calculado: 15.9░C | Steadman: 15.884981867248737░C
2026-01-27 19:06:02,458 [WARNING] [ST_DEBUG] t=15.0015225331896 h=91.97175247509998 v=0.40277777777777773 rad=1.4232516546116062e-31 lat=41.536 lon=2.448 alt=30.0 dt=2026-01-27 18:05:52.878479+00:00 | HeatIndex=18.18266158947752 | Humedad=REAL
2026-01-27 19:06:02,458 [WARNING] [ST_DEBUG] \u2713 UTCI calculado: 15.9░C | Steadman: 15.884981867248737░C
2026-01-27 19:06:02,568 [WARNING] [ST_DEBUG] t=15.0015225331896 h=91.97175247509998 v=0.40277777777777773 rad=1.4232516546116062e-31 lat=41.536 lon=2.448 alt=30.0 dt=2026-01-27 18:05:52.878479+00:00 | HeatIndex=18.18266158947752 | Humedad=REAL
2026-01-27 19:06:02,568 [WARNING] [ST_DEBUG] \u2713 UTCI calculado: 15.9░C | Steadman: 15.884981867248737░C
2026-01-27 19:06:02,655 [WARNING] [ST_DEBUG] t=15.0015225331896 h=91.97175247509998 v=0.40277777777777773 rad=1.4232516546116062e-31 lat=41.536 lon=2.448 alt=30.0 dt=2026-01-27 18:05:52.878479+00:00 | HeatIndex=18.18266158947752 | Humedad=REAL
2026-01-27 19:06:02,656 [WARNING] [ST_DEBUG] \u2713 UTCI calculado: 15.9░C | Steadman: 15.884981867248737░C
2026-01-27 19:06:02,740 [WARNING] [ST_DEBUG] t=15.0015225331896 h=91.97175247509998 v=0.40277777777777773 rad=1.4232516546116062e-31 lat=41.536 lon=2.448 alt=30.0 dt=2026-01-27 18:05:52.878479+00:00 | HeatIndex=18.18266158947752 | Humedad=REAL
2026-01-27 19:06:02,741 [WARNING] [ST_DEBUG] \u2713 UTCI calculado: 15.9░C | Steadman: 15.884981867248737░C
2026-01-27 19:06:02,851 [WARNING] [ST_DEBUG] t=15.0015225331896 h=91.97175247509998 v=0.40277777777777773 rad=1.4232516546116062e-31 lat=41.536 lon=2.448 alt=30.0 dt=2026-01-27 18:02:47.110281+00:00 | HeatIndex=18.18266158947752 | Humedad=REAL
2026-01-27 19:06:02,852 [WARNING] [ST_DEBUG] \u2713 UTCI calculado: 15.9░C | Steadman: 15.884981867248737░C
2026-01-27 19:06:02,920 [WARNING] [ST_DEBUG] t=15.0015225331896 h=91.97175247509998 v=0.40277777777777773 rad=1.4232516546116062e-31 lat=41.536 lon=2.448 alt=30.0 dt=2026-01-27 18:05:52.878479+00:00 | HeatIndex=18.18266158947752 | Humedad=REAL
2026-01-27 19:06:02,920 [WARNING] [ST_DEBUG] \u2713 UTCI calculado: 15.9░C | Steadman: 15.884981867248737░C
INFO:     127.0.0.1:50865 - "GET /estado HTTP/1.1" 200 OK
INFO:     127.0.0.1:50865 - "GET /api/sensores/historial?nombre=temperatura HTTP/1.1" 200 OK
INFO:     127.0.0.1:61129 - "GET /api/sensores/historial?nombre=humedad HTTP/1.1" 200 OK
2026-01-27 19:06:06,582 [WARNING] [ST_DEBUG] t=15.0015225331896 h=91.97175247509998 v=0.40277777777777773 rad=1.4232516546116062e-31 lat=41.536 lon=2.448 alt=30.0 dt=2026-01-27 18:05:52.878479+00:00 | HeatIndex=18.18266158947752 | Humedad=REAL
2026-01-27 19:06:06,583 [WARNING] [ST_DEBUG] \u2713 UTCI calculado: 15.9░C | Steadman: 15.884981867248737░C
2026-01-27 19:06:06,929 [WARNING] [ST_DEBUG] t=15.00106577323272 h=91.98022673256997 v=0.40277777777777773 rad=1.138601323689285e-31 lat=41.536 lon=2.448 alt=30.0 dt=2026-01-27 18:05:52.878479+00:00 | HeatIndex=18.178621647879098 | Humedad=REAL
2026-01-27 19:06:06,929 [WARNING] [ST_DEBUG] \u2713 UTCI calculado: 15.9░C | Steadman: 15.884849365015423░C
[Ecowitt] Datos recibidos en puerto desconocido:
  PASSKEY: 979DFF1BC20666D72CD2FC0290AE1832
  stationtype: EasyWeatherV1.7.4
  dateutc: 2026-01-27 18:06:05
  tempinf: 59.2
  humidityin: 88
  baromrelin: 29.572
  baromabsin: 29.224
  tempf: 59.9
  humidity: 92
  winddir: 68
  winddir_avg10m: 187
  windspeedmph: 0.9
  windspdmph_avg10m: 1.8
  windgustmph: 1.1
  maxdailygust: 20.6
  rainratein: 0.000
  eventrainin: 0.039
  hourlyrainin: 0.000
  last24hrainin: 0.039
  dailyrainin: 0.039
  weeklyrainin: 0.130
  monthlyrainin: 4.917
  yearlyrainin: 32.531
  solarradiation: 0.00
  uv: 0
  soilmoisture1: 55
  soilad1: 263
  pm25_ch1: 110.0
  pm25_avg_24h_ch1: 159.9
  lightning_num: 0
  lightning_time: 1769363721
  lightning: 34
  vpd: 0.042
  wh65batt: 0
  wh25batt: 0
  soilbatt1: 1.4
  pm25batt1: 5
  wh57batt: 3
  freq: 868M
  model: HP2550A_Pro_V2.0.9
  lightning: 34
  lightning_num: 0
  lightning_time: 1769363721
INFO:     192.168.0.20:20876 - "POST /ecowitt HTTP/1.1" 200 OK
C:\Users\kioko\Desktop\MeteoSerV3\core\indices\environmental_indices.py:965: DeprecationWarning: datetime.datetime.utcfromtimestamp() is deprecated and scheduled for removal in a future version. Use timezone-aware objects to represent datetimes in UTC: datetime.datetime.fromtimestamp(timestamp, datetime.UTC).
  return datetime.datetime.utcfromtimestamp(float(timestamp)).replace(tzinfo=timezone.utc)
2026-01-27 19:06:12,383 [WARNING] [ST_DEBUG] t=15.00106577323272 h=91.98022673256997 v=0.40277777777777773 rad=1.138601323689285e-31 lat=41.536 lon=2.448 alt=30.0 dt=2026-01-27 18:06:06.910892+00:00 | HeatIndex=18.178621647879098 | Humedad=REAL
2026-01-27 19:06:12,383 [WARNING] [ST_DEBUG] \u2713 UTCI calculado: 15.9░C | Steadman: 15.884849365015423░C
2026-01-27 19:06:12,462 [WARNING] [ST_DEBUG] t=15.00106577323272 h=91.98022673256997 v=0.40277777777777773 rad=1.138601323689285e-31 lat=41.536 lon=2.448 alt=30.0 dt=2026-01-27 18:06:06.910892+00:00 | HeatIndex=18.178621647879098 | Humedad=REAL
2026-01-27 19:06:12,462 [WARNING] [ST_DEBUG] \u2713 UTCI calculado: 15.9░C | Steadman: 15.884849365015423░C
2026-01-27 19:06:12,581 [WARNING] [ST_DEBUG] t=15.00106577323272 h=91.98022673256997 v=0.40277777777777773 rad=1.138601323689285e-31 lat=41.536 lon=2.448 alt=30.0 dt=2026-01-27 18:06:06.910892+00:00 | HeatIndex=18.178621647879098 | Humedad=REAL
2026-01-27 19:06:12,581 [WARNING] [ST_DEBUG] \u2713 UTCI calculado: 15.9░C | Steadman: 15.884849365015423░C
2026-01-27 19:06:12,666 [WARNING] [ST_DEBUG] t=15.00106577323272 h=91.98022673256997 v=0.40277777777777773 rad=1.138601323689285e-31 lat=41.536 lon=2.448 alt=30.0 dt=2026-01-27 18:06:06.910892+00:00 | HeatIndex=18.178621647879098 | Humedad=REAL
2026-01-27 19:06:12,666 [WARNING] [ST_DEBUG] \u2713 UTCI calculado: 15.9░C | Steadman: 15.884849365015423░C
2026-01-27 19:06:12,749 [WARNING] [ST_DEBUG] t=15.00106577323272 h=91.98022673256997 v=0.40277777777777773 rad=1.138601323689285e-31 lat=41.536 lon=2.448 alt=30.0 dt=2026-01-27 18:06:06.910892+00:00 | HeatIndex=18.178621647879098 | Humedad=REAL
2026-01-27 19:06:12,751 [WARNING] [ST_DEBUG] \u2713 UTCI calculado: 15.9░C | Steadman: 15.884849365015423░C
2026-01-27 19:06:12,853 [WARNING] [ST_DEBUG] t=15.00106577323272 h=91.98022673256997 v=0.40277777777777773 rad=1.138601323689285e-31 lat=41.536 lon=2.448 alt=30.0 dt=2026-01-27 18:02:47.110281+00:00 | HeatIndex=18.178621647879098 | Humedad=REAL
2026-01-27 19:06:12,854 [WARNING] [ST_DEBUG] \u2713 UTCI calculado: 15.9░C | Steadman: 15.884849365015423░C
2026-01-27 19:06:12,944 [WARNING] [ST_DEBUG] t=15.00106577323272 h=91.98022673256997 v=0.40277777777777773 rad=1.138601323689285e-31 lat=41.536 lon=2.448 alt=30.0 dt=2026-01-27 18:06:06.910892+00:00 | HeatIndex=18.178621647879098 | Humedad=REAL
2026-01-27 19:06:12,944 [WARNING] [ST_DEBUG] \u2713 UTCI calculado: 15.9░C | Steadman: 15.884849365015423░C
INFO:     127.0.0.1:53588 - "GET /estado HTTP/1.1" 200 OK
INFO:     127.0.0.1:53588 - "GET /api/sensores/historial?nombre=temperatura HTTP/1.1" 200 OK
INFO:     127.0.0.1:64583 - "GET /api/sensores/historial?nombre=humedad HTTP/1.1" 200 OK
C:\Users\kioko\Desktop\MeteoSerV3\main_asgi.py:1077: DeprecationWarning: datetime.datetime.utcnow() is deprecated and scheduled for removal in a future version. Use timezone-aware objects to represent datetimes in UTC: datetime.datetime.now(datetime.UTC).
  "updated_at": datetime.datetime.utcnow().isoformat(),
INFO:     127.0.0.1:64583 - "POST /client_time HTTP/1.1" 200 OK
C:\Users\kioko\Desktop\MeteoSerV3\core\indices\environmental_indices.py:965: DeprecationWarning: datetime.datetime.utcfromtimestamp() is deprecated and scheduled for removal in a future version. Use timezone-aware objects to represent datetimes in UTC: datetime.datetime.fromtimestamp(timestamp, datetime.UTC).
  return datetime.datetime.utcfromtimestamp(float(timestamp)).replace(tzinfo=timezone.utc)
2026-01-27 19:06:22,375 [WARNING] [ST_DEBUG] t=15.00106577323272 h=91.98022673256997 v=0.40277777777777773 rad=1.138601323689285e-31 lat=41.536 lon=2.448 alt=30.0 dt=2026-01-27 18:06:06.910892+00:00 | HeatIndex=18.178621647879098 | Humedad=REAL
2026-01-27 19:06:22,378 [WARNING] [ST_DEBUG] \u2713 UTCI calculado: 15.9░C | Steadman: 15.884849365015423░C
2026-01-27 19:06:22,460 [WARNING] [ST_DEBUG] t=15.00106577323272 h=91.98022673256997 v=0.40277777777777773 rad=1.138601323689285e-31 lat=41.536 lon=2.448 alt=30.0 dt=2026-01-27 18:06:06.910892+00:00 | HeatIndex=18.178621647879098 | Humedad=REAL
2026-01-27 19:06:22,460 [WARNING] [ST_DEBUG] \u2713 UTCI calculado: 15.9░C | Steadman: 15.884849365015423░C
2026-01-27 19:06:22,579 [WARNING] [ST_DEBUG] t=15.00106577323272 h=91.98022673256997 v=0.40277777777777773 rad=1.138601323689285e-31 lat=41.536 lon=2.448 alt=30.0 dt=2026-01-27 18:06:06.910892+00:00 | HeatIndex=18.178621647879098 | Humedad=REAL
2026-01-27 19:06:22,579 [WARNING] [ST_DEBUG] \u2713 UTCI calculado: 15.9░C | Steadman: 15.884849365015423░C
2026-01-27 19:06:22,683 [WARNING] [ST_DEBUG] t=15.00106577323272 h=91.98022673256997 v=0.40277777777777773 rad=1.138601323689285e-31 lat=41.536 lon=2.448 alt=30.0 dt=2026-01-27 18:06:06.910892+00:00 | HeatIndex=18.178621647879098 | Humedad=REAL
2026-01-27 19:06:22,683 [WARNING] [ST_DEBUG] \u2713 UTCI calculado: 15.9░C | Steadman: 15.884849365015423░C
2026-01-27 19:06:22,725 [WARNING] [ST_DEBUG] t=15.00106577323272 h=91.98022673256997 v=0.40277777777777773 rad=1.138601323689285e-31 lat=41.536 lon=2.448 alt=30.0 dt=2026-01-27 18:06:06.910892+00:00 | HeatIndex=18.178621647879098 | Humedad=REAL
2026-01-27 19:06:22,725 [WARNING] [ST_DEBUG] \u2713 UTCI calculado: 15.9░C | Steadman: 15.884849365015423░C
2026-01-27 19:06:22,783 [WARNING] [ST_DEBUG] t=15.00106577323272 h=91.98022673256997 v=0.40277777777777773 rad=1.138601323689285e-31 lat=41.536 lon=2.448 alt=30.0 dt=2026-01-27 18:06:06.910892+00:00 | HeatIndex=18.178621647879098 | Humedad=REAL
2026-01-27 19:06:22,783 [WARNING] [ST_DEBUG] \u2713 UTCI calculado: 15.9░C | Steadman: 15.884849365015423░C
2026-01-27 19:06:22,931 [WARNING] [ST_DEBUG] t=15.00106577323272 h=91.98022673256997 v=0.40277777777777773 rad=1.138601323689285e-31 lat=41.536 lon=2.448 alt=30.0 dt=2026-01-27 18:02:47.110281+00:00 | HeatIndex=18.178621647879098 | Humedad=REAL
2026-01-27 19:06:22,931 [WARNING] [ST_DEBUG] \u2713 UTCI calculado: 15.9░C | Steadman: 15.884849365015423░C
2026-01-27 19:06:23,130 [WARNING] [ST_DEBUG] t=15.00106577323272 h=91.98022673256997 v=0.40277777777777773 rad=9.10881058951428e-32 lat=41.536 lon=2.448 alt=30.0 dt=2026-01-27 18:06:06.910892+00:00 | HeatIndex=18.178621647879098 | Humedad=REAL
2026-01-27 19:06:23,130 [WARNING] [ST_DEBUG] \u2713 UTCI calculado: 15.9░C | Steadman: 15.884849365015423░C
2026-01-27 19:06:23,350 [WARNING] [ST_DEBUG] t=15.000746041262904 h=91.98615871279897 v=0.08888888888888889 rad=9.10881058951428e-32 lat=41.536 lon=2.448 alt=30.0 dt=2026-01-27 18:06:06.910892+00:00 | HeatIndex=18.175793029919383 | Humedad=REAL
2026-01-27 19:06:23,357 [WARNING] [ST_DEBUG] \u2713 UTCI calculado: 15.9░C | Steadman: 16.104478821368403░C
[Ecowitt] Datos recibidos en puerto desconocido:
  PASSKEY: 979DFF1BC20666D72CD2FC0290AE1832
  stationtype: EasyWeatherV1.7.4
  dateutc: 2026-01-27 18:06:21
  tempinf: 59.2
  humidityin: 88
  baromrelin: 29.572
  baromabsin: 29.224
  tempf: 59.9
  humidity: 92
  winddir: 68
  winddir_avg10m: 187
  windspeedmph: 0.2
  windspdmph_avg10m: 1.8
  windgustmph: 1.1
  maxdailygust: 20.6
  rainratein: 0.000
  eventrainin: 0.039
  hourlyrainin: 0.000
  last24hrainin: 0.039
  dailyrainin: 0.039
  weeklyrainin: 0.130
  monthlyrainin: 4.917
  yearlyrainin: 32.531
  solarradiation: 0.00
  uv: 0
  soilmoisture1: 55
  soilad1: 263
  pm25_ch1: 110.0
  pm25_avg_24h_ch1: 159.9
  lightning_num: 0
  lightning_time: 1769363721
  lightning: 34
  vpd: 0.042
  wh65batt: 0
  wh25batt: 0
  soilbatt1: 1.4
  pm25batt1: 5
  wh57batt: 3
  freq: 868M
  model: HP2550A_Pro_V2.0.9
  lightning: 34
  lightning_num: 0
  lightning_time: 1769363721
INFO:     192.168.0.20:27432 - "POST /ecowitt HTTP/1.1" 200 OK
INFO:     127.0.0.1:54652 - "GET /estado HTTP/1.1" 200 OK
INFO:     127.0.0.1:54652 - "GET /api/sensores/historial?nombre=temperatura HTTP/1.1" 200 OK
INFO:     127.0.0.1:58365 - "GET /api/sensores/historial?nombre=humedad HTTP/1.1" 200 OK
C:\Users\kioko\Desktop\MeteoSerV3\core\indices\environmental_indices.py:965: DeprecationWarning: datetime.datetime.utcfromtimestamp() is deprecated and scheduled for removal in a future version. Use timezone-aware objects to represent datetimes in UTC: datetime.datetime.fromtimestamp(timestamp, datetime.UTC).
  return datetime.datetime.utcfromtimestamp(float(timestamp)).replace(tzinfo=timezone.utc)
2026-01-27 19:06:32,444 [WARNING] [ST_DEBUG] t=15.000746041262904 h=91.98615871279897 v=0.08888888888888889 rad=9.10881058951428e-32 lat=41.536 lon=2.448 alt=30.0 dt=2026-01-27 18:06:23.333430+00:00 | HeatIndex=18.175793029919383 | Humedad=REAL
2026-01-27 19:06:32,444 [WARNING] [ST_DEBUG] \u2713 UTCI calculado: 15.9░C | Steadman: 16.104478821368403░C
2026-01-27 19:06:32,597 [WARNING] [ST_DEBUG] t=15.000746041262904 h=91.98615871279897 v=0.08888888888888889 rad=9.10881058951428e-32 lat=41.536 lon=2.448 alt=30.0 dt=2026-01-27 18:06:23.333430+00:00 | HeatIndex=18.175793029919383 | Humedad=REAL
2026-01-27 19:06:32,598 [WARNING] [ST_DEBUG] \u2713 UTCI calculado: 15.9░C | Steadman: 16.104478821368403░C
2026-01-27 19:06:32,798 [WARNING] [ST_DEBUG] t=15.000746041262904 h=91.98615871279897 v=0.08888888888888889 rad=9.10881058951428e-32 lat=41.536 lon=2.448 alt=30.0 dt=2026-01-27 18:06:23.333430+00:00 | HeatIndex=18.175793029919383 | Humedad=REAL
2026-01-27 19:06:32,798 [WARNING] [ST_DEBUG] \u2713 UTCI calculado: 15.9░C | Steadman: 16.104478821368403░C
2026-01-27 19:06:32,918 [WARNING] [ST_DEBUG] t=15.000746041262904 h=91.98615871279897 v=0.08888888888888889 rad=9.10881058951428e-32 lat=41.536 lon=2.448 alt=30.0 dt=2026-01-27 18:06:23.333430+00:00 | HeatIndex=18.175793029919383 | Humedad=REAL
2026-01-27 19:06:32,925 [WARNING] [ST_DEBUG] \u2713 UTCI calculado: 15.9░C | Steadman: 16.104478821368403░C
2026-01-27 19:06:33,084 [WARNING] [ST_DEBUG] t=15.000746041262904 h=91.98615871279897 v=0.08888888888888889 rad=9.10881058951428e-32 lat=41.536 lon=2.448 alt=30.0 dt=2026-01-27 18:06:23.333430+00:00 | HeatIndex=18.175793029919383 | Humedad=REAL
2026-01-27 19:06:33,085 [WARNING] [ST_DEBUG] \u2713 UTCI calculado: 15.9░C | Steadman: 16.104478821368403░C
2026-01-27 19:06:33,297 [WARNING] [ST_DEBUG] t=15.000746041262904 h=91.98615871279897 v=0.08888888888888889 rad=9.10881058951428e-32 lat=41.536 lon=2.448 alt=30.0 dt=2026-01-27 18:02:47.110281+00:00 | HeatIndex=18.175793029919383 | Humedad=REAL
2026-01-27 19:06:33,297 [WARNING] [ST_DEBUG] \u2713 UTCI calculado: 15.9░C | Steadman: 16.104478821368403░C
2026-01-27 19:06:33,428 [WARNING] [ST_DEBUG] t=15.000746041262904 h=91.98615871279897 v=0.08888888888888889 rad=9.10881058951428e-32 lat=41.536 lon=2.448 alt=30.0 dt=2026-01-27 18:06:23.333430+00:00 | HeatIndex=18.175793029919383 | Humedad=REAL
2026-01-27 19:06:33,433 [WARNING] [ST_DEBUG] \u2713 UTCI calculado: 15.9░C | Steadman: 16.104478821368403░C
INFO:     127.0.0.1:58999 - "GET /estado HTTP/1.1" 200 OK
INFO:     127.0.0.1:58999 - "GET /api/sensores/historial?nombre=temperatura HTTP/1.1" 200 OK
INFO:     127.0.0.1:58999 - "GET /api/sensores/historial?nombre=humedad HTTP/1.1" 200 OK
2026-01-27 19:06:38,677 [WARNING] [ST_DEBUG] t=15.000746041262904 h=91.98615871279897 v=0.08888888888888889 rad=9.10881058951428e-32 lat=41.536 lon=2.448 alt=30.0 dt=2026-01-27 18:06:23.333430+00:00 | HeatIndex=18.175793029919383 | Humedad=REAL
2026-01-27 19:06:38,678 [WARNING] [ST_DEBUG] \u2713 UTCI calculado: 15.9░C | Steadman: 16.104478821368403░C
2026-01-27 19:06:39,290 [WARNING] [ST_DEBUG] t=15.000522228884032 h=91.99031109895927 v=0 rad=7.287048471611424e-32 lat=41.536 lon=2.448 alt=30.0 dt=2026-01-27 18:06:23.333430+00:00 | HeatIndex=18.17381267449322 | Humedad=REAL
2026-01-27 19:06:39,290 [WARNING] [ST_DEBUG] \u2713 UTCI calculado: 15.9░C | Steadman: 16.16663610047246░C
[Ecowitt] Datos recibidos en puerto desconocido:
  PASSKEY: 979DFF1BC20666D72CD2FC0290AE1832
  stationtype: EasyWeatherV1.7.4
  dateutc: 2026-01-27 18:06:37
  tempinf: 59.2
  humidityin: 88
  baromrelin: 29.572
  baromabsin: 29.224
  tempf: 59.9
  humidity: 92
  winddir: 68
  winddir_avg10m: 187
  windspeedmph: 0.0
  windspdmph_avg10m: 1.6
  windgustmph: 1.1
  maxdailygust: 20.6
  rainratein: 0.000
  eventrainin: 0.039
  hourlyrainin: 0.000
  last24hrainin: 0.039
  dailyrainin: 0.039
  weeklyrainin: 0.130
  monthlyrainin: 4.917
  yearlyrainin: 32.531
  solarradiation: 0.00
  uv: 0
  soilmoisture1: 55
  soilad1: 263
  pm25_ch1: 109.0
  pm25_avg_24h_ch1: 159.9
  lightning_num: 0
  lightning_time: 1769363721
  lightning: 34
  vpd: 0.042
  wh65batt: 0
  wh25batt: 0
  soilbatt1: 1.4
  pm25batt1: 5
  wh57batt: 3
  freq: 868M
  model: HP2550A_Pro_V2.0.9
  lightning: 34
  lightning_num: 0
  lightning_time: 1769363721
INFO:     192.168.0.20:23276 - "POST /ecowitt HTTP/1.1" 200 OK
2026-01-27 19:06:41,851 [WARNING] unregister_all_services skipped as it does blocking i/o; use AsyncZeroconf with asyncio
C:\Users\kioko\Desktop\MeteoSerV3\core\auto\auto_sensor_discovery.py:262: DeprecationWarning: Callback API version 1 is deprecated, update to latest version
  self._mqtt_client = mqtt.Client()
[INFO] AutoSensorDiscovery: MQTT TLS habilitado (ca=C:\mosquitto\conf\certs\ca.cert.pem, mutual=False)
2026-01-27 19:06:41,989 [INFO] MQTT TLS habilitado (ca=C:\mosquitto\conf\certs\ca.cert.pem, mutual=False)
C:\Users\kioko\Desktop\MeteoSerV3\core\indices\environmental_indices.py:965: DeprecationWarning: datetime.datetime.utcfromtimestamp() is deprecated and scheduled for removal in a future version. Use timezone-aware objects to represent datetimes in UTC: datetime.datetime.fromtimestamp(timestamp, datetime.UTC).
  return datetime.datetime.utcfromtimestamp(float(timestamp)).replace(tzinfo=timezone.utc)
2026-01-27 19:06:42,058 [WARNING] [ST_DEBUG] t=15.000522228884032 h=91.99031109895927 v=0 rad=7.287048471611424e-32 lat=41.536 lon=2.448 alt=30.0 dt=2026-01-27 18:06:39.257418+00:00 | HeatIndex=18.17381267449322 | Humedad=REAL
2026-01-27 19:06:42,058 [WARNING] [ST_DEBUG] \u2713 UTCI calculado: 15.9░C | Steadman: 16.16663610047246░C
2026-01-27 19:06:42,164 [WARNING] [ST_DEBUG] t=15.000522228884032 h=91.99031109895927 v=0 rad=7.287048471611424e-32 lat=41.536 lon=2.448 alt=30.0 dt=2026-01-27 18:06:39.257418+00:00 | HeatIndex=18.17381267449322 | Humedad=REAL
2026-01-27 19:06:42,164 [WARNING] [ST_DEBUG] \u2713 UTCI calculado: 15.9░C | Steadman: 16.16663610047246░C
[DEBUG] AutoSensorDiscovery: mDNS BadTypeInNameException:  (service_type=_services._dns-sd._udp.local., name=_workstation._tcp.local.)
2026-01-27 19:06:42,328 [DEBUG] mDNS BadTypeInNameException:  (service_type=_services._dns-sd._udp.local., name=_workstation._tcp.local.)
2026-01-27 19:06:42,409 [WARNING] [ST_DEBUG] t=15.000522228884032 h=91.99031109895927 v=0 rad=7.287048471611424e-32 lat=41.536 lon=2.448 alt=30.0 dt=2026-01-27 18:06:39.257418+00:00 | HeatIndex=18.17381267449322 | Humedad=REAL
2026-01-27 19:06:42,409 [WARNING] [ST_DEBUG] \u2713 UTCI calculado: 15.9░C | Steadman: 16.16663610047246░C
[DEBUG] AutoSensorDiscovery: mDNS BadTypeInNameException:  (service_type=_services._dns-sd._udp.local., name=_amzn-wplay._tcp.local.)
2026-01-27 19:06:42,453 [DEBUG] mDNS BadTypeInNameException:  (service_type=_services._dns-sd._udp.local., name=_amzn-wplay._tcp.local.)
[DEBUG] AutoSensorDiscovery: mDNS BadTypeInNameException:  (service_type=_services._dns-sd._udp.local., name=_frameo._tcp.local.)
2026-01-27 19:06:42,470 [DEBUG] mDNS BadTypeInNameException:  (service_type=_services._dns-sd._udp.local., name=_frameo._tcp.local.)
[DEBUG] AutoSensorDiscovery: mDNS BadTypeInNameException:  (service_type=_services._dns-sd._udp.local., name=_dosvc._tcp.local.)
2026-01-27 19:06:42,470 [DEBUG] mDNS BadTypeInNameException:  (service_type=_services._dns-sd._udp.local., name=_dosvc._tcp.local.)
[DEBUG] AutoSensorDiscovery: mDNS BadTypeInNameException:  (service_type=_services._dns-sd._udp.local., name=_spotify-connect._tcp.local.)
2026-01-27 19:06:42,471 [DEBUG] mDNS BadTypeInNameException:  (service_type=_services._dns-sd._udp.local., name=_spotify-connect._tcp.local.)
[DEBUG] AutoSensorDiscovery: mDNS BadTypeInNameException:  (service_type=_services._dns-sd._udp.local., name=_FC9F5ED42C8A._tcp.local.)
2026-01-27 19:06:42,471 [DEBUG] mDNS BadTypeInNameException:  (service_type=_services._dns-sd._udp.local., name=_FC9F5ED42C8A._tcp.local.)
[DEBUG] AutoSensorDiscovery: mDNS BadTypeInNameException:  (service_type=_services._dns-sd._udp.local., name=_amzn-alexa._tcp.local.)
2026-01-27 19:06:42,471 [DEBUG] mDNS BadTypeInNameException:  (service_type=_services._dns-sd._udp.local., name=_amzn-alexa._tcp.local.)
2026-01-27 19:06:42,514 [WARNING] [ST_DEBUG] t=15.000522228884032 h=91.99031109895927 v=0 rad=7.287048471611424e-32 lat=41.536 lon=2.448 alt=30.0 dt=2026-01-27 18:06:39.257418+00:00 | HeatIndex=18.17381267449322 | Humedad=REAL
2026-01-27 19:06:42,515 [WARNING] [ST_DEBUG] \u2713 UTCI calculado: 15.9░C | Steadman: 16.16663610047246░C
2026-01-27 19:06:42,710 [WARNING] [ST_DEBUG] t=15.000522228884032 h=91.99031109895927 v=0 rad=7.287048471611424e-32 lat=41.536 lon=2.448 alt=30.0 dt=2026-01-27 18:02:47.110281+00:00 | HeatIndex=18.17381267449322 | Humedad=REAL
2026-01-27 19:06:42,710 [WARNING] [ST_DEBUG] \u2713 UTCI calculado: 15.9░C | Steadman: 16.16663610047246░C
2026-01-27 19:06:42,826 [WARNING] [ST_DEBUG] t=15.000522228884032 h=91.99031109895927 v=0 rad=7.287048471611424e-32 lat=41.536 lon=2.448 alt=30.0 dt=2026-01-27 18:06:39.257418+00:00 | HeatIndex=18.17381267449322 | Humedad=REAL
2026-01-27 19:06:42,826 [WARNING] [ST_DEBUG] \u2713 UTCI calculado: 15.9░C | Steadman: 16.16663610047246░C
INFO:     127.0.0.1:51493 - "GET /estado HTTP/1.1" 200 OK
INFO:     127.0.0.1:51493 - "GET /api/sensores/historial?nombre=temperatura HTTP/1.1" 200 OK
INFO:     127.0.0.1:51493 - "GET /api/sensores/historial?nombre=humedad HTTP/1.1" 200 OK
C:\Users\kioko\Desktop\MeteoSerV3\main_asgi.py:1077: DeprecationWarning: datetime.datetime.utcnow() is deprecated and scheduled for removal in a future version. Use timezone-aware objects to represent datetimes in UTC: datetime.datetime.now(datetime.UTC).
  "updated_at": datetime.datetime.utcnow().isoformat(),
INFO:     127.0.0.1:51493 - "POST /client_time HTTP/1.1" 200 OK
C:\Users\kioko\Desktop\MeteoSerV3\core\indices\environmental_indices.py:965: DeprecationWarning: datetime.datetime.utcfromtimestamp() is deprecated and scheduled for removal in a future version. Use timezone-aware objects to represent datetimes in UTC: datetime.datetime.fromtimestamp(timestamp, datetime.UTC).
  return datetime.datetime.utcfromtimestamp(float(timestamp)).replace(tzinfo=timezone.utc)
2026-01-27 19:06:52,062 [WARNING] [ST_DEBUG] t=15.000522228884032 h=91.99031109895927 v=0 rad=7.287048471611424e-32 lat=41.536 lon=2.448 alt=30.0 dt=2026-01-27 18:06:39.257418+00:00 | HeatIndex=18.17381267449322 | Humedad=REAL
2026-01-27 19:06:52,062 [WARNING] [ST_DEBUG] \u2713 UTCI calculado: 15.9░C | Steadman: 16.16663610047246░C
2026-01-27 19:06:52,175 [WARNING] [ST_DEBUG] t=15.000522228884032 h=91.99031109895927 v=0 rad=7.287048471611424e-32 lat=41.536 lon=2.448 alt=30.0 dt=2026-01-27 18:06:39.257418+00:00 | HeatIndex=18.17381267449322 | Humedad=REAL
2026-01-27 19:06:52,175 [WARNING] [ST_DEBUG] \u2713 UTCI calculado: 15.9░C | Steadman: 16.16663610047246░C
2026-01-27 19:06:52,335 [WARNING] [ST_DEBUG] t=15.000522228884032 h=91.99031109895927 v=0 rad=7.287048471611424e-32 lat=41.536 lon=2.448 alt=30.0 dt=2026-01-27 18:06:39.257418+00:00 | HeatIndex=18.17381267449322 | Humedad=REAL
2026-01-27 19:06:52,335 [WARNING] [ST_DEBUG] \u2713 UTCI calculado: 15.9░C | Steadman: 16.16663610047246░C
2026-01-27 19:06:52,462 [WARNING] [ST_DEBUG] t=15.000522228884032 h=91.99031109895927 v=0 rad=7.287048471611424e-32 lat=41.536 lon=2.448 alt=30.0 dt=2026-01-27 18:06:39.257418+00:00 | HeatIndex=18.17381267449322 | Humedad=REAL
2026-01-27 19:06:52,462 [WARNING] [ST_DEBUG] \u2713 UTCI calculado: 15.9░C | Steadman: 16.16663610047246░C
2026-01-27 19:06:52,623 [WARNING] [ST_DEBUG] t=15.000522228884032 h=91.99031109895927 v=0 rad=7.287048471611424e-32 lat=41.536 lon=2.448 alt=30.0 dt=2026-01-27 18:02:47.110281+00:00 | HeatIndex=18.17381267449322 | Humedad=REAL
2026-01-27 19:06:52,624 [WARNING] [ST_DEBUG] \u2713 UTCI calculado: 15.9░C | Steadman: 16.16663610047246░C
2026-01-27 19:06:52,697 [WARNING] [ST_DEBUG] t=15.000522228884032 h=91.99031109895927 v=0 rad=7.287048471611424e-32 lat=41.536 lon=2.448 alt=30.0 dt=2026-01-27 18:06:39.257418+00:00 | HeatIndex=18.17381267449322 | Humedad=REAL
2026-01-27 19:06:52,697 [WARNING] [ST_DEBUG] \u2713 UTCI calculado: 15.9░C | Steadman: 16.16663610047246░C
INFO:     127.0.0.1:54266 - "GET /estado HTTP/1.1" 200 OK
INFO:     127.0.0.1:54266 - "GET /api/sensores/historial?nombre=temperatura HTTP/1.1" 200 OK
INFO:     127.0.0.1:54266 - "GET /api/sensores/historial?nombre=humedad HTTP/1.1" 200 OK
2026-01-27 19:06:55,511 [WARNING] [ST_DEBUG] t=15.000522228884032 h=91.99031109895927 v=0 rad=7.287048471611424e-32 lat=41.536 lon=2.448 alt=30.0 dt=2026-01-27 18:06:39.257418+00:00 | HeatIndex=18.17381267449322 | Humedad=REAL
2026-01-27 19:06:55,511 [WARNING] [ST_DEBUG] \u2713 UTCI calculado: 15.9░C | Steadman: 16.16663610047246░C
2026-01-27 19:06:55,826 [WARNING] [ST_DEBUG] t=15.000365560218821 h=91.99321776927148 v=0 rad=5.829638777289139e-32 lat=41.536 lon=2.448 alt=30.0 dt=2026-01-27 18:06:39.257418+00:00 | HeatIndex=18.172426267488614 | Humedad=REAL
2026-01-27 19:06:55,826 [WARNING] [ST_DEBUG] \u2713 UTCI calculado: 15.9░C | Steadman: 16.16659063685507░C
[Ecowitt] Datos recibidos en puerto desconocido:
  PASSKEY: 979DFF1BC20666D72CD2FC0290AE1832
  stationtype: EasyWeatherV1.7.4
  dateutc: 2026-01-27 18:06:53
  tempinf: 59.2
  humidityin: 88
  baromrelin: 29.572
  baromabsin: 29.224
  tempf: 59.9
  humidity: 92
  winddir: 195
  winddir_avg10m: 187
  windspeedmph: 0.0
  windspdmph_avg10m: 1.6
  windgustmph: 1.1
  maxdailygust: 20.6
  rainratein: 0.000
  eventrainin: 0.039
  hourlyrainin: 0.000
  last24hrainin: 0.039
  dailyrainin: 0.039
  weeklyrainin: 0.130
  monthlyrainin: 4.917
  yearlyrainin: 32.531
  solarradiation: 0.00
  uv: 0
  soilmoisture1: 55
  soilad1: 264
  pm25_ch1: 109.0
  pm25_avg_24h_ch1: 159.9
  lightning_num: 0
  lightning_time: 1769363721
  lightning: 34
  vpd: 0.042
  wh65batt: 0
  wh25batt: 0
  soilbatt1: 1.4
  pm25batt1: 5
  wh57batt: 3
  freq: 868M
  model: HP2550A_Pro_V2.0.9
  lightning: 34
  lightning_num: 0
  lightning_time: 1769363721
INFO:     192.168.0.20:25419 - "POST /ecowitt HTTP/1.1" 200 OK
C:\Users\kioko\Desktop\MeteoSerV3\core\indices\environmental_indices.py:965: DeprecationWarning: datetime.datetime.utcfromtimestamp() is deprecated and scheduled for removal in a future version. Use timezone-aware objects to represent datetimes in UTC: datetime.datetime.fromtimestamp(timestamp, datetime.UTC).
  return datetime.datetime.utcfromtimestamp(float(timestamp)).replace(tzinfo=timezone.utc)
2026-01-27 19:07:02,481 [WARNING] [ST_DEBUG] t=15.000365560218821 h=91.99321776927148 v=0 rad=5.829638777289139e-32 lat=41.536 lon=2.448 alt=30.0 dt=2026-01-27 18:06:55.811285+00:00 | HeatIndex=18.172426267488614 | Humedad=REAL
2026-01-27 19:07:02,481 [WARNING] [ST_DEBUG] \u2713 UTCI calculado: 15.9░C | Steadman: 16.16659063685507░C
2026-01-27 19:07:02,593 [WARNING] [ST_DEBUG] t=15.000365560218821 h=91.99321776927148 v=0 rad=5.829638777289139e-32 lat=41.536 lon=2.448 alt=30.0 dt=2026-01-27 18:06:55.811285+00:00 | HeatIndex=18.172426267488614 | Humedad=REAL
2026-01-27 19:07:02,593 [WARNING] [ST_DEBUG] \u2713 UTCI calculado: 15.9░C | Steadman: 16.16659063685507░C
2026-01-27 19:07:02,758 [WARNING] [ST_DEBUG] t=15.000365560218821 h=91.99321776927148 v=0 rad=5.829638777289139e-32 lat=41.536 lon=2.448 alt=30.0 dt=2026-01-27 18:06:55.811285+00:00 | HeatIndex=18.172426267488614 | Humedad=REAL
2026-01-27 19:07:02,762 [WARNING] [ST_DEBUG] \u2713 UTCI calculado: 15.9░C | Steadman: 16.16659063685507░C
2026-01-27 19:07:02,888 [WARNING] [ST_DEBUG] t=15.000365560218821 h=91.99321776927148 v=0 rad=5.829638777289139e-32 lat=41.536 lon=2.448 alt=30.0 dt=2026-01-27 18:06:55.811285+00:00 | HeatIndex=18.172426267488614 | Humedad=REAL
2026-01-27 19:07:02,888 [WARNING] [ST_DEBUG] \u2713 UTCI calculado: 15.9░C | Steadman: 16.16659063685507░C
2026-01-27 19:07:03,011 [WARNING] [ST_DEBUG] t=15.000365560218821 h=91.99321776927148 v=0 rad=5.829638777289139e-32 lat=41.536 lon=2.448 alt=30.0 dt=2026-01-27 18:02:47.110281+00:00 | HeatIndex=18.172426267488614 | Humedad=REAL
2026-01-27 19:07:03,012 [WARNING] [ST_DEBUG] \u2713 UTCI calculado: 15.9░C | Steadman: 16.16659063685507░C
2026-01-27 19:07:03,090 [WARNING] [ST_DEBUG] t=15.000365560218821 h=91.99321776927148 v=0 rad=5.829638777289139e-32 lat=41.536 lon=2.448 alt=30.0 dt=2026-01-27 18:06:55.811285+00:00 | HeatIndex=18.172426267488614 | Humedad=REAL
2026-01-27 19:07:03,091 [WARNING] [ST_DEBUG] \u2713 UTCI calculado: 15.9░C | Steadman: 16.16659063685507░C
INFO:     127.0.0.1:63512 - "GET /estado HTTP/1.1" 200 OK
INFO:     127.0.0.1:63512 - "GET /api/sensores/historial?nombre=temperatura HTTP/1.1" 200 OK
INFO:     127.0.0.1:64878 - "GET /api/sensores/historial?nombre=humedad HTTP/1.1" 200 OK
2026-01-27 19:07:10,584 [WARNING] [ST_DEBUG] t=15.000365560218821 h=91.99321776927148 v=0 rad=5.829638777289139e-32 lat=41.536 lon=2.448 alt=30.0 dt=2026-01-27 18:06:55.811285+00:00 | HeatIndex=18.172426267488614 | Humedad=REAL
2026-01-27 19:07:10,585 [WARNING] [ST_DEBUG] \u2713 UTCI calculado: 15.9░C | Steadman: 16.16659063685507░C
2026-01-27 19:07:11,108 [WARNING] [ST_DEBUG] t=15.000255892153174 h=91.99525243849003 v=0.5805555555555555 rad=4.6637110218313114e-32 lat=41.536 lon=2.448 alt=30.0 dt=2026-01-27 18:06:55.811285+00:00 | HeatIndex=18.171455705061735 | Humedad=REAL
2026-01-27 19:07:11,108 [WARNING] [ST_DEBUG] \u2713 UTCI calculado: 15.7░C | Steadman: 15.760169921751043░C
[Ecowitt] Datos recibidos en puerto desconocido:
  PASSKEY: 979DFF1BC20666D72CD2FC0290AE1832
  stationtype: EasyWeatherV1.7.4
  dateutc: 2026-01-27 18:07:09
  tempinf: 59.2
  humidityin: 88
  baromrelin: 29.572
  baromabsin: 29.224
  tempf: 59.9
  humidity: 92
  winddir: 191
  winddir_avg10m: 195
  windspeedmph: 1.3
  windspdmph_avg10m: 1.6
  windgustmph: 2.2
  maxdailygust: 20.6
  rainratein: 0.000
  eventrainin: 0.039
  hourlyrainin: 0.000
  last24hrainin: 0.039
  dailyrainin: 0.039
  weeklyrainin: 0.130
  monthlyrainin: 4.917
  yearlyrainin: 32.531
  solarradiation: 0.00
  uv: 0
  soilmoisture1: 55
  soilad1: 264
  pm25_ch1: 109.0
  pm25_avg_24h_ch1: 159.9
  lightning_num: 0
  lightning_time: 1769363721
  lightning: 34
  vpd: 0.042
  wh65batt: 0
  wh25batt: 0
  soilbatt1: 1.4
  pm25batt1: 5
  wh57batt: 3
  freq: 868M
  model: HP2550A_Pro_V2.0.9
  lightning: 34
  lightning_num: 0
  lightning_time: 1769363721
INFO:     192.168.0.20:13836 - "POST /ecowitt HTTP/1.1" 200 OK
C:\Users\kioko\Desktop\MeteoSerV3\core\indices\environmental_indices.py:965: DeprecationWarning: datetime.datetime.utcfromtimestamp() is deprecated and scheduled for removal in a future version. Use timezone-aware objects to represent datetimes in UTC: datetime.datetime.fromtimestamp(timestamp, datetime.UTC).
  return datetime.datetime.utcfromtimestamp(float(timestamp)).replace(tzinfo=timezone.utc)
2026-01-27 19:07:12,374 [WARNING] [ST_DEBUG] t=15.000255892153174 h=91.99525243849003 v=0.5805555555555555 rad=4.6637110218313114e-32 lat=41.536 lon=2.448 alt=30.0 dt=2026-01-27 18:07:11.068857+00:00 | HeatIndex=18.171455705061735 | Humedad=REAL
2026-01-27 19:07:12,374 [WARNING] [ST_DEBUG] \u2713 UTCI calculado: 15.7░C | Steadman: 15.760169921751043░C
2026-01-27 19:07:12,464 [WARNING] [ST_DEBUG] t=15.000255892153174 h=91.99525243849003 v=0.5805555555555555 rad=4.6637110218313114e-32 lat=41.536 lon=2.448 alt=30.0 dt=2026-01-27 18:07:11.068857+00:00 | HeatIndex=18.171455705061735 | Humedad=REAL
2026-01-27 19:07:12,464 [WARNING] [ST_DEBUG] \u2713 UTCI calculado: 15.7░C | Steadman: 15.760169921751043░C
2026-01-27 19:07:12,589 [WARNING] [ST_DEBUG] t=15.000255892153174 h=91.99525243849003 v=0.5805555555555555 rad=4.6637110218313114e-32 lat=41.536 lon=2.448 alt=30.0 dt=2026-01-27 18:07:11.068857+00:00 | HeatIndex=18.171455705061735 | Humedad=REAL
2026-01-27 19:07:12,589 [WARNING] [ST_DEBUG] \u2713 UTCI calculado: 15.7░C | Steadman: 15.760169921751043░C
2026-01-27 19:07:12,685 [WARNING] [ST_DEBUG] t=15.000255892153174 h=91.99525243849003 v=0.5805555555555555 rad=4.6637110218313114e-32 lat=41.536 lon=2.448 alt=30.0 dt=2026-01-27 18:07:11.068857+00:00 | HeatIndex=18.171455705061735 | Humedad=REAL
2026-01-27 19:07:12,688 [WARNING] [ST_DEBUG] \u2713 UTCI calculado: 15.7░C | Steadman: 15.760169921751043░C
2026-01-27 19:07:12,782 [WARNING] [ST_DEBUG] t=15.000255892153174 h=91.99525243849003 v=0.5805555555555555 rad=4.6637110218313114e-32 lat=41.536 lon=2.448 alt=30.0 dt=2026-01-27 18:07:11.068857+00:00 | HeatIndex=18.171455705061735 | Humedad=REAL
2026-01-27 19:07:12,782 [WARNING] [ST_DEBUG] \u2713 UTCI calculado: 15.7░C | Steadman: 15.760169921751043░C
2026-01-27 19:07:12,894 [WARNING] [ST_DEBUG] t=15.000255892153174 h=91.99525243849003 v=0.5805555555555555 rad=4.6637110218313114e-32 lat=41.536 lon=2.448 alt=30.0 dt=2026-01-27 18:02:47.110281+00:00 | HeatIndex=18.171455705061735 | Humedad=REAL
2026-01-27 19:07:12,894 [WARNING] [ST_DEBUG] \u2713 UTCI calculado: 15.7░C | Steadman: 15.760169921751043░C
2026-01-27 19:07:12,978 [WARNING] [ST_DEBUG] t=15.000255892153174 h=91.99525243849003 v=0.5805555555555555 rad=4.6637110218313114e-32 lat=41.536 lon=2.448 alt=30.0 dt=2026-01-27 18:07:11.068857+00:00 | HeatIndex=18.171455705061735 | Humedad=REAL
2026-01-27 19:07:12,978 [WARNING] [ST_DEBUG] \u2713 UTCI calculado: 15.7░C | Steadman: 15.760169921751043░C
INFO:     127.0.0.1:60048 - "GET /estado HTTP/1.1" 200 OK
INFO:     127.0.0.1:60048 - "GET /api/sensores/historial?nombre=temperatura HTTP/1.1" 200 OK
INFO:     127.0.0.1:51206 - "GET /api/sensores/historial?nombre=humedad HTTP/1.1" 200 OK
C:\Users\kioko\Desktop\MeteoSerV3\main_asgi.py:1077: DeprecationWarning: datetime.datetime.utcnow() is deprecated and scheduled for removal in a future version. Use timezone-aware objects to represent datetimes in UTC: datetime.datetime.now(datetime.UTC).
  "updated_at": datetime.datetime.utcnow().isoformat(),
INFO:     127.0.0.1:51206 - "POST /client_time HTTP/1.1" 200 OK
C:\Users\kioko\Desktop\MeteoSerV3\core\indices\environmental_indices.py:965: DeprecationWarning: datetime.datetime.utcfromtimestamp() is deprecated and scheduled for removal in a future version. Use timezone-aware objects to represent datetimes in UTC: datetime.datetime.fromtimestamp(timestamp, datetime.UTC).
  return datetime.datetime.utcfromtimestamp(float(timestamp)).replace(tzinfo=timezone.utc)
2026-01-27 19:07:22,376 [WARNING] [ST_DEBUG] t=15.000255892153174 h=91.99525243849003 v=0.5805555555555555 rad=4.6637110218313114e-32 lat=41.536 lon=2.448 alt=30.0 dt=2026-01-27 18:07:11.068857+00:00 | HeatIndex=18.171455705061735 | Humedad=REAL
2026-01-27 19:07:22,376 [WARNING] [ST_DEBUG] \u2713 UTCI calculado: 15.7░C | Steadman: 15.760169921751043░C
2026-01-27 19:07:22,571 [WARNING] [ST_DEBUG] t=15.000255892153174 h=91.99525243849003 v=0.5805555555555555 rad=4.6637110218313114e-32 lat=41.536 lon=2.448 alt=30.0 dt=2026-01-27 18:07:11.068857+00:00 | HeatIndex=18.171455705061735 | Humedad=REAL
2026-01-27 19:07:22,571 [WARNING] [ST_DEBUG] \u2713 UTCI calculado: 15.7░C | Steadman: 15.760169921751043░C
2026-01-27 19:07:22,760 [WARNING] [ST_DEBUG] t=15.000255892153174 h=91.99525243849003 v=0.5805555555555555 rad=4.6637110218313114e-32 lat=41.536 lon=2.448 alt=30.0 dt=2026-01-27 18:07:11.068857+00:00 | HeatIndex=18.171455705061735 | Humedad=REAL
2026-01-27 19:07:22,760 [WARNING] [ST_DEBUG] \u2713 UTCI calculado: 15.7░C | Steadman: 15.760169921751043░C
2026-01-27 19:07:22,870 [WARNING] [ST_DEBUG] t=15.000255892153174 h=91.99525243849003 v=0.5805555555555555 rad=4.6637110218313114e-32 lat=41.536 lon=2.448 alt=30.0 dt=2026-01-27 18:07:11.068857+00:00 | HeatIndex=18.171455705061735 | Humedad=REAL
2026-01-27 19:07:22,870 [WARNING] [ST_DEBUG] \u2713 UTCI calculado: 15.7░C | Steadman: 15.760169921751043░C
2026-01-27 19:07:23,031 [WARNING] [ST_DEBUG] t=15.000255892153174 h=91.99525243849003 v=0.5805555555555555 rad=4.6637110218313114e-32 lat=41.536 lon=2.448 alt=30.0 dt=2026-01-27 18:07:11.068857+00:00 | HeatIndex=18.171455705061735 | Humedad=REAL
2026-01-27 19:07:23,032 [WARNING] [ST_DEBUG] \u2713 UTCI calculado: 15.7░C | Steadman: 15.760169921751043░C
2026-01-27 19:07:23,212 [WARNING] [ST_DEBUG] t=15.000255892153174 h=91.99525243849003 v=0.5805555555555555 rad=4.6637110218313114e-32 lat=41.536 lon=2.448 alt=30.0 dt=2026-01-27 18:02:47.110281+00:00 | HeatIndex=18.171455705061735 | Humedad=REAL
2026-01-27 19:07:23,213 [WARNING] [ST_DEBUG] \u2713 UTCI calculado: 15.7░C | Steadman: 15.760169921751043░C
2026-01-27 19:07:23,340 [WARNING] [ST_DEBUG] t=15.000255892153174 h=91.99525243849003 v=0.5805555555555555 rad=4.6637110218313114e-32 lat=41.536 lon=2.448 alt=30.0 dt=2026-01-27 18:07:11.068857+00:00 | HeatIndex=18.171455705061735 | Humedad=REAL
2026-01-27 19:07:23,340 [WARNING] [ST_DEBUG] \u2713 UTCI calculado: 15.7░C | Steadman: 15.760169921751043░C
INFO:     127.0.0.1:60907 - "GET /estado HTTP/1.1" 200 OK
INFO:     127.0.0.1:60907 - "GET /api/sensores/historial?nombre=temperatura HTTP/1.1" 200 OK
INFO:     127.0.0.1:55346 - "GET /api/sensores/historial?nombre=humedad HTTP/1.1" 200 OK
2026-01-27 19:07:32,413 [WARNING] [ST_DEBUG] t=15.000255892153174 h=91.99525243849003 v=0.5805555555555555 rad=4.6637110218313114e-32 lat=41.536 lon=2.448 alt=30.0 dt=2026-01-27 18:07:11.068857+00:00 | HeatIndex=18.171455705061735 | Humedad=REAL
2026-01-27 19:07:32,413 [WARNING] [ST_DEBUG] \u2713 UTCI calculado: 15.7░C | Steadman: 15.760169921751043░C
2026-01-27 19:07:32,724 [WARNING] [ST_DEBUG] t=15.000179124507222 h=91.996676706943 v=0.17777777777777778 rad=3.730968817465049e-32 lat=41.536 lon=2.448 alt=30.0 dt=2026-01-27 18:07:11.068857+00:00 | HeatIndex=18.170776273375242 | Humedad=REAL
2026-01-27 19:07:32,724 [WARNING] [ST_DEBUG] \u2713 UTCI calculado: 15.9░C | Steadman: 16.042092087020244░C
[Ecowitt] Datos recibidos en puerto desconocido:
  PASSKEY: 979DFF1BC20666D72CD2FC0290AE1832
  stationtype: EasyWeatherV1.7.4
  dateutc: 2026-01-27 18:07:25
  tempinf: 59.0
  humidityin: 88
  baromrelin: 29.572
  baromabsin: 29.224
  tempf: 59.9
  humidity: 92
  winddir: 191
  winddir_avg10m: 195
  windspeedmph: 0.4
  windspdmph_avg10m: 1.6
  windgustmph: 2.2
  maxdailygust: 20.6
  rainratein: 0.000
  eventrainin: 0.039
  hourlyrainin: 0.000
  last24hrainin: 0.039
  dailyrainin: 0.039
  weeklyrainin: 0.130
  monthlyrainin: 4.917
  yearlyrainin: 32.531
  solarradiation: 0.00
  uv: 0
  soilmoisture1: 55
  soilad1: 264
  pm25_ch1: 109.0
  pm25_avg_24h_ch1: 159.9
  lightning_num: 0
  lightning_time: 1769363721
  lightning: 34
  vpd: 0.042
  wh65batt: 0
  wh25batt: 0
  soilbatt1: 1.4
  pm25batt1: 5
  wh57batt: 3
  freq: 868M
  model: HP2550A_Pro_V2.0.9
  lightning: 34
  lightning_num: 0
  lightning_time: 1769363721
INFO:     192.168.0.20:42401 - "POST /ecowitt HTTP/1.1" 200 OK
C:\Users\kioko\Desktop\MeteoSerV3\core\indices\environmental_indices.py:965: DeprecationWarning: datetime.datetime.utcfromtimestamp() is deprecated and scheduled for removal in a future version. Use timezone-aware objects to represent datetimes in UTC: datetime.datetime.fromtimestamp(timestamp, datetime.UTC).
  return datetime.datetime.utcfromtimestamp(float(timestamp)).replace(tzinfo=timezone.utc)
2026-01-27 19:07:32,803 [WARNING] [ST_DEBUG] t=15.000179124507222 h=91.996676706943 v=0.17777777777777778 rad=3.730968817465049e-32 lat=41.536 lon=2.448 alt=30.0 dt=2026-01-27 18:07:32.703226+00:00 | HeatIndex=18.170776273375242 | Humedad=REAL
2026-01-27 19:07:32,803 [WARNING] [ST_DEBUG] \u2713 UTCI calculado: 15.9░C | Steadman: 16.042092087020244░C
2026-01-27 19:07:32,875 [WARNING] [ST_DEBUG] t=15.000179124507222 h=91.996676706943 v=0.17777777777777778 rad=3.730968817465049e-32 lat=41.536 lon=2.448 alt=30.0 dt=2026-01-27 18:07:32.703226+00:00 | HeatIndex=18.170776273375242 | Humedad=REAL
2026-01-27 19:07:32,875 [WARNING] [ST_DEBUG] \u2713 UTCI calculado: 15.9░C | Steadman: 16.042092087020244░C
2026-01-27 19:07:32,977 [WARNING] [ST_DEBUG] t=15.000179124507222 h=91.996676706943 v=0.17777777777777778 rad=3.730968817465049e-32 lat=41.536 lon=2.448 alt=30.0 dt=2026-01-27 18:07:32.703226+00:00 | HeatIndex=18.170776273375242 | Humedad=REAL
2026-01-27 19:07:32,977 [WARNING] [ST_DEBUG] \u2713 UTCI calculado: 15.9░C | Steadman: 16.042092087020244░C
2026-01-27 19:07:33,059 [WARNING] [ST_DEBUG] t=15.000179124507222 h=91.996676706943 v=0.17777777777777778 rad=3.730968817465049e-32 lat=41.536 lon=2.448 alt=30.0 dt=2026-01-27 18:07:32.703226+00:00 | HeatIndex=18.170776273375242 | Humedad=REAL
2026-01-27 19:07:33,061 [WARNING] [ST_DEBUG] \u2713 UTCI calculado: 15.9░C | Steadman: 16.042092087020244░C
2026-01-27 19:07:33,144 [WARNING] [ST_DEBUG] t=15.000179124507222 h=91.996676706943 v=0.17777777777777778 rad=3.730968817465049e-32 lat=41.536 lon=2.448 alt=30.0 dt=2026-01-27 18:07:32.703226+00:00 | HeatIndex=18.170776273375242 | Humedad=REAL
2026-01-27 19:07:33,144 [WARNING] [ST_DEBUG] \u2713 UTCI calculado: 15.9░C | Steadman: 16.042092087020244░C
2026-01-27 19:07:33,243 [WARNING] [ST_DEBUG] t=15.000179124507222 h=91.996676706943 v=0.17777777777777778 rad=3.730968817465049e-32 lat=41.536 lon=2.448 alt=30.0 dt=2026-01-27 18:02:47.110281+00:00 | HeatIndex=18.170776273375242 | Humedad=REAL
2026-01-27 19:07:33,243 [WARNING] [ST_DEBUG] \u2713 UTCI calculado: 15.9░C | Steadman: 16.042092087020244░C
2026-01-27 19:07:33,303 [WARNING] [ST_DEBUG] t=15.000179124507222 h=91.996676706943 v=0.17777777777777778 rad=3.730968817465049e-32 lat=41.536 lon=2.448 alt=30.0 dt=2026-01-27 18:07:32.703226+00:00 | HeatIndex=18.170776273375242 | Humedad=REAL
2026-01-27 19:07:33,303 [WARNING] [ST_DEBUG] \u2713 UTCI calculado: 15.9░C | Steadman: 16.042092087020244░C
INFO:     127.0.0.1:54901 - "GET /estado HTTP/1.1" 200 OK
INFO:     127.0.0.1:54901 - "GET /api/sensores/historial?nombre=temperatura HTTP/1.1" 200 OK
INFO:     127.0.0.1:53150 - "GET /api/sensores/historial?nombre=humedad HTTP/1.1" 200 OK
2026-01-27 19:07:42,029 [WARNING] unregister_all_services skipped as it does blocking i/o; use AsyncZeroconf with asyncio
C:\Users\kioko\Desktop\MeteoSerV3\core\auto\auto_sensor_discovery.py:262: DeprecationWarning: Callback API version 1 is deprecated, update to latest version
  self._mqtt_client = mqtt.Client()
[INFO] AutoSensorDiscovery: MQTT TLS habilitado (ca=C:\mosquitto\conf\certs\ca.cert.pem, mutual=False)
2026-01-27 19:07:42,318 [INFO] MQTT TLS habilitado (ca=C:\mosquitto\conf\certs\ca.cert.pem, mutual=False)
C:\Users\kioko\Desktop\MeteoSerV3\main_asgi.py:1077: DeprecationWarning: datetime.datetime.utcnow() is deprecated and scheduled for removal in a future version. Use timezone-aware objects to represent datetimes in UTC: datetime.datetime.now(datetime.UTC).
  "updated_at": datetime.datetime.utcnow().isoformat(),
2026-01-27 19:07:51,253 [INFO] AutoCalibration: factores globales actualizados (36)
INFO:     127.0.0.1:62303 - "POST /client_time HTTP/1.1" 200 OK
2026-01-27 19:07:52,015 [WARNING] [ST_DEBUG] t=15.000179124507222 h=91.996676706943 v=0.17777777777777778 rad=3.730968817465049e-32 lat=41.536 lon=2.448 alt=30.0 dt=2026-01-27 18:07:46.045000+00:00 | HeatIndex=18.170776273375242 | Humedad=REAL
2026-01-27 19:07:52,016 [WARNING] [ST_DEBUG] \u2713 UTCI calculado: 15.9░C | Steadman: 16.042092087020244░C
C:\Users\kioko\Desktop\MeteoSerV3\core\indices\environmental_indices.py:965: DeprecationWarning: datetime.datetime.utcfromtimestamp() is deprecated and scheduled for removal in a future version. Use timezone-aware objects to represent datetimes in UTC: datetime.datetime.fromtimestamp(timestamp, datetime.UTC).
  return datetime.datetime.utcfromtimestamp(float(timestamp)).replace(tzinfo=timezone.utc)
2026-01-27 19:07:52,233 [WARNING] [ST_DEBUG] t=15.000179124507222 h=91.996676706943 v=0.17777777777777778 rad=3.730968817465049e-32 lat=41.536 lon=2.448 alt=30.0 dt=2026-01-27 18:07:32.703226+00:00 | HeatIndex=18.170776273375242 | Humedad=REAL
2026-01-27 19:07:52,233 [WARNING] [ST_DEBUG] \u2713 UTCI calculado: 15.9░C | Steadman: 16.042092087020244░C
2026-01-27 19:07:53,765 [WARNING] [ST_DEBUG] t=15.000179124507222 h=91.996676706943 v=0.17777777777777778 rad=3.730968817465049e-32 lat=41.536 lon=2.448 alt=30.0 dt=2026-01-27 18:07:32.703226+00:00 | HeatIndex=18.170776273375242 | Humedad=REAL
2026-01-27 19:07:53,765 [WARNING] [ST_DEBUG] \u2713 UTCI calculado: 15.9░C | Steadman: 16.042092087020244░C
2026-01-27 19:07:55,563 [WARNING] [ST_DEBUG] t=15.000179124507222 h=91.996676706943 v=0.17777777777777778 rad=2.9847750539720393e-32 lat=41.536 lon=2.448 alt=30.0 dt=2026-01-27 18:07:32.703226+00:00 | HeatIndex=18.170776273375242 | Humedad=REAL
2026-01-27 19:07:55,563 [WARNING] [ST_DEBUG] \u2713 UTCI calculado: 15.9░C | Steadman: 16.042092087020244░C
2026-01-27 19:07:57,145 [WARNING] [ST_DEBUG] t=15.000179124507222 h=91.996676706943 v=0.17777777777777778 rad=2.9847750539720393e-32 lat=41.536 lon=2.448 alt=30.0 dt=2026-01-27 18:07:32.703226+00:00 | HeatIndex=18.170776273375242 | Humedad=REAL
2026-01-27 19:07:57,146 [WARNING] [ST_DEBUG] \u2713 UTCI calculado: 15.9░C | Steadman: 16.042092087020244░C
2026-01-27 19:07:58,762 [WARNING] [ST_DEBUG] t=15.000125387155055 h=91.9976736948601 v=0 rad=2.9847750539720393e-32 lat=41.536 lon=2.448 alt=30.0 dt=2026-01-27 18:07:32.703226+00:00 | HeatIndex=18.17030065258049 | Humedad=REAL
2026-01-27 19:07:58,796 [WARNING] [ST_DEBUG] \u2713 UTCI calculado: 15.9░C | Steadman: 16.166520935637948░C
2026-01-27 19:07:58,865 [WARNING] [ST_DEBUG] t=15.000125387155055 h=91.9976736948601 v=0 rad=2.9847750539720393e-32 lat=41.536 lon=2.448 alt=30.0 dt=2026-01-27 18:07:32.703226+00:00 | HeatIndex=18.17030065258049 | Humedad=REAL
2026-01-27 19:07:58,865 [WARNING] [ST_DEBUG] \u2713 UTCI calculado: 15.9░C | Steadman: 16.166520935637948░C
[Ecowitt] Datos recibidos en puerto desconocido:
  PASSKEY: 979DFF1BC20666D72CD2FC0290AE1832
  stationtype: EasyWeatherV1.7.4
  dateutc: 2026-01-27 18:07:41
  tempinf: 59.0
  humidityin: 88
  baromrelin: 29.572
  baromabsin: 29.224
  tempf: 59.9
  humidity: 92
  winddir: 206
  winddir_avg10m: 191
  windspeedmph: 0.0
  windspdmph_avg10m: 1.3
  windgustmph: 2.2
  maxdailygust: 20.6
  rainratein: 0.000
  eventrainin: 0.039
  hourlyrainin: 0.000
  last24hrainin: 0.039
  dailyrainin: 0.039
  weeklyrainin: 0.130
  monthlyrainin: 4.917
  yearlyrainin: 32.531
  solarradiation: 0.00
  uv: 0
  soilmoisture1: 55
  soilad1: 264
  pm25_ch1: 103.0
  pm25_avg_24h_ch1: 158.7
  lightning_num: 0
  lightning_time: 1769363721
  lightning: 34
  vpd: 0.042
  wh65batt: 0
  wh25batt: 0
  soilbatt1: 1.4
  pm25batt1: 5
  wh57batt: 3
  freq: 868M
  model: HP2550A_Pro_V2.0.9
  lightning: 34
  lightning_num: 0
  lightning_time: 1769363721
INFO:     192.168.0.20:1465 - "POST /ecowitt HTTP/1.1" 200 OK
2026-01-27 19:08:00,329 [WARNING] [ST_DEBUG] t=15.000125387155055 h=91.9976736948601 v=0 rad=2.9847750539720393e-32 lat=41.536 lon=2.448 alt=30.0 dt=2026-01-27 18:02:47.110281+00:00 | HeatIndex=18.17030065258049 | Humedad=REAL
2026-01-27 19:08:00,329 [WARNING] [ST_DEBUG] \u2713 UTCI calculado: 15.9░C | Steadman: 16.166520935637948░C
[DEBUG] AutoSensorDiscovery: mDNS BadTypeInNameException:  (service_type=_services._dns-sd._udp.local., name=_workstation._tcp.local.)
2026-01-27 19:08:00,378 [DEBUG] mDNS BadTypeInNameException:  (service_type=_services._dns-sd._udp.local., name=_workstation._tcp.local.)
[DEBUG] AutoSensorDiscovery: mDNS BadTypeInNameException:  (service_type=_services._dns-sd._udp.local., name=_amzn-wplay._tcp.local.)
2026-01-27 19:08:00,495 [DEBUG] mDNS BadTypeInNameException:  (service_type=_services._dns-sd._udp.local., name=_amzn-wplay._tcp.local.)
[DEBUG] AutoSensorDiscovery: mDNS BadTypeInNameException:  (service_type=_services._dns-sd._udp.local., name=_frameo._tcp.local.)
2026-01-27 19:08:00,509 [DEBUG] mDNS BadTypeInNameException:  (service_type=_services._dns-sd._udp.local., name=_frameo._tcp.local.)
[DEBUG] AutoSensorDiscovery: mDNS BadTypeInNameException:  (service_type=_services._dns-sd._udp.local., name=_dosvc._tcp.local.)
2026-01-27 19:08:00,566 [DEBUG] mDNS BadTypeInNameException:  (service_type=_services._dns-sd._udp.local., name=_dosvc._tcp.local.)
[DEBUG] AutoSensorDiscovery: mDNS BadTypeInNameException:  (service_type=_services._dns-sd._udp.local., name=_spotify-connect._tcp.local.)
2026-01-27 19:08:00,566 [DEBUG] mDNS BadTypeInNameException:  (service_type=_services._dns-sd._udp.local., name=_spotify-connect._tcp.local.)
[DEBUG] AutoSensorDiscovery: mDNS BadTypeInNameException:  (service_type=_services._dns-sd._udp.local., name=_FC9F5ED42C8A._tcp.local.)
2026-01-27 19:08:00,567 [DEBUG] mDNS BadTypeInNameException:  (service_type=_services._dns-sd._udp.local., name=_FC9F5ED42C8A._tcp.local.)
[DEBUG] AutoSensorDiscovery: mDNS BadTypeInNameException:  (service_type=_services._dns-sd._udp.local., name=_amzn-alexa._tcp.local.)
2026-01-27 19:08:00,580 [DEBUG] mDNS BadTypeInNameException:  (service_type=_services._dns-sd._udp.local., name=_amzn-alexa._tcp.local.)
2026-01-27 19:08:01,646 [WARNING] [ST_DEBUG] t=15.000125387155055 h=91.9976736948601 v=0 rad=2.9847750539720393e-32 lat=41.536 lon=2.448 alt=30.0 dt=2026-01-27 18:07:32.703226+00:00 | HeatIndex=18.17030065258049 | Humedad=REAL
2026-01-27 19:08:01,661 [WARNING] [ST_DEBUG] \u2713 UTCI calculado: 15.9░C | Steadman: 16.166520935637948░C
INFO:     127.0.0.1:51995 - "GET /estado HTTP/1.1" 200 OK
C:\Users\kioko\Desktop\MeteoSerV3\core\indices\environmental_indices.py:965: DeprecationWarning: datetime.datetime.utcfromtimestamp() is deprecated and scheduled for removal in a future version. Use timezone-aware objects to represent datetimes in UTC: datetime.datetime.fromtimestamp(timestamp, datetime.UTC).
  return datetime.datetime.utcfromtimestamp(float(timestamp)).replace(tzinfo=timezone.utc)
2026-01-27 19:08:03,246 [WARNING] [ST_DEBUG] t=15.000125387155055 h=91.9976736948601 v=0 rad=2.9847750539720393e-32 lat=41.536 lon=2.448 alt=30.0 dt=2026-01-27 18:07:58.434950+00:00 | HeatIndex=18.17030065258049 | Humedad=REAL
2026-01-27 19:08:03,247 [WARNING] [ST_DEBUG] \u2713 UTCI calculado: 15.9░C | Steadman: 16.166520935637948░C
INFO:     127.0.0.1:64150 - "GET /api/sensores/historial?nombre=temperatura HTTP/1.1" 200 OK
INFO:     127.0.0.1:64928 - "GET /api/sensores/historial?nombre=humedad HTTP/1.1" 200 OK
2026-01-27 19:08:04,712 [WARNING] [ST_DEBUG] t=15.000125387155055 h=91.9976736948601 v=0 rad=2.9847750539720393e-32 lat=41.536 lon=2.448 alt=30.0 dt=2026-01-27 18:07:58.434950+00:00 | HeatIndex=18.17030065258049 | Humedad=REAL
2026-01-27 19:08:04,712 [WARNING] [ST_DEBUG] \u2713 UTCI calculado: 15.9░C | Steadman: 16.166520935637948░C
2026-01-27 19:08:06,527 [WARNING] [ST_DEBUG] t=15.000125387155055 h=91.9976736948601 v=0 rad=2.9847750539720393e-32 lat=41.536 lon=2.448 alt=30.0 dt=2026-01-27 18:07:58.434950+00:00 | HeatIndex=18.17030065258049 | Humedad=REAL
2026-01-27 19:08:06,527 [WARNING] [ST_DEBUG] \u2713 UTCI calculado: 15.9░C | Steadman: 16.166520935637948░C
2026-01-27 19:08:06,862 [WARNING] [ST_DEBUG] t=15.000125387155055 h=91.9976736948601 v=0 rad=2.9847750539720393e-32 lat=41.536 lon=2.448 alt=30.0 dt=2026-01-27 18:07:58.434950+00:00 | HeatIndex=18.17030065258049 | Humedad=REAL
2026-01-27 19:08:06,862 [WARNING] [ST_DEBUG] \u2713 UTCI calculado: 15.9░C | Steadman: 16.166520935637948░C
2026-01-27 19:08:08,528 [WARNING] [ST_DEBUG] t=15.000125387155055 h=91.9976736948601 v=0 rad=2.9847750539720393e-32 lat=41.536 lon=2.448 alt=30.0 dt=2026-01-27 18:07:58.434950+00:00 | HeatIndex=18.17030065258049 | Humedad=REAL
2026-01-27 19:08:08,528 [WARNING] [ST_DEBUG] \u2713 UTCI calculado: 15.9░C | Steadman: 16.166520935637948░C
2026-01-27 19:08:10,377 [WARNING] [ST_DEBUG] t=15.000125387155055 h=91.9976736948601 v=0 rad=2.3878200431776317e-32 lat=41.536 lon=2.448 alt=30.0 dt=2026-01-27 18:02:47.110281+00:00 | HeatIndex=18.17030065258049 | Humedad=REAL
2026-01-27 19:08:10,378 [WARNING] [ST_DEBUG] \u2713 UTCI calculado: 15.9░C | Steadman: 16.166520935637948░C
2026-01-27 19:08:39,491 [WARNING] [ST_DEBUG] t=15.000125387155055 h=91.9976736948601 v=0 rad=2.3878200431776317e-32 lat=41.536 lon=2.448 alt=30.0 dt=2026-01-27 18:07:58.434950+00:00 | HeatIndex=18.17030065258049 | Humedad=REAL
2026-01-27 19:08:39,491 [WARNING] [ST_DEBUG] \u2713 UTCI calculado: 15.9░C | Steadman: 16.166520935637948░C
2026-01-27 19:08:39,529 [WARNING] [ST_DEBUG] t=15.000087771008538 h=91.99837158640206 v=0 rad=2.3878200431776317e-32 lat=41.536 lon=2.448 alt=30.0 dt=2026-01-27 18:07:58.434950+00:00 | HeatIndex=18.16996770890316 | Humedad=REAL
2026-01-27 19:08:39,529 [WARNING] [ST_DEBUG] \u2713 UTCI calculado: 15.9░C | Steadman: 16.16651001836123░C
[Ecowitt] Datos recibidos en puerto desconocido:
  PASSKEY: 979DFF1BC20666D72CD2FC0290AE1832
  stationtype: EasyWeatherV1.7.4
  dateutc: 2026-01-27 18:08:05
  tempinf: 59.0
  humidityin: 88
  baromrelin: 29.572
  baromabsin: 29.224
  tempf: 59.9
  humidity: 92
  winddir: 206
  winddir_avg10m: 195
  windspeedmph: 0.0
  windspdmph_avg10m: 1.1
  windgustmph: 2.2
  maxdailygust: 20.6
  rainratein: 0.000
  eventrainin: 0.039
  hourlyrainin: 0.000
  last24hrainin: 0.039
  dailyrainin: 0.039
  weeklyrainin: 0.130
  monthlyrainin: 4.917
  yearlyrainin: 32.531
  solarradiation: 0.00
  uv: 0
  soilmoisture1: 55
  soilad1: 264
  pm25_ch1: 103.0
  pm25_avg_24h_ch1: 158.7
  lightning_num: 0
  lightning_time: 1769363721
  lightning: 34
  vpd: 0.042
  wh65batt: 0
  wh25batt: 0
  soilbatt1: 1.4
  pm25batt1: 5
  wh57batt: 3
  freq: 868M
  model: HP2550A_Pro_V2.0.9
  lightning: 34
  lightning_num: 0
  lightning_time: 1769363721
INFO:     192.168.0.20:25709 - "POST /ecowitt HTTP/1.1" 200 OK
INFO:     127.0.0.1:51995 - "GET /estado HTTP/1.1" 200 OK
INFO:     127.0.0.1:64928 - "POST /client_time HTTP/1.1" 200 OK
C:\Users\kioko\Desktop\MeteoSerV3\main_asgi.py:1077: DeprecationWarning: datetime.datetime.utcnow() is deprecated and scheduled for removal in a future version. Use timezone-aware objects to represent datetimes in UTC: datetime.datetime.now(datetime.UTC).
  "updated_at": datetime.datetime.utcnow().isoformat(),
C:\Users\kioko\Desktop\MeteoSerV3\core\indices\environmental_indices.py:965: DeprecationWarning: datetime.datetime.utcfromtimestamp() is deprecated and scheduled for removal in a future version. Use timezone-aware objects to represent datetimes in UTC: datetime.datetime.fromtimestamp(timestamp, datetime.UTC).
  return datetime.datetime.utcfromtimestamp(float(timestamp)).replace(tzinfo=timezone.utc)
2026-01-27 19:08:39,603 [WARNING] [ST_DEBUG] t=15.000087771008538 h=91.99837158640206 v=0 rad=2.3878200431776317e-32 lat=41.536 lon=2.448 alt=30.0 dt=2026-01-27 18:08:39.524537+00:00 | HeatIndex=18.16996770890316 | Humedad=REAL
2026-01-27 19:08:39,604 [WARNING] [ST_DEBUG] \u2713 UTCI calculado: 15.9░C | Steadman: 16.16651001836123░C
2026-01-27 19:08:39,608 [WARNING] [ST_DEBUG] t=15.000087771008538 h=91.99837158640206 v=0 rad=2.3878200431776317e-32 lat=41.536 lon=2.448 alt=30.0 dt=2026-01-27 18:08:39.524537+00:00 | HeatIndex=18.16996770890316 | Humedad=REAL
2026-01-27 19:08:39,608 [WARNING] [ST_DEBUG] \u2713 UTCI calculado: 15.9░C | Steadman: 16.16651001836123░C
2026-01-27 19:08:39,660 [WARNING] [ST_DEBUG] t=15.000087771008538 h=91.99837158640206 v=0 rad=2.3878200431776317e-32 lat=41.536 lon=2.448 alt=30.0 dt=2026-01-27 18:08:39.524537+00:00 | HeatIndex=18.16996770890316 | Humedad=REAL
2026-01-27 19:08:39,660 [WARNING] [ST_DEBUG] \u2713 UTCI calculado: 15.9░C | Steadman: 16.16651001836123░C
2026-01-27 19:08:39,702 [WARNING] [ST_DEBUG] t=15.000087771008538 h=91.99837158640206 v=0 rad=1.9102560345421053e-32 lat=41.536 lon=2.448 alt=30.0 dt=2026-01-27 18:08:39.524537+00:00 | HeatIndex=18.16996770890316 | Humedad=REAL
2026-01-27 19:08:39,702 [WARNING] [ST_DEBUG] \u2713 UTCI calculado: 15.9░C | Steadman: 16.16651001836123░C
2026-01-27 19:08:39,735 [WARNING] [ST_DEBUG] t=15.000087771008538 h=91.99837158640206 v=0 rad=1.9102560345421053e-32 lat=41.536 lon=2.448 alt=30.0 dt=2026-01-27 18:08:39.524537+00:00 | HeatIndex=18.16996770890316 | Humedad=REAL
2026-01-27 19:08:39,735 [WARNING] [ST_DEBUG] \u2713 UTCI calculado: 15.9░C | Steadman: 16.16651001836123░C
2026-01-27 19:08:39,785 [WARNING] [ST_DEBUG] t=15.000087771008538 h=91.99837158640206 v=0 rad=1.9102560345421053e-32 lat=41.536 lon=2.448 alt=30.0 dt=2026-01-27 18:02:47.110281+00:00 | HeatIndex=18.16996770890316 | Humedad=REAL
2026-01-27 19:08:39,785 [WARNING] [ST_DEBUG] \u2713 UTCI calculado: 15.9░C | Steadman: 16.16651001836123░C
2026-01-27 19:08:39,812 [WARNING] [ST_DEBUG] t=15.000061439705975 h=91.99886011048143 v=0 rad=1.9102560345421053e-32 lat=41.536 lon=2.448 alt=30.0 dt=2026-01-27 18:08:39.524537+00:00 | HeatIndex=18.16973464385978 | Humedad=REAL
2026-01-27 19:08:39,812 [WARNING] [ST_DEBUG] \u2713 UTCI calculado: 15.9░C | Steadman: 16.166502376170513░C
2026-01-27 19:08:39,837 [WARNING] [ST_DEBUG] t=15.000061439705975 h=91.99886011048143 v=0 rad=1.9102560345421053e-32 lat=41.536 lon=2.448 alt=30.0 dt=2026-01-27 18:08:39.524537+00:00 | HeatIndex=18.16973464385978 | Humedad=REAL
2026-01-27 19:08:39,837 [WARNING] [ST_DEBUG] \u2713 UTCI calculado: 15.9░C | Steadman: 16.166502376170513░C
[Ecowitt] Datos recibidos en puerto desconocido:
  PASSKEY: 979DFF1BC20666D72CD2FC0290AE1832
  stationtype: EasyWeatherV1.7.4
  dateutc: 2026-01-27 18:08:29
  tempinf: 59.0
  humidityin: 88
  baromrelin: 29.575
  baromabsin: 29.227
  tempf: 59.9
  humidity: 92
  winddir: 206
  winddir_avg10m: 195
  windspeedmph: 0.0
  windspdmph_avg10m: 1.1
  windgustmph: 2.2
  maxdailygust: 20.6
  rainratein: 0.000
  eventrainin: 0.039
  hourlyrainin: 0.000
  last24hrainin: 0.039
  dailyrainin: 0.039
  weeklyrainin: 0.130
  monthlyrainin: 4.917
  yearlyrainin: 32.531
  solarradiation: 0.00
  uv: 0
  soilmoisture1: 55
  soilad1: 264
  pm25_ch1: 103.0
  pm25_avg_24h_ch1: 158.7
  lightning_num: 0
  lightning_time: 1769363721
  lightning: 34
  vpd: 0.042
  wh65batt: 0
  wh25batt: 0
  soilbatt1: 1.4
  pm25batt1: 5
  wh57batt: 3
  freq: 868M
  model: HP2550A_Pro_V2.0.9
  lightning: 34
  lightning_num: 0
  lightning_time: 1769363721
INFO:     192.168.0.20:23928 - "POST /ecowitt HTTP/1.1" 200 OK
INFO:     127.0.0.1:64150 - "GET /estado HTTP/1.1" 200 OK
C:\Users\kioko\Desktop\MeteoSerV3\core\indices\environmental_indices.py:965: DeprecationWarning: datetime.datetime.utcfromtimestamp() is deprecated and scheduled for removal in a future version. Use timezone-aware objects to represent datetimes in UTC: datetime.datetime.fromtimestamp(timestamp, datetime.UTC).
  return datetime.datetime.utcfromtimestamp(float(timestamp)).replace(tzinfo=timezone.utc)
INFO:     127.0.0.1:51995 - "GET /api/sensores/historial?nombre=temperatura HTTP/1.1" 200 OK
2026-01-27 19:08:39,904 [WARNING] [ST_DEBUG] t=15.000061439705975 h=91.99886011048143 v=0 rad=1.9102560345421053e-32 lat=41.536 lon=2.448 alt=30.0 dt=2026-01-27 18:08:39.817188+00:00 | HeatIndex=18.16973464385978 | Humedad=REAL
2026-01-27 19:08:39,904 [WARNING] [ST_DEBUG] \u2713 UTCI calculado: 15.9░C | Steadman: 16.166502376170513░C
C:\Users\kioko\Desktop\MeteoSerV3\core\indices\environmental_indices.py:965: DeprecationWarning: datetime.datetime.utcfromtimestamp() is deprecated and scheduled for removal in a future version. Use timezone-aware objects to represent datetimes in UTC: datetime.datetime.fromtimestamp(timestamp, datetime.UTC).
  return datetime.datetime.utcfromtimestamp(float(timestamp)).replace(tzinfo=timezone.utc)
INFO:     127.0.0.1:56206 - "GET /api/sensores/historial?nombre=humedad HTTP/1.1" 200 OK
2026-01-27 19:08:39,915 [WARNING] [ST_DEBUG] t=15.000061439705975 h=91.99886011048143 v=0 rad=1.9102560345421053e-32 lat=41.536 lon=2.448 alt=30.0 dt=2026-01-27 18:08:39.817188+00:00 | HeatIndex=18.16973464385978 | Humedad=REAL
2026-01-27 19:08:39,916 [WARNING] [ST_DEBUG] \u2713 UTCI calculado: 15.9░C | Steadman: 16.166502376170513░C
2026-01-27 19:08:39,952 [WARNING] [ST_DEBUG] t=15.000061439705975 h=91.99886011048143 v=0 rad=1.9102560345421053e-32 lat=41.536 lon=2.448 alt=30.0 dt=2026-01-27 18:08:39.817188+00:00 | HeatIndex=18.16973464385978 | Humedad=REAL
2026-01-27 19:08:39,952 [WARNING] [ST_DEBUG] \u2713 UTCI calculado: 15.9░C | Steadman: 16.166502376170513░C
INFO:     127.0.0.1:64150 - "GET /api/sensores/historial?nombre=temperatura HTTP/1.1" 200 OK
INFO:     127.0.0.1:56206 - "GET /api/sensores/historial?nombre=humedad HTTP/1.1" 200 OK
2026-01-27 19:08:39,987 [WARNING] [ST_DEBUG] t=15.000061439705975 h=91.99886011048143 v=0 rad=1.9102560345421053e-32 lat=41.536 lon=2.448 alt=30.0 dt=2026-01-27 18:08:39.817188+00:00 | HeatIndex=18.16973464385978 | Humedad=REAL
2026-01-27 19:08:39,987 [WARNING] [ST_DEBUG] \u2713 UTCI calculado: 15.9░C | Steadman: 16.166502376170513░C
2026-01-27 19:08:40,042 [WARNING] [ST_DEBUG] t=15.000061439705975 h=91.99886011048143 v=0 rad=1.9102560345421053e-32 lat=41.536 lon=2.448 alt=30.0 dt=2026-01-27 18:08:39.817188+00:00 | HeatIndex=18.16973464385978 | Humedad=REAL
2026-01-27 19:08:40,045 [WARNING] [ST_DEBUG] \u2713 UTCI calculado: 15.9░C | Steadman: 16.166502376170513░C
2026-01-27 19:08:40,058 [WARNING] [ST_DEBUG] t=15.000061439705975 h=91.99886011048143 v=0 rad=1.9102560345421053e-32 lat=41.536 lon=2.448 alt=30.0 dt=2026-01-27 18:08:39.817188+00:00 | HeatIndex=18.16973464385978 | Humedad=REAL
2026-01-27 19:08:40,058 [WARNING] [ST_DEBUG] \u2713 UTCI calculado: 15.9░C | Steadman: 16.166502376170513░C
2026-01-27 19:08:40,085 [WARNING] [ST_DEBUG] t=15.000061439705975 h=91.99886011048143 v=0 rad=1.9102560345421053e-32 lat=41.536 lon=2.448 alt=30.0 dt=2026-01-27 18:08:39.817188+00:00 | HeatIndex=18.16973464385978 | Humedad=REAL
2026-01-27 19:08:40,085 [WARNING] [ST_DEBUG] \u2713 UTCI calculado: 15.9░C | Steadman: 16.166502376170513░C
2026-01-27 19:08:40,111 [WARNING] [ST_DEBUG] t=15.000061439705975 h=91.99886011048143 v=0 rad=1.9102560345421053e-32 lat=41.536 lon=2.448 alt=30.0 dt=2026-01-27 18:08:39.817188+00:00 | HeatIndex=18.16973464385978 | Humedad=REAL
2026-01-27 19:08:40,111 [WARNING] [ST_DEBUG] \u2713 UTCI calculado: 15.9░C | Steadman: 16.166502376170513░C
2026-01-27 19:08:40,154 [WARNING] [ST_DEBUG] t=15.000061439705975 h=91.99886011048143 v=0 rad=1.9102560345421053e-32 lat=41.536 lon=2.448 alt=30.0 dt=2026-01-27 18:02:47.110281+00:00 | HeatIndex=18.16973464385978 | Humedad=REAL
2026-01-27 19:08:40,154 [WARNING] [ST_DEBUG] \u2713 UTCI calculado: 15.9░C | Steadman: 16.166502376170513░C
2026-01-27 19:08:40,202 [WARNING] [ST_DEBUG] t=15.000061439705975 h=91.99886011048143 v=0 rad=1.9102560345421053e-32 lat=41.536 lon=2.448 alt=30.0 dt=2026-01-27 18:02:47.110281+00:00 | HeatIndex=18.16973464385978 | Humedad=REAL
2026-01-27 19:08:40,202 [WARNING] [ST_DEBUG] \u2713 UTCI calculado: 15.9░C | Steadman: 16.166502376170513░C
2026-01-27 19:08:40,225 [WARNING] [ST_DEBUG] t=15.000061439705975 h=91.99886011048143 v=0 rad=1.9102560345421053e-32 lat=41.536 lon=2.448 alt=30.0 dt=2026-01-27 18:08:39.817188+00:00 | HeatIndex=18.16973464385978 | Humedad=REAL
2026-01-27 19:08:40,226 [WARNING] [ST_DEBUG] \u2713 UTCI calculado: 15.9░C | Steadman: 16.166502376170513░C
2026-01-27 19:08:40,261 [WARNING] [ST_DEBUG] t=15.000061439705975 h=91.99886011048143 v=0 rad=1.9102560345421053e-32 lat=41.536 lon=2.448 alt=30.0 dt=2026-01-27 18:08:39.817188+00:00 | HeatIndex=18.16973464385978 | Humedad=REAL
2026-01-27 19:08:40,261 [WARNING] [ST_DEBUG] \u2713 UTCI calculado: 15.9░C | Steadman: 16.166502376170513░C
INFO:     127.0.0.1:54411 - "GET /estado HTTP/1.1" 200 OK
INFO:     127.0.0.1:54411 - "GET /api/sensores/historial?nombre=temperatura HTTP/1.1" 200 OK
INFO:     127.0.0.1:56206 - "GET /api/sensores/historial?nombre=humedad HTTP/1.1" 200 OK
INFO:     127.0.0.1:64928 - "GET /estado HTTP/1.1" 200 OK
C:\Users\kioko\Desktop\MeteoSerV3\core\indices\environmental_indices.py:965: DeprecationWarning: datetime.datetime.utcfromtimestamp() is deprecated and scheduled for removal in a future version. Use timezone-aware objects to represent datetimes in UTC: datetime.datetime.fromtimestamp(timestamp, datetime.UTC).
  return datetime.datetime.utcfromtimestamp(float(timestamp)).replace(tzinfo=timezone.utc)
2026-01-27 19:08:40,376 [WARNING] [ST_DEBUG] t=15.000061439705975 h=91.99886011048143 v=0 rad=1.9102560345421053e-32 lat=41.536 lon=2.448 alt=30.0 dt=2026-01-27 18:08:39.817188+00:00 | HeatIndex=18.16973464385978 | Humedad=REAL
2026-01-27 19:08:40,376 [WARNING] [ST_DEBUG] \u2713 UTCI calculado: 15.9░C | Steadman: 16.166502376170513░C
INFO:     127.0.0.1:64928 - "GET /api/sensores/historial?nombre=temperatura HTTP/1.1" 200 OK
INFO:     127.0.0.1:56206 - "GET /api/sensores/historial?nombre=humedad HTTP/1.1" 200 OK
2026-01-27 19:08:40,409 [WARNING] [ST_DEBUG] t=15.000061439705975 h=91.99886011048143 v=0 rad=1.9102560345421053e-32 lat=41.536 lon=2.448 alt=30.0 dt=2026-01-27 18:08:39.817188+00:00 | HeatIndex=18.16973464385978 | Humedad=REAL
2026-01-27 19:08:40,409 [WARNING] [ST_DEBUG] \u2713 UTCI calculado: 15.9░C | Steadman: 16.166502376170513░C
2026-01-27 19:08:40,455 [WARNING] [ST_DEBUG] t=15.000061439705975 h=91.99886011048143 v=0 rad=1.9102560345421053e-32 lat=41.536 lon=2.448 alt=30.0 dt=2026-01-27 18:08:39.817188+00:00 | HeatIndex=18.16973464385978 | Humedad=REAL
2026-01-27 19:08:40,455 [WARNING] [ST_DEBUG] \u2713 UTCI calculado: 15.9░C | Steadman: 16.166502376170513░C
2026-01-27 19:08:40,482 [WARNING] [ST_DEBUG] t=15.000061439705975 h=91.99886011048143 v=0 rad=1.9102560345421053e-32 lat=41.536 lon=2.448 alt=30.0 dt=2026-01-27 18:08:39.817188+00:00 | HeatIndex=18.16973464385978 | Humedad=REAL
2026-01-27 19:08:40,482 [WARNING] [ST_DEBUG] \u2713 UTCI calculado: 15.9░C | Steadman: 16.166502376170513░C
2026-01-27 19:08:40,531 [WARNING] [ST_DEBUG] t=15.000061439705975 h=91.99886011048143 v=0 rad=1.9102560345421053e-32 lat=41.536 lon=2.448 alt=30.0 dt=2026-01-27 18:02:47.110281+00:00 | HeatIndex=18.16973464385978 | Humedad=REAL
2026-01-27 19:08:40,532 [WARNING] [ST_DEBUG] \u2713 UTCI calculado: 15.9░C | Steadman: 16.166502376170513░C
2026-01-27 19:08:40,558 [WARNING] [ST_DEBUG] t=15.000061439705975 h=91.99886011048143 v=0 rad=1.9102560345421053e-32 lat=41.536 lon=2.448 alt=30.0 dt=2026-01-27 18:08:39.817188+00:00 | HeatIndex=18.16973464385978 | Humedad=REAL
2026-01-27 19:08:40,558 [WARNING] [ST_DEBUG] \u2713 UTCI calculado: 15.9░C | Steadman: 16.166502376170513░C
INFO:     127.0.0.1:54411 - "GET /estado HTTP/1.1" 200 OK
INFO:     127.0.0.1:54411 - "GET /api/sensores/historial?nombre=temperatura HTTP/1.1" 200 OK
INFO:     127.0.0.1:56206 - "GET /api/sensores/historial?nombre=humedad HTTP/1.1" 200 OK
C:\Users\kioko\Desktop\MeteoSerV3\core\indices\environmental_indices.py:965: DeprecationWarning: datetime.datetime.utcfromtimestamp() is deprecated and scheduled for removal in a future version. Use timezone-aware objects to represent datetimes in UTC: datetime.datetime.fromtimestamp(timestamp, datetime.UTC).
  return datetime.datetime.utcfromtimestamp(float(timestamp)).replace(tzinfo=timezone.utc)
2026-01-27 19:08:42,046 [WARNING] [ST_DEBUG] t=15.000061439705975 h=91.99886011048143 v=0 rad=1.9102560345421053e-32 lat=41.536 lon=2.448 alt=30.0 dt=2026-01-27 18:08:39.817188+00:00 | HeatIndex=18.16973464385978 | Humedad=REAL
2026-01-27 19:08:42,046 [WARNING] [ST_DEBUG] \u2713 UTCI calculado: 15.9░C | Steadman: 16.166502376170513░C
2026-01-27 19:08:42,071 [WARNING] [ST_DEBUG] t=15.000061439705975 h=91.99886011048143 v=0 rad=1.9102560345421053e-32 lat=41.536 lon=2.448 alt=30.0 dt=2026-01-27 18:08:39.817188+00:00 | HeatIndex=18.16973464385978 | Humedad=REAL
2026-01-27 19:08:42,071 [WARNING] [ST_DEBUG] \u2713 UTCI calculado: 15.9░C | Steadman: 16.166502376170513░C
2026-01-27 19:08:42,112 [WARNING] [ST_DEBUG] t=15.000061439705975 h=91.99886011048143 v=0 rad=1.9102560345421053e-32 lat=41.536 lon=2.448 alt=30.0 dt=2026-01-27 18:08:39.817188+00:00 | HeatIndex=18.16973464385978 | Humedad=REAL
2026-01-27 19:08:42,112 [WARNING] [ST_DEBUG] \u2713 UTCI calculado: 15.9░C | Steadman: 16.166502376170513░C
2026-01-27 19:08:42,137 [WARNING] [ST_DEBUG] t=15.000061439705975 h=91.99886011048143 v=0 rad=1.9102560345421053e-32 lat=41.536 lon=2.448 alt=30.0 dt=2026-01-27 18:08:39.817188+00:00 | HeatIndex=18.16973464385978 | Humedad=REAL
2026-01-27 19:08:42,137 [WARNING] [ST_DEBUG] \u2713 UTCI calculado: 15.9░C | Steadman: 16.166502376170513░C
2026-01-27 19:08:42,166 [WARNING] [ST_DEBUG] t=15.000061439705975 h=91.99886011048143 v=0 rad=1.9102560345421053e-32 lat=41.536 lon=2.448 alt=30.0 dt=2026-01-27 18:08:39.817188+00:00 | HeatIndex=18.16973464385978 | Humedad=REAL
2026-01-27 19:08:42,166 [WARNING] [ST_DEBUG] \u2713 UTCI calculado: 15.9░C | Steadman: 16.166502376170513░C
2026-01-27 19:08:42,215 [WARNING] [ST_DEBUG] t=15.000061439705975 h=91.99886011048143 v=0 rad=1.9102560345421053e-32 lat=41.536 lon=2.448 alt=30.0 dt=2026-01-27 18:02:47.110281+00:00 | HeatIndex=18.16973464385978 | Humedad=REAL
2026-01-27 19:08:42,215 [WARNING] [ST_DEBUG] \u2713 UTCI calculado: 15.9░C | Steadman: 16.166502376170513░C
2026-01-27 19:08:42,236 [WARNING] [ST_DEBUG] t=15.000061439705975 h=91.99886011048143 v=0 rad=1.9102560345421053e-32 lat=41.536 lon=2.448 alt=30.0 dt=2026-01-27 18:08:39.817188+00:00 | HeatIndex=18.16973464385978 | Humedad=REAL
2026-01-27 19:08:42,236 [WARNING] [ST_DEBUG] \u2713 UTCI calculado: 15.9░C | Steadman: 16.166502376170513░C
INFO:     127.0.0.1:56206 - "GET /estado HTTP/1.1" 200 OK
INFO:     127.0.0.1:56206 - "GET /api/sensores/historial?nombre=temperatura HTTP/1.1" 200 OK
INFO:     127.0.0.1:54411 - "GET /api/sensores/historial?nombre=humedad HTTP/1.1" 200 OK
INFO:     127.0.0.1:50978 - "POST /client_time HTTP/1.1" 200 OK
2026-01-27 19:08:51,253 [WARNING] unregister_all_services skipped as it does blocking i/o; use AsyncZeroconf with asyncio
C:\Users\kioko\Desktop\MeteoSerV3\core\auto\auto_sensor_discovery.py:262: DeprecationWarning: Callback API version 1 is deprecated, update to latest version
  self._mqtt_client = mqtt.Client()
[INFO] AutoSensorDiscovery: MQTT TLS habilitado (ca=C:\mosquitto\conf\certs\ca.cert.pem, mutual=False)
2026-01-27 19:08:51,274 [INFO] MQTT TLS habilitado (ca=C:\mosquitto\conf\certs\ca.cert.pem, mutual=False)
[DEBUG] AutoSensorDiscovery: mDNS BadTypeInNameException:  (service_type=_services._dns-sd._udp.local., name=_workstation._tcp.local.)
2026-01-27 19:08:51,444 [DEBUG] mDNS BadTypeInNameException:  (service_type=_services._dns-sd._udp.local., name=_workstation._tcp.local.)
[DEBUG] AutoSensorDiscovery: mDNS BadTypeInNameException:  (service_type=_services._dns-sd._udp.local., name=_amzn-wplay._tcp.local.)
2026-01-27 19:08:51,752 [DEBUG] mDNS BadTypeInNameException:  (service_type=_services._dns-sd._udp.local., name=_amzn-wplay._tcp.local.)
[DEBUG] AutoSensorDiscovery: mDNS BadTypeInNameException:  (service_type=_services._dns-sd._udp.local., name=_frameo._tcp.local.)
2026-01-27 19:08:51,753 [DEBUG] mDNS BadTypeInNameException:  (service_type=_services._dns-sd._udp.local., name=_frameo._tcp.local.)
[DEBUG] AutoSensorDiscovery: mDNS BadTypeInNameException:  (service_type=_services._dns-sd._udp.local., name=_dosvc._tcp.local.)
2026-01-27 19:08:51,753 [DEBUG] mDNS BadTypeInNameException:  (service_type=_services._dns-sd._udp.local., name=_dosvc._tcp.local.)
[DEBUG] AutoSensorDiscovery: mDNS BadTypeInNameException:  (service_type=_services._dns-sd._udp.local., name=_spotify-connect._tcp.local.)
2026-01-27 19:08:51,754 [DEBUG] mDNS BadTypeInNameException:  (service_type=_services._dns-sd._udp.local., name=_spotify-connect._tcp.local.)
[DEBUG] AutoSensorDiscovery: mDNS BadTypeInNameException:  (service_type=_services._dns-sd._udp.local., name=_FC9F5ED42C8A._tcp.local.)
2026-01-27 19:08:51,755 [DEBUG] mDNS BadTypeInNameException:  (service_type=_services._dns-sd._udp.local., name=_FC9F5ED42C8A._tcp.local.)
[DEBUG] AutoSensorDiscovery: mDNS BadTypeInNameException:  (service_type=_services._dns-sd._udp.local., name=_amzn-alexa._tcp.local.)
2026-01-27 19:08:51,756 [DEBUG] mDNS BadTypeInNameException:  (service_type=_services._dns-sd._udp.local., name=_amzn-alexa._tcp.local.)
C:\Users\kioko\Desktop\MeteoSerV3\core\indices\environmental_indices.py:965: DeprecationWarning: datetime.datetime.utcfromtimestamp() is deprecated and scheduled for removal in a future version. Use timezone-aware objects to represent datetimes in UTC: datetime.datetime.fromtimestamp(timestamp, datetime.UTC).
  return datetime.datetime.utcfromtimestamp(float(timestamp)).replace(tzinfo=timezone.utc)
2026-01-27 19:08:52,064 [WARNING] [ST_DEBUG] t=15.000061439705975 h=91.99886011048143 v=0 rad=1.9102560345421053e-32 lat=41.536 lon=2.448 alt=30.0 dt=2026-01-27 18:08:39.817188+00:00 | HeatIndex=18.16973464385978 | Humedad=REAL
2026-01-27 19:08:52,064 [WARNING] [ST_DEBUG] \u2713 UTCI calculado: 15.9░C | Steadman: 16.166502376170513░C
2026-01-27 19:08:52,116 [WARNING] [ST_DEBUG] t=15.000061439705975 h=91.99886011048143 v=0 rad=1.9102560345421053e-32 lat=41.536 lon=2.448 alt=30.0 dt=2026-01-27 18:08:39.817188+00:00 | HeatIndex=18.16973464385978 | Humedad=REAL
2026-01-27 19:08:52,116 [WARNING] [ST_DEBUG] \u2713 UTCI calculado: 15.9░C | Steadman: 16.166502376170513░C
2026-01-27 19:08:52,158 [WARNING] [ST_DEBUG] t=15.000061439705975 h=91.99886011048143 v=0 rad=1.9102560345421053e-32 lat=41.536 lon=2.448 alt=30.0 dt=2026-01-27 18:08:39.817188+00:00 | HeatIndex=18.16973464385978 | Humedad=REAL
2026-01-27 19:08:52,158 [WARNING] [ST_DEBUG] \u2713 UTCI calculado: 15.9░C | Steadman: 16.166502376170513░C
2026-01-27 19:08:52,186 [WARNING] [ST_DEBUG] t=15.000061439705975 h=91.99886011048143 v=0 rad=1.9102560345421053e-32 lat=41.536 lon=2.448 alt=30.0 dt=2026-01-27 18:08:39.817188+00:00 | HeatIndex=18.16973464385978 | Humedad=REAL
2026-01-27 19:08:52,186 [WARNING] [ST_DEBUG] \u2713 UTCI calculado: 15.9░C | Steadman: 16.166502376170513░C
2026-01-27 19:08:52,231 [WARNING] [ST_DEBUG] t=15.000061439705975 h=91.99886011048143 v=0 rad=1.9102560345421053e-32 lat=41.536 lon=2.448 alt=30.0 dt=2026-01-27 18:02:47.110281+00:00 | HeatIndex=18.16973464385978 | Humedad=REAL
2026-01-27 19:08:52,231 [WARNING] [ST_DEBUG] \u2713 UTCI calculado: 15.9░C | Steadman: 16.166502376170513░C
2026-01-27 19:08:52,253 [WARNING] [ST_DEBUG] t=15.000061439705975 h=91.99886011048143 v=0 rad=1.9102560345421053e-32 lat=41.536 lon=2.448 alt=30.0 dt=2026-01-27 18:08:39.817188+00:00 | HeatIndex=18.16973464385978 | Humedad=REAL
2026-01-27 19:08:52,253 [WARNING] [ST_DEBUG] \u2713 UTCI calculado: 15.9░C | Steadman: 16.166502376170513░C
INFO:     127.0.0.1:50978 - "GET /estado HTTP/1.1" 200 OK
INFO:     127.0.0.1:50978 - "GET /api/sensores/historial?nombre=temperatura HTTP/1.1" 200 OK
INFO:     127.0.0.1:50978 - "GET /api/sensores/historial?nombre=humedad HTTP/1.1" 200 OK
2026-01-27 19:08:54,528 [WARNING] [ST_DEBUG] t=15.000061439705975 h=91.99886011048143 v=0 rad=1.9102560345421053e-32 lat=41.536 lon=2.448 alt=30.0 dt=2026-01-27 18:08:39.817188+00:00 | HeatIndex=18.16973464385978 | Humedad=REAL
2026-01-27 19:08:54,528 [WARNING] [ST_DEBUG] \u2713 UTCI calculado: 15.9░C | Steadman: 16.166502376170513░C
2026-01-27 19:08:54,590 [WARNING] [ST_DEBUG] t=15.000043007794183 h=91.99920207733699 v=0 rad=1.5282048276336844e-32 lat=41.536 lon=2.448 alt=30.0 dt=2026-01-27 18:08:39.817188+00:00 | HeatIndex=18.16957149613917 | Humedad=REAL
2026-01-27 19:08:54,591 [WARNING] [ST_DEBUG] \u2713 UTCI calculado: 15.9░C | Steadman: 16.166497026589475░C
[Ecowitt] Datos recibidos en puerto desconocido:
  PASSKEY: 979DFF1BC20666D72CD2FC0290AE1832
  stationtype: EasyWeatherV1.7.4
  dateutc: 2026-01-27 18:08:53
  tempinf: 59.0
  humidityin: 88
  baromrelin: 29.575
  baromabsin: 29.227
  tempf: 59.9
  humidity: 92
  winddir: 201
  winddir_avg10m: 197
  windspeedmph: 0.0
  windspdmph_avg10m: 0.9
  windgustmph: 2.2
  maxdailygust: 20.6
  rainratein: 0.000
  eventrainin: 0.039
  hourlyrainin: 0.000
  last24hrainin: 0.039
  dailyrainin: 0.039
  weeklyrainin: 0.130
  monthlyrainin: 4.917
  yearlyrainin: 32.531
  solarradiation: 0.00
  uv: 0
  soilmoisture1: 55
  soilad1: 264
  pm25_ch1: 105.0
  pm25_avg_24h_ch1: 158.8
  lightning_num: 0
  lightning_time: 1769363721
  lightning: 34
  vpd: 0.042
  wh65batt: 0
  wh25batt: 0
  soilbatt1: 1.4
  pm25batt1: 5
  wh57batt: 3
  freq: 868M
  model: HP2550A_Pro_V2.0.9
  lightning: 34
  lightning_num: 0
  lightning_time: 1769363721
INFO:     192.168.0.20:9802 - "POST /ecowitt HTTP/1.1" 200 OK
C:\Users\kioko\Desktop\MeteoSerV3\core\indices\environmental_indices.py:965: DeprecationWarning: datetime.datetime.utcfromtimestamp() is deprecated and scheduled for removal in a future version. Use timezone-aware objects to represent datetimes in UTC: datetime.datetime.fromtimestamp(timestamp, datetime.UTC).
  return datetime.datetime.utcfromtimestamp(float(timestamp)).replace(tzinfo=timezone.utc)
2026-01-27 19:08:57,486 [WARNING] [ST_DEBUG] t=15.000043007794183 h=91.99920207733699 v=0 rad=1.5282048276336844e-32 lat=41.536 lon=2.448 alt=30.0 dt=2026-01-27 18:08:54.586495+00:00 | HeatIndex=18.16957149613917 | Humedad=REAL
2026-01-27 19:08:57,486 [WARNING] [ST_DEBUG] \u2713 UTCI calculado: 15.9░C | Steadman: 16.166497026589475░C
2026-01-27 19:08:57,530 [WARNING] [ST_DEBUG] t=15.000043007794183 h=91.99920207733699 v=0 rad=1.5282048276336844e-32 lat=41.536 lon=2.448 alt=30.0 dt=2026-01-27 18:08:54.586495+00:00 | HeatIndex=18.16957149613917 | Humedad=REAL
2026-01-27 19:08:57,530 [WARNING] [ST_DEBUG] \u2713 UTCI calculado: 15.9░C | Steadman: 16.166497026589475░C
2026-01-27 19:08:57,575 [WARNING] [ST_DEBUG] t=15.000043007794183 h=91.99920207733699 v=0 rad=1.5282048276336844e-32 lat=41.536 lon=2.448 alt=30.0 dt=2026-01-27 18:08:54.586495+00:00 | HeatIndex=18.16957149613917 | Humedad=REAL
2026-01-27 19:08:57,576 [WARNING] [ST_DEBUG] \u2713 UTCI calculado: 15.9░C | Steadman: 16.166497026589475░C
2026-01-27 19:08:57,616 [WARNING] [ST_DEBUG] t=15.000043007794183 h=91.99920207733699 v=0 rad=1.5282048276336844e-32 lat=41.536 lon=2.448 alt=30.0 dt=2026-01-27 18:08:54.586495+00:00 | HeatIndex=18.16957149613917 | Humedad=REAL
2026-01-27 19:08:57,616 [WARNING] [ST_DEBUG] \u2713 UTCI calculado: 15.9░C | Steadman: 16.166497026589475░C
2026-01-27 19:08:57,676 [WARNING] [ST_DEBUG] t=15.000043007794183 h=91.99920207733699 v=0 rad=1.5282048276336844e-32 lat=41.536 lon=2.448 alt=30.0 dt=2026-01-27 18:02:47.110281+00:00 | HeatIndex=18.16957149613917 | Humedad=REAL
2026-01-27 19:08:57,677 [WARNING] [ST_DEBUG] \u2713 UTCI calculado: 15.9░C | Steadman: 16.166497026589475░C
2026-01-27 19:08:57,704 [WARNING] [ST_DEBUG] t=15.000043007794183 h=91.99920207733699 v=0 rad=1.5282048276336844e-32 lat=41.536 lon=2.448 alt=30.0 dt=2026-01-27 18:08:54.586495+00:00 | HeatIndex=18.16957149613917 | Humedad=REAL
2026-01-27 19:08:57,704 [WARNING] [ST_DEBUG] \u2713 UTCI calculado: 15.9░C | Steadman: 16.166497026589475░C
INFO:     127.0.0.1:60204 - "GET /estado HTTP/1.1" 200 OK
C:\Users\kioko\Desktop\MeteoSerV3\core\indices\environmental_indices.py:965: DeprecationWarning: datetime.datetime.utcfromtimestamp() is deprecated and scheduled for removal in a future version. Use timezone-aware objects to represent datetimes in UTC: datetime.datetime.fromtimestamp(timestamp, datetime.UTC).
  return datetime.datetime.utcfromtimestamp(float(timestamp)).replace(tzinfo=timezone.utc)
2026-01-27 19:09:02,072 [WARNING] [ST_DEBUG] t=15.000043007794183 h=91.99920207733699 v=0 rad=1.5282048276336844e-32 lat=41.536 lon=2.448 alt=30.0 dt=2026-01-27 18:08:54.586495+00:00 | HeatIndex=18.16957149613917 | Humedad=REAL
2026-01-27 19:09:02,073 [WARNING] [ST_DEBUG] \u2713 UTCI calculado: 15.9░C | Steadman: 16.166497026589475░C
2026-01-27 19:09:02,105 [WARNING] [ST_DEBUG] t=15.000043007794183 h=91.99920207733699 v=0 rad=1.5282048276336844e-32 lat=41.536 lon=2.448 alt=30.0 dt=2026-01-27 18:08:54.586495+00:00 | HeatIndex=18.16957149613917 | Humedad=REAL
2026-01-27 19:09:02,106 [WARNING] [ST_DEBUG] \u2713 UTCI calculado: 15.9░C | Steadman: 16.166497026589475░C
2026-01-27 19:09:02,164 [WARNING] [ST_DEBUG] t=15.000043007794183 h=91.99920207733699 v=0 rad=1.5282048276336844e-32 lat=41.536 lon=2.448 alt=30.0 dt=2026-01-27 18:08:54.586495+00:00 | HeatIndex=18.16957149613917 | Humedad=REAL
2026-01-27 19:09:02,164 [WARNING] [ST_DEBUG] \u2713 UTCI calculado: 15.9░C | Steadman: 16.166497026589475░C
2026-01-27 19:09:02,204 [WARNING] [ST_DEBUG] t=15.000043007794183 h=91.99920207733699 v=0 rad=1.5282048276336844e-32 lat=41.536 lon=2.448 alt=30.0 dt=2026-01-27 18:08:54.586495+00:00 | HeatIndex=18.16957149613917 | Humedad=REAL
2026-01-27 19:09:02,205 [WARNING] [ST_DEBUG] \u2713 UTCI calculado: 15.9░C | Steadman: 16.166497026589475░C
2026-01-27 19:09:02,265 [WARNING] [ST_DEBUG] t=15.000043007794183 h=91.99920207733699 v=0 rad=1.5282048276336844e-32 lat=41.536 lon=2.448 alt=30.0 dt=2026-01-27 18:02:47.110281+00:00 | HeatIndex=18.16957149613917 | Humedad=REAL
2026-01-27 19:09:02,265 [WARNING] [ST_DEBUG] \u2713 UTCI calculado: 15.9░C | Steadman: 16.166497026589475░C
2026-01-27 19:09:02,302 [WARNING] [ST_DEBUG] t=15.000043007794183 h=91.99920207733699 v=0 rad=1.5282048276336844e-32 lat=41.536 lon=2.448 alt=30.0 dt=2026-01-27 18:08:54.586495+00:00 | HeatIndex=18.16957149613917 | Humedad=REAL
2026-01-27 19:09:02,302 [WARNING] [ST_DEBUG] \u2713 UTCI calculado: 15.9░C | Steadman: 16.166497026589475░C
INFO:     127.0.0.1:60203 - "GET /estado HTTP/1.1" 200 OK
INFO:     127.0.0.1:60203 - "GET /api/sensores/historial?nombre=temperatura HTTP/1.1" 200 OK
INFO:     127.0.0.1:60203 - "GET /api/sensores/historial?nombre=humedad HTTP/1.1" 200 OK
C:\Users\kioko\Desktop\MeteoSerV3\main_asgi.py:1077: DeprecationWarning: datetime.datetime.utcnow() is deprecated and scheduled for removal in a future version. Use timezone-aware objects to represent datetimes in UTC: datetime.datetime.now(datetime.UTC).
  "updated_at": datetime.datetime.utcnow().isoformat(),
2026-01-27 19:09:10,715 [WARNING] [ST_DEBUG] t=15.000043007794183 h=91.99920207733699 v=0 rad=1.5282048276336844e-32 lat=41.536 lon=2.448 alt=30.0 dt=2026-01-27 18:08:54.586495+00:00 | HeatIndex=18.16957149613917 | Humedad=REAL
2026-01-27 19:09:10,715 [WARNING] [ST_DEBUG] \u2713 UTCI calculado: 15.9░C | Steadman: 16.166497026589475░C
2026-01-27 19:09:10,777 [WARNING] [ST_DEBUG] t=15.000030105455927 h=91.99944145413588 v=0.17777777777777778 rad=1.2225638621069475e-32 lat=41.536 lon=2.448 alt=30.0 dt=2026-01-27 18:08:54.586495+00:00 | HeatIndex=18.16945729166188 | Humedad=REAL
2026-01-27 19:09:10,778 [WARNING] [ST_DEBUG] \u2713 UTCI calculado: 15.9░C | Steadman: 16.042048837415006░C
[Ecowitt] Datos recibidos en puerto desconocido:
  PASSKEY: 979DFF1BC20666D72CD2FC0290AE1832
  stationtype: EasyWeatherV1.7.4
  dateutc: 2026-01-27 18:09:09
  tempinf: 59.0
  humidityin: 88
  baromrelin: 29.575
  baromabsin: 29.227
  tempf: 59.9
  humidity: 92
  winddir: 188
  winddir_avg10m: 206
  windspeedmph: 0.4
  windspdmph_avg10m: 0.9
  windgustmph: 1.1
  maxdailygust: 20.6
  rainratein: 0.000
  eventrainin: 0.039
  hourlyrainin: 0.000
  last24hrainin: 0.039
  dailyrainin: 0.039
  weeklyrainin: 0.130
  monthlyrainin: 4.917
  yearlyrainin: 32.531
  solarradiation: 0.00
  uv: 0
  soilmoisture1: 55
  soilad1: 263
  pm25_ch1: 105.0
  pm25_avg_24h_ch1: 158.8
  lightning_num: 0
  lightning_time: 1769363721
  lightning: 34
  vpd: 0.042
  wh65batt: 0
  wh25batt: 0
  soilbatt1: 1.4
  pm25batt1: 5
  wh57batt: 3
  freq: 868M
  model: HP2550A_Pro_V2.0.9
  lightning: 34
  lightning_num: 0
  lightning_time: 1769363721
INFO:     192.168.0.20:6809 - "POST /ecowitt HTTP/1.1" 200 OK
C:\Users\kioko\Desktop\MeteoSerV3\core\indices\environmental_indices.py:965: DeprecationWarning: datetime.datetime.utcfromtimestamp() is deprecated and scheduled for removal in a future version. Use timezone-aware objects to represent datetimes in UTC: datetime.datetime.fromtimestamp(timestamp, datetime.UTC).
  return datetime.datetime.utcfromtimestamp(float(timestamp)).replace(tzinfo=timezone.utc)
2026-01-27 19:09:12,050 [WARNING] [ST_DEBUG] t=15.000030105455927 h=91.99944145413588 v=0.17777777777777778 rad=1.2225638621069475e-32 lat=41.536 lon=2.448 alt=30.0 dt=2026-01-27 18:09:10.774944+00:00 | HeatIndex=18.16945729166188 | Humedad=REAL
2026-01-27 19:09:12,050 [WARNING] [ST_DEBUG] \u2713 UTCI calculado: 15.9░C | Steadman: 16.042048837415006░C
2026-01-27 19:09:12,115 [WARNING] [ST_DEBUG] t=15.000030105455927 h=91.99944145413588 v=0.17777777777777778 rad=1.2225638621069475e-32 lat=41.536 lon=2.448 alt=30.0 dt=2026-01-27 18:09:10.774944+00:00 | HeatIndex=18.16945729166188 | Humedad=REAL
2026-01-27 19:09:12,116 [WARNING] [ST_DEBUG] \u2713 UTCI calculado: 15.9░C | Steadman: 16.042048837415006░C
2026-01-27 19:09:12,209 [WARNING] [ST_DEBUG] t=15.000030105455927 h=91.99944145413588 v=0.17777777777777778 rad=1.2225638621069475e-32 lat=41.536 lon=2.448 alt=30.0 dt=2026-01-27 18:09:10.774944+00:00 | HeatIndex=18.16945729166188 | Humedad=REAL
2026-01-27 19:09:12,209 [WARNING] [ST_DEBUG] \u2713 UTCI calculado: 15.9░C | Steadman: 16.042048837415006░C
2026-01-27 19:09:12,251 [WARNING] [ST_DEBUG] t=15.000030105455927 h=91.99944145413588 v=0.17777777777777778 rad=1.2225638621069475e-32 lat=41.536 lon=2.448 alt=30.0 dt=2026-01-27 18:09:10.774944+00:00 | HeatIndex=18.16945729166188 | Humedad=REAL
2026-01-27 19:09:12,252 [WARNING] [ST_DEBUG] \u2713 UTCI calculado: 15.9░C | Steadman: 16.042048837415006░C
2026-01-27 19:09:12,305 [WARNING] [ST_DEBUG] t=15.000030105455927 h=91.99944145413588 v=0.17777777777777778 rad=1.2225638621069475e-32 lat=41.536 lon=2.448 alt=30.0 dt=2026-01-27 18:09:10.774944+00:00 | HeatIndex=18.16945729166188 | Humedad=REAL
2026-01-27 19:09:12,305 [WARNING] [ST_DEBUG] \u2713 UTCI calculado: 15.9░C | Steadman: 16.042048837415006░C
2026-01-27 19:09:12,395 [WARNING] [ST_DEBUG] t=15.000030105455927 h=91.99944145413588 v=0.17777777777777778 rad=1.2225638621069475e-32 lat=41.536 lon=2.448 alt=30.0 dt=2026-01-27 18:02:47.110281+00:00 | HeatIndex=18.16945729166188 | Humedad=REAL
2026-01-27 19:09:12,396 [WARNING] [ST_DEBUG] \u2713 UTCI calculado: 15.9░C | Steadman: 16.042048837415006░C
2026-01-27 19:09:12,430 [WARNING] [ST_DEBUG] t=15.000030105455927 h=91.99944145413588 v=0.17777777777777778 rad=1.2225638621069475e-32 lat=41.536 lon=2.448 alt=30.0 dt=2026-01-27 18:09:10.774944+00:00 | HeatIndex=18.16945729166188 | Humedad=REAL
2026-01-27 19:09:12,430 [WARNING] [ST_DEBUG] \u2713 UTCI calculado: 15.9░C | Steadman: 16.042048837415006░C
INFO:     127.0.0.1:61422 - "GET /estado HTTP/1.1" 200 OK
INFO:     127.0.0.1:61422 - "GET /api/sensores/historial?nombre=temperatura HTTP/1.1" 200 OK
INFO:     127.0.0.1:61422 - "GET /api/sensores/historial?nombre=humedad HTTP/1.1" 200 OK
INFO:     127.0.0.1:56340 - "POST /client_time HTTP/1.1" 200 OK
C:\Users\kioko\Desktop\MeteoSerV3\core\indices\environmental_indices.py:965: DeprecationWarning: datetime.datetime.utcfromtimestamp() is deprecated and scheduled for removal in a future version. Use timezone-aware objects to represent datetimes in UTC: datetime.datetime.fromtimestamp(timestamp, datetime.UTC).
  return datetime.datetime.utcfromtimestamp(float(timestamp)).replace(tzinfo=timezone.utc)
2026-01-27 19:09:22,051 [WARNING] [ST_DEBUG] t=15.000030105455927 h=91.99944145413588 v=0.17777777777777778 rad=1.2225638621069475e-32 lat=41.536 lon=2.448 alt=30.0 dt=2026-01-27 18:09:10.774944+00:00 | HeatIndex=18.16945729166188 | Humedad=REAL
2026-01-27 19:09:22,051 [WARNING] [ST_DEBUG] \u2713 UTCI calculado: 15.9░C | Steadman: 16.042048837415006░C
2026-01-27 19:09:22,148 [WARNING] [ST_DEBUG] t=15.000030105455927 h=91.99944145413588 v=0.17777777777777778 rad=1.2225638621069475e-32 lat=41.536 lon=2.448 alt=30.0 dt=2026-01-27 18:09:10.774944+00:00 | HeatIndex=18.16945729166188 | Humedad=REAL
2026-01-27 19:09:22,148 [WARNING] [ST_DEBUG] \u2713 UTCI calculado: 15.9░C | Steadman: 16.042048837415006░C
2026-01-27 19:09:22,262 [WARNING] [ST_DEBUG] t=15.000030105455927 h=91.99944145413588 v=0.17777777777777778 rad=1.2225638621069475e-32 lat=41.536 lon=2.448 alt=30.0 dt=2026-01-27 18:09:10.774944+00:00 | HeatIndex=18.16945729166188 | Humedad=REAL
2026-01-27 19:09:22,262 [WARNING] [ST_DEBUG] \u2713 UTCI calculado: 15.9░C | Steadman: 16.042048837415006░C
2026-01-27 19:09:22,350 [WARNING] [ST_DEBUG] t=15.000030105455927 h=91.99944145413588 v=0.17777777777777778 rad=1.2225638621069475e-32 lat=41.536 lon=2.448 alt=30.0 dt=2026-01-27 18:09:10.774944+00:00 | HeatIndex=18.16945729166188 | Humedad=REAL
2026-01-27 19:09:22,351 [WARNING] [ST_DEBUG] \u2713 UTCI calculado: 15.9░C | Steadman: 16.042048837415006░C
2026-01-27 19:09:22,446 [WARNING] [ST_DEBUG] t=15.000030105455927 h=91.99944145413588 v=0.17777777777777778 rad=1.2225638621069475e-32 lat=41.536 lon=2.448 alt=30.0 dt=2026-01-27 18:09:10.774944+00:00 | HeatIndex=18.16945729166188 | Humedad=REAL
2026-01-27 19:09:22,447 [WARNING] [ST_DEBUG] \u2713 UTCI calculado: 15.9░C | Steadman: 16.042048837415006░C
2026-01-27 19:09:22,584 [WARNING] [ST_DEBUG] t=15.000030105455927 h=91.99944145413588 v=0.17777777777777778 rad=1.2225638621069475e-32 lat=41.536 lon=2.448 alt=30.0 dt=2026-01-27 18:02:47.110281+00:00 | HeatIndex=18.16945729166188 | Humedad=REAL
2026-01-27 19:09:22,585 [WARNING] [ST_DEBUG] \u2713 UTCI calculado: 15.9░C | Steadman: 16.042048837415006░C
2026-01-27 19:09:22,652 [WARNING] [ST_DEBUG] t=15.000030105455927 h=91.99944145413588 v=0.17777777777777778 rad=1.2225638621069475e-32 lat=41.536 lon=2.448 alt=30.0 dt=2026-01-27 18:09:10.774944+00:00 | HeatIndex=18.16945729166188 | Humedad=REAL
2026-01-27 19:09:22,652 [WARNING] [ST_DEBUG] \u2713 UTCI calculado: 15.9░C | Steadman: 16.042048837415006░C
INFO:     127.0.0.1:56340 - "GET /estado HTTP/1.1" 200 OK
INFO:     127.0.0.1:56340 - "GET /api/sensores/historial?nombre=temperatura HTTP/1.1" 200 OK
INFO:     127.0.0.1:56340 - "GET /api/sensores/historial?nombre=humedad HTTP/1.1" 200 OK
2026-01-27 19:09:26,660 [WARNING] [ST_DEBUG] t=15.000030105455927 h=91.99944145413588 v=0.17777777777777778 rad=1.2225638621069475e-32 lat=41.536 lon=2.448 alt=30.0 dt=2026-01-27 18:09:10.774944+00:00 | HeatIndex=18.16945729166188 | Humedad=REAL
2026-01-27 19:09:26,660 [WARNING] [ST_DEBUG] \u2713 UTCI calculado: 15.9░C | Steadman: 16.042048837415006░C
2026-01-27 19:09:26,766 [WARNING] [ST_DEBUG] t=15.000021073819148 h=91.99960901789511 v=0.8055555555555555 rad=9.78051089685558e-33 lat=41.536 lon=2.448 alt=30.0 dt=2026-01-27 18:09:10.774944+00:00 | HeatIndex=18.169377348001852 | Humedad=REAL
2026-01-27 19:09:26,767 [WARNING] [ST_DEBUG] \u2713 UTCI calculado: 15.7░C | Steadman: 15.602601771648132░C
[Ecowitt] Datos recibidos en puerto desconocido:
  PASSKEY: 979DFF1BC20666D72CD2FC0290AE1832
  stationtype: EasyWeatherV1.7.4
  dateutc: 2026-01-27 18:09:25
  tempinf: 59.0
  humidityin: 88
  baromrelin: 29.572
  baromabsin: 29.224
  tempf: 59.9
  humidity: 92
  winddir: 170
  winddir_avg10m: 206
  windspeedmph: 1.8
  windspdmph_avg10m: 0.9
  windgustmph: 3.4
  maxdailygust: 20.6
  rainratein: 0.000
  eventrainin: 0.039
  hourlyrainin: 0.000
  last24hrainin: 0.039
  dailyrainin: 0.039
  weeklyrainin: 0.130
  monthlyrainin: 4.917
  yearlyrainin: 32.531
  solarradiation: 0.00
  uv: 0
  soilmoisture1: 55
  soilad1: 263
  pm25_ch1: 105.0
  pm25_avg_24h_ch1: 158.8
  lightning_num: 0
  lightning_time: 1769363721
  lightning: 34
  vpd: 0.042
  wh65batt: 0
  wh25batt: 0
  soilbatt1: 1.4
  pm25batt1: 5
  wh57batt: 3
  freq: 868M
  model: HP2550A_Pro_V2.0.9
  lightning: 34
  lightning_num: 0
  lightning_time: 1769363721
INFO:     192.168.0.20:40230 - "POST /ecowitt HTTP/1.1" 200 OK
C:\Users\kioko\Desktop\MeteoSerV3\core\indices\environmental_indices.py:965: DeprecationWarning: datetime.datetime.utcfromtimestamp() is deprecated and scheduled for removal in a future version. Use timezone-aware objects to represent datetimes in UTC: datetime.datetime.fromtimestamp(timestamp, datetime.UTC).
  return datetime.datetime.utcfromtimestamp(float(timestamp)).replace(tzinfo=timezone.utc)
2026-01-27 19:09:32,042 [WARNING] [ST_DEBUG] t=15.000021073819148 h=91.99960901789511 v=0.8055555555555555 rad=9.78051089685558e-33 lat=41.536 lon=2.448 alt=30.0 dt=2026-01-27 18:09:26.758303+00:00 | HeatIndex=18.169377348001852 | Humedad=REAL
2026-01-27 19:09:32,042 [WARNING] [ST_DEBUG] \u2713 UTCI calculado: 15.7░C | Steadman: 15.602601771648132░C
2026-01-27 19:09:32,066 [WARNING] [ST_DEBUG] t=15.000021073819148 h=91.99960901789511 v=0.8055555555555555 rad=9.78051089685558e-33 lat=41.536 lon=2.448 alt=30.0 dt=2026-01-27 18:09:26.758303+00:00 | HeatIndex=18.169377348001852 | Humedad=REAL
2026-01-27 19:09:32,066 [WARNING] [ST_DEBUG] \u2713 UTCI calculado: 15.7░C | Steadman: 15.602601771648132░C
2026-01-27 19:09:32,103 [WARNING] [ST_DEBUG] t=15.000021073819148 h=91.99960901789511 v=0.8055555555555555 rad=9.78051089685558e-33 lat=41.536 lon=2.448 alt=30.0 dt=2026-01-27 18:09:26.758303+00:00 | HeatIndex=18.169377348001852 | Humedad=REAL
2026-01-27 19:09:32,103 [WARNING] [ST_DEBUG] \u2713 UTCI calculado: 15.7░C | Steadman: 15.602601771648132░C
2026-01-27 19:09:32,128 [WARNING] [ST_DEBUG] t=15.000021073819148 h=91.99960901789511 v=0.8055555555555555 rad=9.78051089685558e-33 lat=41.536 lon=2.448 alt=30.0 dt=2026-01-27 18:09:26.758303+00:00 | HeatIndex=18.169377348001852 | Humedad=REAL
2026-01-27 19:09:32,128 [WARNING] [ST_DEBUG] \u2713 UTCI calculado: 15.7░C | Steadman: 15.602601771648132░C
2026-01-27 19:09:32,163 [WARNING] [ST_DEBUG] t=15.000021073819148 h=91.99960901789511 v=0.8055555555555555 rad=9.78051089685558e-33 lat=41.536 lon=2.448 alt=30.0 dt=2026-01-27 18:09:26.758303+00:00 | HeatIndex=18.169377348001852 | Humedad=REAL
2026-01-27 19:09:32,163 [WARNING] [ST_DEBUG] \u2713 UTCI calculado: 15.7░C | Steadman: 15.602601771648132░C
2026-01-27 19:09:32,207 [WARNING] [ST_DEBUG] t=15.000021073819148 h=91.99960901789511 v=0.8055555555555555 rad=9.78051089685558e-33 lat=41.536 lon=2.448 alt=30.0 dt=2026-01-27 18:02:47.110281+00:00 | HeatIndex=18.169377348001852 | Humedad=REAL
2026-01-27 19:09:32,207 [WARNING] [ST_DEBUG] \u2713 UTCI calculado: 15.7░C | Steadman: 15.602601771648132░C
2026-01-27 19:09:32,237 [WARNING] [ST_DEBUG] t=15.000021073819148 h=91.99960901789511 v=0.8055555555555555 rad=9.78051089685558e-33 lat=41.536 lon=2.448 alt=30.0 dt=2026-01-27 18:09:26.758303+00:00 | HeatIndex=18.169377348001852 | Humedad=REAL
2026-01-27 19:09:32,237 [WARNING] [ST_DEBUG] \u2713 UTCI calculado: 15.7░C | Steadman: 15.602601771648132░C
INFO:     127.0.0.1:63716 - "GET /estado HTTP/1.1" 200 OK
INFO:     127.0.0.1:63716 - "GET /api/sensores/historial?nombre=temperatura HTTP/1.1" 200 OK
INFO:     127.0.0.1:63716 - "GET /api/sensores/historial?nombre=humedad HTTP/1.1" 200 OK
C:\Users\kioko\Desktop\MeteoSerV3\main_asgi.py:1077: DeprecationWarning: datetime.datetime.utcnow() is deprecated and scheduled for removal in a future version. Use timezone-aware objects to represent datetimes in UTC: datetime.datetime.now(datetime.UTC).
  "updated_at": datetime.datetime.utcnow().isoformat(),
C:\Users\kioko\Desktop\MeteoSerV3\core\indices\environmental_indices.py:965: DeprecationWarning: datetime.datetime.utcfromtimestamp() is deprecated and scheduled for removal in a future version. Use timezone-aware objects to represent datetimes in UTC: datetime.datetime.fromtimestamp(timestamp, datetime.UTC).
  return datetime.datetime.utcfromtimestamp(float(timestamp)).replace(tzinfo=timezone.utc)
2026-01-27 19:09:42,062 [WARNING] [ST_DEBUG] t=15.000021073819148 h=91.99960901789511 v=0.8055555555555555 rad=9.78051089685558e-33 lat=41.536 lon=2.448 alt=30.0 dt=2026-01-27 18:09:26.758303+00:00 | HeatIndex=18.169377348001852 | Humedad=REAL
2026-01-27 19:09:42,062 [WARNING] [ST_DEBUG] \u2713 UTCI calculado: 15.7░C | Steadman: 15.602601771648132░C
2026-01-27 19:09:42,094 [WARNING] [ST_DEBUG] t=15.000021073819148 h=91.99960901789511 v=0.8055555555555555 rad=9.78051089685558e-33 lat=41.536 lon=2.448 alt=30.0 dt=2026-01-27 18:09:26.758303+00:00 | HeatIndex=18.169377348001852 | Humedad=REAL
2026-01-27 19:09:42,094 [WARNING] [ST_DEBUG] \u2713 UTCI calculado: 15.7░C | Steadman: 15.602601771648132░C
2026-01-27 19:09:42,129 [WARNING] [ST_DEBUG] t=15.000021073819148 h=91.99960901789511 v=0.8055555555555555 rad=9.78051089685558e-33 lat=41.536 lon=2.448 alt=30.0 dt=2026-01-27 18:09:26.758303+00:00 | HeatIndex=18.169377348001852 | Humedad=REAL
2026-01-27 19:09:42,129 [WARNING] [ST_DEBUG] \u2713 UTCI calculado: 15.7░C | Steadman: 15.602601771648132░C
2026-01-27 19:09:42,181 [WARNING] [ST_DEBUG] t=15.000021073819148 h=91.99960901789511 v=0.8055555555555555 rad=9.78051089685558e-33 lat=41.536 lon=2.448 alt=30.0 dt=2026-01-27 18:09:26.758303+00:00 | HeatIndex=18.169377348001852 | Humedad=REAL
2026-01-27 19:09:42,182 [WARNING] [ST_DEBUG] \u2713 UTCI calculado: 15.7░C | Steadman: 15.602601771648132░C
2026-01-27 19:09:42,206 [WARNING] [ST_DEBUG] t=15.000021073819148 h=91.99960901789511 v=0.8055555555555555 rad=9.78051089685558e-33 lat=41.536 lon=2.448 alt=30.0 dt=2026-01-27 18:09:26.758303+00:00 | HeatIndex=18.169377348001852 | Humedad=REAL
2026-01-27 19:09:42,206 [WARNING] [ST_DEBUG] \u2713 UTCI calculado: 15.7░C | Steadman: 15.602601771648132░C
2026-01-27 19:09:42,246 [WARNING] [ST_DEBUG] t=15.000021073819148 h=91.99960901789511 v=0.8055555555555555 rad=9.78051089685558e-33 lat=41.536 lon=2.448 alt=30.0 dt=2026-01-27 18:02:47.110281+00:00 | HeatIndex=18.169377348001852 | Humedad=REAL
2026-01-27 19:09:42,246 [WARNING] [ST_DEBUG] \u2713 UTCI calculado: 15.7░C | Steadman: 15.602601771648132░C
2026-01-27 19:09:42,267 [WARNING] [ST_DEBUG] t=15.000021073819148 h=91.99960901789511 v=0.8055555555555555 rad=9.78051089685558e-33 lat=41.536 lon=2.448 alt=30.0 dt=2026-01-27 18:09:26.758303+00:00 | HeatIndex=18.169377348001852 | Humedad=REAL
2026-01-27 19:09:42,268 [WARNING] [ST_DEBUG] \u2713 UTCI calculado: 15.7░C | Steadman: 15.602601771648132░C
INFO:     127.0.0.1:54309 - "GET /estado HTTP/1.1" 200 OK
INFO:     127.0.0.1:54309 - "GET /api/sensores/historial?nombre=temperatura HTTP/1.1" 200 OK
INFO:     127.0.0.1:54309 - "GET /api/sensores/historial?nombre=humedad HTTP/1.1" 200 OK
2026-01-27 19:09:42,638 [WARNING] [ST_DEBUG] t=15.000021073819148 h=91.99960901789511 v=0.8055555555555555 rad=9.78051089685558e-33 lat=41.536 lon=2.448 alt=30.0 dt=2026-01-27 18:09:26.758303+00:00 | HeatIndex=18.169377348001852 | Humedad=REAL
2026-01-27 19:09:42,638 [WARNING] [ST_DEBUG] \u2713 UTCI calculado: 15.7░C | Steadman: 15.602601771648132░C
2026-01-27 19:09:42,695 [WARNING] [ST_DEBUG] t=15.000014751673403 h=91.99972631252656 v=0.5805555555555555 rad=7.824408717484465e-33 lat=41.536 lon=2.448 alt=30.0 dt=2026-01-27 18:09:26.758303+00:00 | HeatIndex=18.169321387182137 | Humedad=REAL
2026-01-27 19:09:42,695 [WARNING] [ST_DEBUG] \u2713 UTCI calculado: 15.7░C | Steadman: 15.760099936716841░C
[Ecowitt] Datos recibidos en puerto desconocido:
  PASSKEY: 979DFF1BC20666D72CD2FC0290AE1832
  stationtype: EasyWeatherV1.7.4
  dateutc: 2026-01-27 18:09:41
  tempinf: 59.0
  humidityin: 88
  baromrelin: 29.572
  baromabsin: 29.224
  tempf: 59.9
  humidity: 92
  winddir: 201
  winddir_avg10m: 197
  windspeedmph: 1.3
  windspdmph_avg10m: 1.1
  windgustmph: 3.4
  maxdailygust: 20.6
  rainratein: 0.000
  eventrainin: 0.039
  hourlyrainin: 0.000
  last24hrainin: 0.039
  dailyrainin: 0.039
  weeklyrainin: 0.130
  monthlyrainin: 4.917
  yearlyrainin: 32.531
  solarradiation: 0.00
  uv: 0
  soilmoisture1: 55
  soilad1: 263
  pm25_ch1: 310.0
  pm25_avg_24h_ch1: 160.2
  lightning_num: 0
  lightning_time: 1769363721
  lightning: 34
  vpd: 0.042
  wh65batt: 0
  wh25batt: 0
  soilbatt1: 1.4
  pm25batt1: 5
  wh57batt: 3
  freq: 868M
  model: HP2550A_Pro_V2.0.9
  lightning: 34
  lightning_num: 0
  lightning_time: 1769363721
INFO:     192.168.0.20:40166 - "POST /ecowitt HTTP/1.1" 200 OK
INFO:     127.0.0.1:52077 - "POST /client_time HTTP/1.1" 200 OK
2026-01-27 19:09:51,280 [WARNING] unregister_all_services skipped as it does blocking i/o; use AsyncZeroconf with asyncio
C:\Users\kioko\Desktop\MeteoSerV3\core\auto\auto_sensor_discovery.py:262: DeprecationWarning: Callback API version 1 is deprecated, update to latest version
  self._mqtt_client = mqtt.Client()
[INFO] AutoSensorDiscovery: MQTT TLS habilitado (ca=C:\mosquitto\conf\certs\ca.cert.pem, mutual=False)
2026-01-27 19:09:51,299 [INFO] MQTT TLS habilitado (ca=C:\mosquitto\conf\certs\ca.cert.pem, mutual=False)
[DEBUG] AutoSensorDiscovery: mDNS BadTypeInNameException:  (service_type=_services._dns-sd._udp.local., name=_workstation._tcp.local.)
2026-01-27 19:09:51,452 [DEBUG] mDNS BadTypeInNameException:  (service_type=_services._dns-sd._udp.local., name=_workstation._tcp.local.)
[DEBUG] AutoSensorDiscovery: mDNS BadTypeInNameException:  (service_type=_services._dns-sd._udp.local., name=_amzn-wplay._tcp.local.)
2026-01-27 19:09:51,659 [DEBUG] mDNS BadTypeInNameException:  (service_type=_services._dns-sd._udp.local., name=_amzn-wplay._tcp.local.)
[DEBUG] AutoSensorDiscovery: mDNS BadTypeInNameException:  (service_type=_services._dns-sd._udp.local., name=_frameo._tcp.local.)
2026-01-27 19:09:51,659 [DEBUG] mDNS BadTypeInNameException:  (service_type=_services._dns-sd._udp.local., name=_frameo._tcp.local.)
[DEBUG] AutoSensorDiscovery: mDNS BadTypeInNameException:  (service_type=_services._dns-sd._udp.local., name=_dosvc._tcp.local.)
2026-01-27 19:09:51,659 [DEBUG] mDNS BadTypeInNameException:  (service_type=_services._dns-sd._udp.local., name=_dosvc._tcp.local.)
[DEBUG] AutoSensorDiscovery: mDNS BadTypeInNameException:  (service_type=_services._dns-sd._udp.local., name=_spotify-connect._tcp.local.)
2026-01-27 19:09:51,659 [DEBUG] mDNS BadTypeInNameException:  (service_type=_services._dns-sd._udp.local., name=_spotify-connect._tcp.local.)
[DEBUG] AutoSensorDiscovery: mDNS BadTypeInNameException:  (service_type=_services._dns-sd._udp.local., name=_FC9F5ED42C8A._tcp.local.)
2026-01-27 19:09:51,659 [DEBUG] mDNS BadTypeInNameException:  (service_type=_services._dns-sd._udp.local., name=_FC9F5ED42C8A._tcp.local.)
[DEBUG] AutoSensorDiscovery: mDNS BadTypeInNameException:  (service_type=_services._dns-sd._udp.local., name=_amzn-alexa._tcp.local.)
2026-01-27 19:09:51,660 [DEBUG] mDNS BadTypeInNameException:  (service_type=_services._dns-sd._udp.local., name=_amzn-alexa._tcp.local.)
C:\Users\kioko\Desktop\MeteoSerV3\core\indices\environmental_indices.py:965: DeprecationWarning: datetime.datetime.utcfromtimestamp() is deprecated and scheduled for removal in a future version. Use timezone-aware objects to represent datetimes in UTC: datetime.datetime.fromtimestamp(timestamp, datetime.UTC).
  return datetime.datetime.utcfromtimestamp(float(timestamp)).replace(tzinfo=timezone.utc)
2026-01-27 19:09:52,077 [WARNING] [ST_DEBUG] t=15.000014751673403 h=91.99972631252656 v=0.5805555555555555 rad=7.824408717484465e-33 lat=41.536 lon=2.448 alt=30.0 dt=2026-01-27 18:09:42.691287+00:00 | HeatIndex=18.169321387182137 | Humedad=REAL
2026-01-27 19:09:52,078 [WARNING] [ST_DEBUG] \u2713 UTCI calculado: 15.7░C | Steadman: 15.760099936716841░C
2026-01-27 19:09:52,135 [WARNING] [ST_DEBUG] t=15.000014751673403 h=91.99972631252656 v=0.5805555555555555 rad=7.824408717484465e-33 lat=41.536 lon=2.448 alt=30.0 dt=2026-01-27 18:09:42.691287+00:00 | HeatIndex=18.169321387182137 | Humedad=REAL
2026-01-27 19:09:52,136 [WARNING] [ST_DEBUG] \u2713 UTCI calculado: 15.7░C | Steadman: 15.760099936716841░C
2026-01-27 19:09:52,170 [WARNING] [ST_DEBUG] t=15.000014751673403 h=91.99972631252656 v=0.5805555555555555 rad=7.824408717484465e-33 lat=41.536 lon=2.448 alt=30.0 dt=2026-01-27 18:09:42.691287+00:00 | HeatIndex=18.169321387182137 | Humedad=REAL
2026-01-27 19:09:52,170 [WARNING] [ST_DEBUG] \u2713 UTCI calculado: 15.7░C | Steadman: 15.760099936716841░C
2026-01-27 19:09:52,192 [WARNING] [ST_DEBUG] t=15.000014751673403 h=91.99972631252656 v=0.5805555555555555 rad=7.824408717484465e-33 lat=41.536 lon=2.448 alt=30.0 dt=2026-01-27 18:09:42.691287+00:00 | HeatIndex=18.169321387182137 | Humedad=REAL
2026-01-27 19:09:52,192 [WARNING] [ST_DEBUG] \u2713 UTCI calculado: 15.7░C | Steadman: 15.760099936716841░C
2026-01-27 19:09:52,216 [WARNING] [ST_DEBUG] t=15.000014751673403 h=91.99972631252656 v=0.5805555555555555 rad=7.824408717484465e-33 lat=41.536 lon=2.448 alt=30.0 dt=2026-01-27 18:09:42.691287+00:00 | HeatIndex=18.169321387182137 | Humedad=REAL
2026-01-27 19:09:52,217 [WARNING] [ST_DEBUG] \u2713 UTCI calculado: 15.7░C | Steadman: 15.760099936716841░C
2026-01-27 19:09:52,257 [WARNING] [ST_DEBUG] t=15.000014751673403 h=91.99972631252656 v=0.5805555555555555 rad=7.824408717484465e-33 lat=41.536 lon=2.448 alt=30.0 dt=2026-01-27 18:02:47.110281+00:00 | HeatIndex=18.169321387182137 | Humedad=REAL
2026-01-27 19:09:52,257 [WARNING] [ST_DEBUG] \u2713 UTCI calculado: 15.7░C | Steadman: 15.760099936716841░C
2026-01-27 19:09:52,277 [WARNING] [ST_DEBUG] t=15.000014751673403 h=91.99972631252656 v=0.5805555555555555 rad=7.824408717484465e-33 lat=41.536 lon=2.448 alt=30.0 dt=2026-01-27 18:09:42.691287+00:00 | HeatIndex=18.169321387182137 | Humedad=REAL
2026-01-27 19:09:52,277 [WARNING] [ST_DEBUG] \u2713 UTCI calculado: 15.7░C | Steadman: 15.760099936716841░C
INFO:     127.0.0.1:52077 - "GET /estado HTTP/1.1" 200 OK
INFO:     127.0.0.1:52077 - "GET /api/sensores/historial?nombre=temperatura HTTP/1.1" 200 OK
INFO:     127.0.0.1:52077 - "GET /api/sensores/historial?nombre=humedad HTTP/1.1" 200 OK
2026-01-27 19:09:58,550 [WARNING] [ST_DEBUG] t=15.000014751673403 h=91.99972631252656 v=0.5805555555555555 rad=7.824408717484465e-33 lat=41.536 lon=2.448 alt=30.0 dt=2026-01-27 18:09:42.691287+00:00 | HeatIndex=18.169321387182137 | Humedad=REAL
2026-01-27 19:09:58,550 [WARNING] [ST_DEBUG] \u2713 UTCI calculado: 15.7░C | Steadman: 15.760099936716841░C
2026-01-27 19:09:58,605 [WARNING] [ST_DEBUG] t=15.000010326171381 h=91.99980841876858 v=0.31388888888888883 rad=6.259526973987573e-33 lat=41.536 lon=2.448 alt=30.0 dt=2026-01-27 18:09:42.691287+00:00 | HeatIndex=18.169282214482223 | Humedad=REAL
2026-01-27 19:09:58,605 [WARNING] [ST_DEBUG] \u2713 UTCI calculado: 15.9░C | Steadman: 15.946765318928858░C
[Ecowitt] Datos recibidos en puerto desconocido:
  PASSKEY: 979DFF1BC20666D72CD2FC0290AE1832
  stationtype: EasyWeatherV1.7.4
  dateutc: 2026-01-27 18:09:57
  tempinf: 59.0
  humidityin: 88
  baromrelin: 29.572
  baromabsin: 29.224
  tempf: 59.9
  humidity: 92
  winddir: 178
  winddir_avg10m: 197
  windspeedmph: 0.7
  windspdmph_avg10m: 1.1
  windgustmph: 3.4
  maxdailygust: 20.6
  rainratein: 0.000
  eventrainin: 0.039
  hourlyrainin: 0.000
  last24hrainin: 0.039
  dailyrainin: 0.039
  weeklyrainin: 0.130
  monthlyrainin: 4.917
  yearlyrainin: 32.531
  solarradiation: 0.00
  uv: 0
  soilmoisture1: 55
  soilad1: 263
  pm25_ch1: 310.0
  pm25_avg_24h_ch1: 160.2
  lightning_num: 0
  lightning_time: 1769363721
  lightning: 34
  vpd: 0.042
  wh65batt: 0
  wh25batt: 0
  soilbatt1: 1.4
  pm25batt1: 5
  wh57batt: 3
  freq: 868M
  model: HP2550A_Pro_V2.0.9
  lightning: 34
  lightning_num: 0
  lightning_time: 1769363721
INFO:     192.168.0.20:36229 - "POST /ecowitt HTTP/1.1" 200 OK
C:\Users\kioko\Desktop\MeteoSerV3\core\indices\environmental_indices.py:965: DeprecationWarning: datetime.datetime.utcfromtimestamp() is deprecated and scheduled for removal in a future version. Use timezone-aware objects to represent datetimes in UTC: datetime.datetime.fromtimestamp(timestamp, datetime.UTC).
  return datetime.datetime.utcfromtimestamp(float(timestamp)).replace(tzinfo=timezone.utc)
2026-01-27 19:10:02,050 [WARNING] [ST_DEBUG] t=15.000010326171381 h=91.99980841876858 v=0.31388888888888883 rad=6.259526973987573e-33 lat=41.536 lon=2.448 alt=30.0 dt=2026-01-27 18:09:58.602954+00:00 | HeatIndex=18.169282214482223 | Humedad=REAL
2026-01-27 19:10:02,050 [WARNING] [ST_DEBUG] \u2713 UTCI calculado: 15.9░C | Steadman: 15.946765318928858░C
2026-01-27 19:10:02,081 [WARNING] [ST_DEBUG] t=15.000010326171381 h=91.99980841876858 v=0.31388888888888883 rad=6.259526973987573e-33 lat=41.536 lon=2.448 alt=30.0 dt=2026-01-27 18:09:58.602954+00:00 | HeatIndex=18.169282214482223 | Humedad=REAL
2026-01-27 19:10:02,081 [WARNING] [ST_DEBUG] \u2713 UTCI calculado: 15.9░C | Steadman: 15.946765318928858░C
2026-01-27 19:10:02,116 [WARNING] [ST_DEBUG] t=15.000010326171381 h=91.99980841876858 v=0.31388888888888883 rad=6.259526973987573e-33 lat=41.536 lon=2.448 alt=30.0 dt=2026-01-27 18:09:58.602954+00:00 | HeatIndex=18.169282214482223 | Humedad=REAL
2026-01-27 19:10:02,116 [WARNING] [ST_DEBUG] \u2713 UTCI calculado: 15.9░C | Steadman: 15.946765318928858░C
2026-01-27 19:10:02,139 [WARNING] [ST_DEBUG] t=15.000010326171381 h=91.99980841876858 v=0.31388888888888883 rad=6.259526973987573e-33 lat=41.536 lon=2.448 alt=30.0 dt=2026-01-27 18:09:58.602954+00:00 | HeatIndex=18.169282214482223 | Humedad=REAL
2026-01-27 19:10:02,139 [WARNING] [ST_DEBUG] \u2713 UTCI calculado: 15.9░C | Steadman: 15.946765318928858░C
2026-01-27 19:10:02,161 [WARNING] [ST_DEBUG] t=15.000010326171381 h=91.99980841876858 v=0.31388888888888883 rad=6.259526973987573e-33 lat=41.536 lon=2.448 alt=30.0 dt=2026-01-27 18:09:58.602954+00:00 | HeatIndex=18.169282214482223 | Humedad=REAL
2026-01-27 19:10:02,161 [WARNING] [ST_DEBUG] \u2713 UTCI calculado: 15.9░C | Steadman: 15.946765318928858░C
2026-01-27 19:10:02,205 [WARNING] [ST_DEBUG] t=15.000010326171381 h=91.99980841876858 v=0.31388888888888883 rad=6.259526973987573e-33 lat=41.536 lon=2.448 alt=30.0 dt=2026-01-27 18:02:47.110281+00:00 | HeatIndex=18.169282214482223 | Humedad=REAL
2026-01-27 19:10:02,205 [WARNING] [ST_DEBUG] \u2713 UTCI calculado: 15.9░C | Steadman: 15.946765318928858░C
2026-01-27 19:10:02,225 [WARNING] [ST_DEBUG] t=15.000010326171381 h=91.99980841876858 v=0.31388888888888883 rad=6.259526973987573e-33 lat=41.536 lon=2.448 alt=30.0 dt=2026-01-27 18:09:58.602954+00:00 | HeatIndex=18.169282214482223 | Humedad=REAL
2026-01-27 19:10:02,225 [WARNING] [ST_DEBUG] \u2713 UTCI calculado: 15.9░C | Steadman: 15.946765318928858░C
INFO:     127.0.0.1:54782 - "GET /estado HTTP/1.1" 200 OK
INFO:     127.0.0.1:54782 - "GET /api/sensores/historial?nombre=temperatura HTTP/1.1" 200 OK
INFO:     127.0.0.1:54782 - "GET /api/sensores/historial?nombre=humedad HTTP/1.1" 200 OK
C:\Users\kioko\Desktop\MeteoSerV3\main_asgi.py:1077: DeprecationWarning: datetime.datetime.utcnow() is deprecated and scheduled for removal in a future version. Use timezone-aware objects to represent datetimes in UTC: datetime.datetime.now(datetime.UTC).
  "updated_at": datetime.datetime.utcnow().isoformat(),
C:\Users\kioko\Desktop\MeteoSerV3\core\indices\environmental_indices.py:965: DeprecationWarning: datetime.datetime.utcfromtimestamp() is deprecated and scheduled for removal in a future version. Use timezone-aware objects to represent datetimes in UTC: datetime.datetime.fromtimestamp(timestamp, datetime.UTC).
  return datetime.datetime.utcfromtimestamp(float(timestamp)).replace(tzinfo=timezone.utc)
2026-01-27 19:10:12,057 [WARNING] [ST_DEBUG] t=15.000010326171381 h=91.99980841876858 v=0.31388888888888883 rad=6.259526973987573e-33 lat=41.536 lon=2.448 alt=30.0 dt=2026-01-27 18:09:58.602954+00:00 | HeatIndex=18.169282214482223 | Humedad=REAL
2026-01-27 19:10:12,058 [WARNING] [ST_DEBUG] \u2713 UTCI calculado: 15.9░C | Steadman: 15.946765318928858░C
2026-01-27 19:10:12,093 [WARNING] [ST_DEBUG] t=15.000010326171381 h=91.99980841876858 v=0.31388888888888883 rad=6.259526973987573e-33 lat=41.536 lon=2.448 alt=30.0 dt=2026-01-27 18:09:58.602954+00:00 | HeatIndex=18.169282214482223 | Humedad=REAL
2026-01-27 19:10:12,093 [WARNING] [ST_DEBUG] \u2713 UTCI calculado: 15.9░C | Steadman: 15.946765318928858░C
2026-01-27 19:10:12,129 [WARNING] [ST_DEBUG] t=15.000010326171381 h=91.99980841876858 v=0.31388888888888883 rad=6.259526973987573e-33 lat=41.536 lon=2.448 alt=30.0 dt=2026-01-27 18:09:58.602954+00:00 | HeatIndex=18.169282214482223 | Humedad=REAL
2026-01-27 19:10:12,130 [WARNING] [ST_DEBUG] \u2713 UTCI calculado: 15.9░C | Steadman: 15.946765318928858░C
2026-01-27 19:10:12,154 [WARNING] [ST_DEBUG] t=15.000010326171381 h=91.99980841876858 v=0.31388888888888883 rad=6.259526973987573e-33 lat=41.536 lon=2.448 alt=30.0 dt=2026-01-27 18:09:58.602954+00:00 | HeatIndex=18.169282214482223 | Humedad=REAL
2026-01-27 19:10:12,154 [WARNING] [ST_DEBUG] \u2713 UTCI calculado: 15.9░C | Steadman: 15.946765318928858░C
2026-01-27 19:10:12,178 [WARNING] [ST_DEBUG] t=15.000010326171381 h=91.99980841876858 v=0.31388888888888883 rad=6.259526973987573e-33 lat=41.536 lon=2.448 alt=30.0 dt=2026-01-27 18:09:58.602954+00:00 | HeatIndex=18.169282214482223 | Humedad=REAL
2026-01-27 19:10:12,178 [WARNING] [ST_DEBUG] \u2713 UTCI calculado: 15.9░C | Steadman: 15.946765318928858░C
2026-01-27 19:10:12,221 [WARNING] [ST_DEBUG] t=15.000010326171381 h=91.99980841876858 v=0.31388888888888883 rad=6.259526973987573e-33 lat=41.536 lon=2.448 alt=30.0 dt=2026-01-27 18:02:47.110281+00:00 | HeatIndex=18.169282214482223 | Humedad=REAL
2026-01-27 19:10:12,221 [WARNING] [ST_DEBUG] \u2713 UTCI calculado: 15.9░C | Steadman: 15.946765318928858░C
2026-01-27 19:10:12,241 [WARNING] [ST_DEBUG] t=15.000010326171381 h=91.99980841876858 v=0.31388888888888883 rad=6.259526973987573e-33 lat=41.536 lon=2.448 alt=30.0 dt=2026-01-27 18:09:58.602954+00:00 | HeatIndex=18.169282214482223 | Humedad=REAL
2026-01-27 19:10:12,241 [WARNING] [ST_DEBUG] \u2713 UTCI calculado: 15.9░C | Steadman: 15.946765318928858░C
INFO:     127.0.0.1:53190 - "GET /estado HTTP/1.1" 200 OK
INFO:     127.0.0.1:53190 - "GET /api/sensores/historial?nombre=temperatura HTTP/1.1" 200 OK
INFO:     127.0.0.1:53190 - "GET /api/sensores/historial?nombre=humedad HTTP/1.1" 200 OK
2026-01-27 19:10:14,522 [WARNING] [ST_DEBUG] t=15.000010326171381 h=91.99980841876858 v=0.31388888888888883 rad=6.259526973987573e-33 lat=41.536 lon=2.448 alt=30.0 dt=2026-01-27 18:09:58.602954+00:00 | HeatIndex=18.169282214482223 | Humedad=REAL
2026-01-27 19:10:14,522 [WARNING] [ST_DEBUG] \u2713 UTCI calculado: 15.9░C | Steadman: 15.946765318928858░C
2026-01-27 19:10:14,579 [WARNING] [ST_DEBUG] t=15.000007228319966 h=91.999865893138 v=0.31388888888888883 rad=5.0076215791900583e-33 lat=41.536 lon=2.448 alt=30.0 dt=2026-01-27 18:09:58.602954+00:00 | HeatIndex=18.169254793530282 | Humedad=REAL
2026-01-27 19:10:14,579 [WARNING] [ST_DEBUG] \u2713 UTCI calculado: 15.9░C | Steadman: 15.946764419809263░C
[Ecowitt] Datos recibidos en puerto desconocido:
  PASSKEY: 979DFF1BC20666D72CD2FC0290AE1832
  stationtype: EasyWeatherV1.7.4
  dateutc: 2026-01-27 18:10:13
  tempinf: 59.0
  humidityin: 88
  baromrelin: 29.569
  baromabsin: 29.221
  tempf: 59.9
  humidity: 92
  winddir: 221
  winddir_avg10m: 197
  windspeedmph: 0.7
  windspdmph_avg10m: 1.1
  windgustmph: 3.4
  maxdailygust: 20.6
  rainratein: 0.000
  eventrainin: 0.039
  hourlyrainin: 0.000
  last24hrainin: 0.039
  dailyrainin: 0.039
  weeklyrainin: 0.130
  monthlyrainin: 4.917
  yearlyrainin: 32.531
  solarradiation: 0.00
  uv: 0
  soilmoisture1: 55
  soilad1: 264
  pm25_ch1: 310.0
  pm25_avg_24h_ch1: 160.2
  lightning_num: 0
  lightning_time: 1769363721
  lightning: 34
  vpd: 0.042
  wh65batt: 0
  wh25batt: 0
  soilbatt1: 1.4
  pm25batt1: 5
  wh57batt: 3
  freq: 868M
  model: HP2550A_Pro_V2.0.9
  lightning: 34
  lightning_num: 0
  lightning_time: 1769363721
INFO:     192.168.0.20:21215 - "POST /ecowitt HTTP/1.1" 200 OK
INFO:     127.0.0.1:59502 - "POST /client_time HTTP/1.1" 200 OK
C:\Users\kioko\Desktop\MeteoSerV3\core\indices\environmental_indices.py:965: DeprecationWarning: datetime.datetime.utcfromtimestamp() is deprecated and scheduled for removal in a future version. Use timezone-aware objects to represent datetimes in UTC: datetime.datetime.fromtimestamp(timestamp, datetime.UTC).
  return datetime.datetime.utcfromtimestamp(float(timestamp)).replace(tzinfo=timezone.utc)
2026-01-27 19:10:22,051 [WARNING] [ST_DEBUG] t=15.000007228319966 h=91.999865893138 v=0.31388888888888883 rad=5.0076215791900583e-33 lat=41.536 lon=2.448 alt=30.0 dt=2026-01-27 18:10:14.575212+00:00 | HeatIndex=18.169254793530282 | Humedad=REAL
2026-01-27 19:10:22,051 [WARNING] [ST_DEBUG] \u2713 UTCI calculado: 15.9░C | Steadman: 15.946764419809263░C
2026-01-27 19:10:22,075 [WARNING] [ST_DEBUG] t=15.000007228319966 h=91.999865893138 v=0.31388888888888883 rad=5.0076215791900583e-33 lat=41.536 lon=2.448 alt=30.0 dt=2026-01-27 18:10:14.575212+00:00 | HeatIndex=18.169254793530282 | Humedad=REAL
2026-01-27 19:10:22,076 [WARNING] [ST_DEBUG] \u2713 UTCI calculado: 15.9░C | Steadman: 15.946764419809263░C
2026-01-27 19:10:22,114 [WARNING] [ST_DEBUG] t=15.000007228319966 h=91.999865893138 v=0.31388888888888883 rad=5.0076215791900583e-33 lat=41.536 lon=2.448 alt=30.0 dt=2026-01-27 18:10:14.575212+00:00 | HeatIndex=18.169254793530282 | Humedad=REAL
2026-01-27 19:10:22,114 [WARNING] [ST_DEBUG] \u2713 UTCI calculado: 15.9░C | Steadman: 15.946764419809263░C
2026-01-27 19:10:22,138 [WARNING] [ST_DEBUG] t=15.000007228319966 h=91.999865893138 v=0.31388888888888883 rad=5.0076215791900583e-33 lat=41.536 lon=2.448 alt=30.0 dt=2026-01-27 18:10:14.575212+00:00 | HeatIndex=18.169254793530282 | Humedad=REAL
2026-01-27 19:10:22,138 [WARNING] [ST_DEBUG] \u2713 UTCI calculado: 15.9░C | Steadman: 15.946764419809263░C
2026-01-27 19:10:22,163 [WARNING] [ST_DEBUG] t=15.000007228319966 h=91.999865893138 v=0.31388888888888883 rad=5.0076215791900583e-33 lat=41.536 lon=2.448 alt=30.0 dt=2026-01-27 18:10:14.575212+00:00 | HeatIndex=18.169254793530282 | Humedad=REAL
2026-01-27 19:10:22,163 [WARNING] [ST_DEBUG] \u2713 UTCI calculado: 15.9░C | Steadman: 15.946764419809263░C
2026-01-27 19:10:22,204 [WARNING] [ST_DEBUG] t=15.000007228319966 h=91.999865893138 v=0.31388888888888883 rad=5.0076215791900583e-33 lat=41.536 lon=2.448 alt=30.0 dt=2026-01-27 18:02:47.110281+00:00 | HeatIndex=18.169254793530282 | Humedad=REAL
2026-01-27 19:10:22,204 [WARNING] [ST_DEBUG] \u2713 UTCI calculado: 15.9░C | Steadman: 15.946764419809263░C
2026-01-27 19:10:22,225 [WARNING] [ST_DEBUG] t=15.000007228319966 h=91.999865893138 v=0.31388888888888883 rad=5.0076215791900583e-33 lat=41.536 lon=2.448 alt=30.0 dt=2026-01-27 18:10:14.575212+00:00 | HeatIndex=18.169254793530282 | Humedad=REAL
2026-01-27 19:10:22,225 [WARNING] [ST_DEBUG] \u2713 UTCI calculado: 15.9░C | Steadman: 15.946764419809263░C
INFO:     127.0.0.1:59502 - "GET /estado HTTP/1.1" 200 OK
INFO:     127.0.0.1:59502 - "GET /api/sensores/historial?nombre=temperatura HTTP/1.1" 200 OK
INFO:     127.0.0.1:59502 - "GET /api/sensores/historial?nombre=humedad HTTP/1.1" 200 OK
2026-01-27 19:10:30,683 [WARNING] [ST_DEBUG] t=15.000007228319966 h=91.999865893138 v=0.31388888888888883 rad=5.0076215791900583e-33 lat=41.536 lon=2.448 alt=30.0 dt=2026-01-27 18:10:14.575212+00:00 | HeatIndex=18.169254793530282 | Humedad=REAL
2026-01-27 19:10:30,684 [WARNING] [ST_DEBUG] \u2713 UTCI calculado: 15.9░C | Steadman: 15.946764419809263░C
2026-01-27 19:10:30,743 [WARNING] [ST_DEBUG] t=15.000005059823975 h=91.99990612519659 v=0.40277777777777773 rad=4.006097263352047e-33 lat=41.536 lon=2.448 alt=30.0 dt=2026-01-27 18:10:14.575212+00:00 | HeatIndex=18.169235598833623 | Humedad=REAL
2026-01-27 19:10:30,743 [WARNING] [ST_DEBUG] \u2713 UTCI calculado: 15.9░C | Steadman: 15.884541568202668░C
[Ecowitt] Datos recibidos en puerto desconocido:
  PASSKEY: 979DFF1BC20666D72CD2FC0290AE1832
  stationtype: EasyWeatherV1.7.4
  dateutc: 2026-01-27 18:10:29
  tempinf: 59.0
  humidityin: 88
  baromrelin: 29.569
  baromabsin: 29.221
  tempf: 59.9
  humidity: 92
  winddir: 205
  winddir_avg10m: 197
  windspeedmph: 0.9
  windspdmph_avg10m: 1.1
  windgustmph: 3.4
  maxdailygust: 20.6
  rainratein: 0.000
  eventrainin: 0.039
  hourlyrainin: 0.000
  last24hrainin: 0.039
  dailyrainin: 0.039
  weeklyrainin: 0.130
  monthlyrainin: 4.917
  yearlyrainin: 32.531
  solarradiation: 0.00
  uv: 0
  soilmoisture1: 55
  soilad1: 264
  pm25_ch1: 310.0
  pm25_avg_24h_ch1: 160.2
  lightning_num: 0
  lightning_time: 1769363721
  lightning: 34
  vpd: 0.042
  wh65batt: 0
  wh25batt: 0
  soilbatt1: 1.4
  pm25batt1: 5
  wh57batt: 3
  freq: 868M
  model: HP2550A_Pro_V2.0.9
  lightning: 34
  lightning_num: 0
  lightning_time: 1769363721
INFO:     192.168.0.20:30968 - "POST /ecowitt HTTP/1.1" 200 OK
C:\Users\kioko\Desktop\MeteoSerV3\core\indices\environmental_indices.py:965: DeprecationWarning: datetime.datetime.utcfromtimestamp() is deprecated and scheduled for removal in a future version. Use timezone-aware objects to represent datetimes in UTC: datetime.datetime.fromtimestamp(timestamp, datetime.UTC).
  return datetime.datetime.utcfromtimestamp(float(timestamp)).replace(tzinfo=timezone.utc)
2026-01-27 19:10:32,051 [WARNING] [ST_DEBUG] t=15.000005059823975 h=91.99990612519659 v=0.40277777777777773 rad=4.006097263352047e-33 lat=41.536 lon=2.448 alt=30.0 dt=2026-01-27 18:10:30.739789+00:00 | HeatIndex=18.169235598833623 | Humedad=REAL
2026-01-27 19:10:32,051 [WARNING] [ST_DEBUG] \u2713 UTCI calculado: 15.9░C | Steadman: 15.884541568202668░C
2026-01-27 19:10:32,073 [WARNING] [ST_DEBUG] t=15.000005059823975 h=91.99990612519659 v=0.40277777777777773 rad=4.006097263352047e-33 lat=41.536 lon=2.448 alt=30.0 dt=2026-01-27 18:10:30.739789+00:00 | HeatIndex=18.169235598833623 | Humedad=REAL
2026-01-27 19:10:32,073 [WARNING] [ST_DEBUG] \u2713 UTCI calculado: 15.9░C | Steadman: 15.884541568202668░C
2026-01-27 19:10:32,111 [WARNING] [ST_DEBUG] t=15.000005059823975 h=91.99990612519659 v=0.40277777777777773 rad=4.006097263352047e-33 lat=41.536 lon=2.448 alt=30.0 dt=2026-01-27 18:10:30.739789+00:00 | HeatIndex=18.169235598833623 | Humedad=REAL
2026-01-27 19:10:32,112 [WARNING] [ST_DEBUG] \u2713 UTCI calculado: 15.9░C | Steadman: 15.884541568202668░C
2026-01-27 19:10:32,134 [WARNING] [ST_DEBUG] t=15.000005059823975 h=91.99990612519659 v=0.40277777777777773 rad=4.006097263352047e-33 lat=41.536 lon=2.448 alt=30.0 dt=2026-01-27 18:10:30.739789+00:00 | HeatIndex=18.169235598833623 | Humedad=REAL
2026-01-27 19:10:32,134 [WARNING] [ST_DEBUG] \u2713 UTCI calculado: 15.9░C | Steadman: 15.884541568202668░C
2026-01-27 19:10:32,159 [WARNING] [ST_DEBUG] t=15.000005059823975 h=91.99990612519659 v=0.40277777777777773 rad=4.006097263352047e-33 lat=41.536 lon=2.448 alt=30.0 dt=2026-01-27 18:10:30.739789+00:00 | HeatIndex=18.169235598833623 | Humedad=REAL
2026-01-27 19:10:32,159 [WARNING] [ST_DEBUG] \u2713 UTCI calculado: 15.9░C | Steadman: 15.884541568202668░C
2026-01-27 19:10:32,201 [WARNING] [ST_DEBUG] t=15.000005059823975 h=91.99990612519659 v=0.40277777777777773 rad=4.006097263352047e-33 lat=41.536 lon=2.448 alt=30.0 dt=2026-01-27 18:02:47.110281+00:00 | HeatIndex=18.169235598833623 | Humedad=REAL
2026-01-27 19:10:32,201 [WARNING] [ST_DEBUG] \u2713 UTCI calculado: 15.9░C | Steadman: 15.884541568202668░C
2026-01-27 19:10:32,221 [WARNING] [ST_DEBUG] t=15.000005059823975 h=91.99990612519659 v=0.40277777777777773 rad=4.006097263352047e-33 lat=41.536 lon=2.448 alt=30.0 dt=2026-01-27 18:10:30.739789+00:00 | HeatIndex=18.169235598833623 | Humedad=REAL
2026-01-27 19:10:32,221 [WARNING] [ST_DEBUG] \u2713 UTCI calculado: 15.9░C | Steadman: 15.884541568202668░C
INFO:     127.0.0.1:59523 - "GET /estado HTTP/1.1" 200 OK
INFO:     127.0.0.1:59523 - "GET /api/sensores/historial?nombre=temperatura HTTP/1.1" 200 OK
INFO:     127.0.0.1:59523 - "GET /api/sensores/historial?nombre=humedad HTTP/1.1" 200 OK
C:\Users\kioko\Desktop\MeteoSerV3\main_asgi.py:1077: DeprecationWarning: datetime.datetime.utcnow() is deprecated and scheduled for removal in a future version. Use timezone-aware objects to represent datetimes in UTC: datetime.datetime.now(datetime.UTC).
  "updated_at": datetime.datetime.utcnow().isoformat(),
C:\Users\kioko\Desktop\MeteoSerV3\core\indices\environmental_indices.py:965: DeprecationWarning: datetime.datetime.utcfromtimestamp() is deprecated and scheduled for removal in a future version. Use timezone-aware objects to represent datetimes in UTC: datetime.datetime.fromtimestamp(timestamp, datetime.UTC).
  return datetime.datetime.utcfromtimestamp(float(timestamp)).replace(tzinfo=timezone.utc)
2026-01-27 19:10:42,054 [WARNING] [ST_DEBUG] t=15.000005059823975 h=91.99990612519659 v=0.40277777777777773 rad=4.006097263352047e-33 lat=41.536 lon=2.448 alt=30.0 dt=2026-01-27 18:10:30.739789+00:00 | HeatIndex=18.169235598833623 | Humedad=REAL
2026-01-27 19:10:42,054 [WARNING] [ST_DEBUG] \u2713 UTCI calculado: 15.9░C | Steadman: 15.884541568202668░C
2026-01-27 19:10:42,106 [WARNING] [ST_DEBUG] t=15.000005059823975 h=91.99990612519659 v=0.40277777777777773 rad=4.006097263352047e-33 lat=41.536 lon=2.448 alt=30.0 dt=2026-01-27 18:10:30.739789+00:00 | HeatIndex=18.169235598833623 | Humedad=REAL
2026-01-27 19:10:42,107 [WARNING] [ST_DEBUG] \u2713 UTCI calculado: 15.9░C | Steadman: 15.884541568202668░C
2026-01-27 19:10:42,200 [WARNING] [ST_DEBUG] t=15.000005059823975 h=91.99990612519659 v=0.40277777777777773 rad=4.006097263352047e-33 lat=41.536 lon=2.448 alt=30.0 dt=2026-01-27 18:10:30.739789+00:00 | HeatIndex=18.169235598833623 | Humedad=REAL
2026-01-27 19:10:42,200 [WARNING] [ST_DEBUG] \u2713 UTCI calculado: 15.9░C | Steadman: 15.884541568202668░C
2026-01-27 19:10:42,270 [WARNING] [ST_DEBUG] t=15.000005059823975 h=91.99990612519659 v=0.40277777777777773 rad=4.006097263352047e-33 lat=41.536 lon=2.448 alt=30.0 dt=2026-01-27 18:10:30.739789+00:00 | HeatIndex=18.169235598833623 | Humedad=REAL
2026-01-27 19:10:42,270 [WARNING] [ST_DEBUG] \u2713 UTCI calculado: 15.9░C | Steadman: 15.884541568202668░C
2026-01-27 19:10:42,348 [WARNING] [ST_DEBUG] t=15.000005059823975 h=91.99990612519659 v=0.40277777777777773 rad=4.006097263352047e-33 lat=41.536 lon=2.448 alt=30.0 dt=2026-01-27 18:10:30.739789+00:00 | HeatIndex=18.169235598833623 | Humedad=REAL
2026-01-27 19:10:42,350 [WARNING] [ST_DEBUG] \u2713 UTCI calculado: 15.9░C | Steadman: 15.884541568202668░C
2026-01-27 19:10:42,451 [WARNING] [ST_DEBUG] t=15.000005059823975 h=91.99990612519659 v=0.40277777777777773 rad=4.006097263352047e-33 lat=41.536 lon=2.448 alt=30.0 dt=2026-01-27 18:02:47.110281+00:00 | HeatIndex=18.169235598833623 | Humedad=REAL
2026-01-27 19:10:42,453 [WARNING] [ST_DEBUG] \u2713 UTCI calculado: 15.9░C | Steadman: 15.884541568202668░C
2026-01-27 19:10:42,516 [WARNING] [ST_DEBUG] t=15.000005059823975 h=91.99990612519659 v=0.40277777777777773 rad=4.006097263352047e-33 lat=41.536 lon=2.448 alt=30.0 dt=2026-01-27 18:10:30.739789+00:00 | HeatIndex=18.169235598833623 | Humedad=REAL
2026-01-27 19:10:42,517 [WARNING] [ST_DEBUG] \u2713 UTCI calculado: 15.9░C | Steadman: 15.884541568202668░C
INFO:     127.0.0.1:53746 - "GET /estado HTTP/1.1" 200 OK
INFO:     127.0.0.1:53746 - "GET /api/sensores/historial?nombre=temperatura HTTP/1.1" 200 OK
INFO:     127.0.0.1:53746 - "GET /api/sensores/historial?nombre=humedad HTTP/1.1" 200 OK
2026-01-27 19:10:46,615 [WARNING] [ST_DEBUG] t=15.000005059823975 h=91.99990612519659 v=0.40277777777777773 rad=4.006097263352047e-33 lat=41.536 lon=2.448 alt=30.0 dt=2026-01-27 18:10:30.739789+00:00 | HeatIndex=18.169235598833623 | Humedad=REAL
2026-01-27 19:10:46,615 [WARNING] [ST_DEBUG] \u2713 UTCI calculado: 15.9░C | Steadman: 15.884541568202668░C
2026-01-27 19:10:46,882 [WARNING] [ST_DEBUG] t=15.000003541876781 h=91.9999342876376 v=0 rad=3.204877810681638e-33 lat=41.536 lon=2.448 alt=30.0 dt=2026-01-27 18:10:30.739789+00:00 | HeatIndex=18.16922216253119 | Humedad=REAL
2026-01-27 19:10:46,884 [WARNING] [ST_DEBUG] \u2713 UTCI calculado: 15.9░C | Steadman: 16.166485572077725░C
[Ecowitt] Datos recibidos en puerto desconocido:
  PASSKEY: 979DFF1BC20666D72CD2FC0290AE1832
  stationtype: EasyWeatherV1.7.4
  dateutc: 2026-01-27 18:10:45
  tempinf: 59.0
  humidityin: 88
  baromrelin: 29.569
  baromabsin: 29.221
  tempf: 59.9
  humidity: 92
  winddir: 204
  winddir_avg10m: 197
  windspeedmph: 0.0
  windspdmph_avg10m: 0.9
  windgustmph: 3.4
  maxdailygust: 20.6
  rainratein: 0.000
  eventrainin: 0.039
  hourlyrainin: 0.000
  last24hrainin: 0.039
  dailyrainin: 0.039
  weeklyrainin: 0.130
  monthlyrainin: 4.917
  yearlyrainin: 32.531
  solarradiation: 0.00
  uv: 0
  soilmoisture1: 55
  soilad1: 264
  pm25_ch1: 543.0
  pm25_avg_24h_ch1: 161.8
  lightning_num: 0
  lightning_time: 1769363721
  lightning: 34
  vpd: 0.042
  wh65batt: 0
  wh25batt: 0
  soilbatt1: 1.4
  pm25batt1: 5
  wh57batt: 3
  freq: 868M
  model: HP2550A_Pro_V2.0.9
  lightning: 34
  lightning_num: 0
  lightning_time: 1769363721
INFO:     192.168.0.20:4079 - "POST /ecowitt HTTP/1.1" 200 OK
2026-01-27 19:10:51,448 [WARNING] unregister_all_services skipped as it does blocking i/o; use AsyncZeroconf with asyncio
C:\Users\kioko\Desktop\MeteoSerV3\core\auto\auto_sensor_discovery.py:262: DeprecationWarning: Callback API version 1 is deprecated, update to latest version
  self._mqtt_client = mqtt.Client()
[INFO] AutoSensorDiscovery: MQTT TLS habilitado (ca=C:\mosquitto\conf\certs\ca.cert.pem, mutual=False)
2026-01-27 19:10:51,471 [INFO] MQTT TLS habilitado (ca=C:\mosquitto\conf\certs\ca.cert.pem, mutual=False)
[DEBUG] AutoSensorDiscovery: mDNS BadTypeInNameException:  (service_type=_services._dns-sd._udp.local., name=_frameo._tcp.local.)
2026-01-27 19:10:51,664 [DEBUG] mDNS BadTypeInNameException:  (service_type=_services._dns-sd._udp.local., name=_frameo._tcp.local.)
[DEBUG] AutoSensorDiscovery: mDNS BadTypeInNameException:  (service_type=_services._dns-sd._udp.local., name=_workstation._tcp.local.)
2026-01-27 19:10:51,768 [DEBUG] mDNS BadTypeInNameException:  (service_type=_services._dns-sd._udp.local., name=_workstation._tcp.local.)
[DEBUG] AutoSensorDiscovery: mDNS BadTypeInNameException:  (service_type=_services._dns-sd._udp.local., name=_amzn-wplay._tcp.local.)
2026-01-27 19:10:51,869 [DEBUG] mDNS BadTypeInNameException:  (service_type=_services._dns-sd._udp.local., name=_amzn-wplay._tcp.local.)
[DEBUG] AutoSensorDiscovery: mDNS BadTypeInNameException:  (service_type=_services._dns-sd._udp.local., name=_dosvc._tcp.local.)
2026-01-27 19:10:51,870 [DEBUG] mDNS BadTypeInNameException:  (service_type=_services._dns-sd._udp.local., name=_dosvc._tcp.local.)
[DEBUG] AutoSensorDiscovery: mDNS BadTypeInNameException:  (service_type=_services._dns-sd._udp.local., name=_spotify-connect._tcp.local.)
2026-01-27 19:10:51,871 [DEBUG] mDNS BadTypeInNameException:  (service_type=_services._dns-sd._udp.local., name=_spotify-connect._tcp.local.)
[DEBUG] AutoSensorDiscovery: mDNS BadTypeInNameException:  (service_type=_services._dns-sd._udp.local., name=_FC9F5ED42C8A._tcp.local.)
2026-01-27 19:10:51,871 [DEBUG] mDNS BadTypeInNameException:  (service_type=_services._dns-sd._udp.local., name=_FC9F5ED42C8A._tcp.local.)
[DEBUG] AutoSensorDiscovery: mDNS BadTypeInNameException:  (service_type=_services._dns-sd._udp.local., name=_amzn-alexa._tcp.local.)
2026-01-27 19:10:51,871 [DEBUG] mDNS BadTypeInNameException:  (service_type=_services._dns-sd._udp.local., name=_amzn-alexa._tcp.local.)
INFO:     127.0.0.1:58613 - "POST /client_time HTTP/1.1" 200 OK
C:\Users\kioko\Desktop\MeteoSerV3\core\indices\environmental_indices.py:965: DeprecationWarning: datetime.datetime.utcfromtimestamp() is deprecated and scheduled for removal in a future version. Use timezone-aware objects to represent datetimes in UTC: datetime.datetime.fromtimestamp(timestamp, datetime.UTC).
  return datetime.datetime.utcfromtimestamp(float(timestamp)).replace(tzinfo=timezone.utc)
2026-01-27 19:10:52,074 [WARNING] [ST_DEBUG] t=15.000003541876781 h=91.9999342876376 v=0 rad=3.204877810681638e-33 lat=41.536 lon=2.448 alt=30.0 dt=2026-01-27 18:10:46.870538+00:00 | HeatIndex=18.16922216253119 | Humedad=REAL
2026-01-27 19:10:52,075 [WARNING] [ST_DEBUG] \u2713 UTCI calculado: 15.9░C | Steadman: 16.166485572077725░C
2026-01-27 19:10:52,135 [WARNING] [ST_DEBUG] t=15.000003541876781 h=91.9999342876376 v=0 rad=3.204877810681638e-33 lat=41.536 lon=2.448 alt=30.0 dt=2026-01-27 18:10:46.870538+00:00 | HeatIndex=18.16922216253119 | Humedad=REAL
2026-01-27 19:10:52,135 [WARNING] [ST_DEBUG] \u2713 UTCI calculado: 15.9░C | Steadman: 16.166485572077725░C
2026-01-27 19:10:52,223 [WARNING] [ST_DEBUG] t=15.000003541876781 h=91.9999342876376 v=0 rad=3.204877810681638e-33 lat=41.536 lon=2.448 alt=30.0 dt=2026-01-27 18:10:46.870538+00:00 | HeatIndex=18.16922216253119 | Humedad=REAL
2026-01-27 19:10:52,223 [WARNING] [ST_DEBUG] \u2713 UTCI calculado: 15.9░C | Steadman: 16.166485572077725░C
2026-01-27 19:10:52,303 [WARNING] [ST_DEBUG] t=15.000003541876781 h=91.9999342876376 v=0 rad=3.204877810681638e-33 lat=41.536 lon=2.448 alt=30.0 dt=2026-01-27 18:10:46.870538+00:00 | HeatIndex=18.16922216253119 | Humedad=REAL
2026-01-27 19:10:52,303 [WARNING] [ST_DEBUG] \u2713 UTCI calculado: 15.9░C | Steadman: 16.166485572077725░C
2026-01-27 19:10:52,407 [WARNING] [ST_DEBUG] t=15.000003541876781 h=91.9999342876376 v=0 rad=3.204877810681638e-33 lat=41.536 lon=2.448 alt=30.0 dt=2026-01-27 18:02:47.110281+00:00 | HeatIndex=18.16922216253119 | Humedad=REAL
2026-01-27 19:10:52,408 [WARNING] [ST_DEBUG] \u2713 UTCI calculado: 15.9░C | Steadman: 16.166485572077725░C
2026-01-27 19:10:52,490 [WARNING] [ST_DEBUG] t=15.000003541876781 h=91.9999342876376 v=0 rad=3.204877810681638e-33 lat=41.536 lon=2.448 alt=30.0 dt=2026-01-27 18:10:46.870538+00:00 | HeatIndex=18.16922216253119 | Humedad=REAL
2026-01-27 19:10:52,491 [WARNING] [ST_DEBUG] \u2713 UTCI calculado: 15.9░C | Steadman: 16.166485572077725░C
INFO:     127.0.0.1:58613 - "GET /estado HTTP/1.1" 200 OK
INFO:     127.0.0.1:58613 - "GET /api/sensores/historial?nombre=temperatura HTTP/1.1" 200 OK
INFO:     127.0.0.1:61975 - "GET /api/sensores/historial?nombre=humedad HTTP/1.1" 200 OK
C:\Users\kioko\Desktop\MeteoSerV3\core\indices\environmental_indices.py:965: DeprecationWarning: datetime.datetime.utcfromtimestamp() is deprecated and scheduled for removal in a future version. Use timezone-aware objects to represent datetimes in UTC: datetime.datetime.fromtimestamp(timestamp, datetime.UTC).
  return datetime.datetime.utcfromtimestamp(float(timestamp)).replace(tzinfo=timezone.utc)
2026-01-27 19:11:02,369 [WARNING] [ST_DEBUG] t=15.000003541876781 h=91.9999342876376 v=0 rad=3.204877810681638e-33 lat=41.536 lon=2.448 alt=30.0 dt=2026-01-27 18:10:46.870538+00:00 | HeatIndex=18.16922216253119 | Humedad=REAL
2026-01-27 19:11:02,369 [WARNING] [ST_DEBUG] \u2713 UTCI calculado: 15.9░C | Steadman: 16.166485572077725░C
2026-01-27 19:11:02,429 [WARNING] [ST_DEBUG] t=15.000003541876781 h=91.9999342876376 v=0 rad=3.204877810681638e-33 lat=41.536 lon=2.448 alt=30.0 dt=2026-01-27 18:10:46.870538+00:00 | HeatIndex=18.16922216253119 | Humedad=REAL
2026-01-27 19:11:02,429 [WARNING] [ST_DEBUG] \u2713 UTCI calculado: 15.9░C | Steadman: 16.166485572077725░C
2026-01-27 19:11:02,513 [WARNING] [ST_DEBUG] t=15.000003541876781 h=91.9999342876376 v=0 rad=3.204877810681638e-33 lat=41.536 lon=2.448 alt=30.0 dt=2026-01-27 18:10:46.870538+00:00 | HeatIndex=18.16922216253119 | Humedad=REAL
2026-01-27 19:11:02,513 [WARNING] [ST_DEBUG] \u2713 UTCI calculado: 15.9░C | Steadman: 16.166485572077725░C
2026-01-27 19:11:02,583 [WARNING] [ST_DEBUG] t=15.000003541876781 h=91.9999342876376 v=0 rad=3.204877810681638e-33 lat=41.536 lon=2.448 alt=30.0 dt=2026-01-27 18:10:46.870538+00:00 | HeatIndex=18.16922216253119 | Humedad=REAL
2026-01-27 19:11:02,584 [WARNING] [ST_DEBUG] \u2713 UTCI calculado: 15.9░C | Steadman: 16.166485572077725░C
2026-01-27 19:11:02,590 [WARNING] [ST_DEBUG] t=15.000003541876781 h=91.9999342876376 v=0 rad=3.204877810681638e-33 lat=41.536 lon=2.448 alt=30.0 dt=2026-01-27 18:10:46.870538+00:00 | HeatIndex=18.16922216253119 | Humedad=REAL
2026-01-27 19:11:02,590 [WARNING] [ST_DEBUG] \u2713 UTCI calculado: 15.9░C | Steadman: 16.166485572077725░C
2026-01-27 19:11:02,696 [WARNING] [ST_DEBUG] t=15.000003541876781 h=91.9999342876376 v=0 rad=3.204877810681638e-33 lat=41.536 lon=2.448 alt=30.0 dt=2026-01-27 18:02:47.110281+00:00 | HeatIndex=18.16922216253119 | Humedad=REAL
2026-01-27 19:11:02,696 [WARNING] [ST_DEBUG] \u2713 UTCI calculado: 15.9░C | Steadman: 16.166485572077725░C
2026-01-27 19:11:02,752 [WARNING] [ST_DEBUG] t=15.000003541876781 h=91.9999342876376 v=0 rad=2.5639022485453102e-33 lat=41.536 lon=2.448 alt=30.0 dt=2026-01-27 18:10:46.870538+00:00 | HeatIndex=18.16922216253119 | Humedad=REAL
2026-01-27 19:11:02,752 [WARNING] [ST_DEBUG] \u2713 UTCI calculado: 15.9░C | Steadman: 16.166485572077725░C
2026-01-27 19:11:02,948 [WARNING] [ST_DEBUG] t=15.000002479313746 h=91.99995400134631 v=0 rad=2.5639022485453102e-33 lat=41.536 lon=2.448 alt=30.0 dt=2026-01-27 18:10:46.870538+00:00 | HeatIndex=18.169212757112234 | Humedad=REAL
2026-01-27 19:11:02,948 [WARNING] [ST_DEBUG] \u2713 UTCI calculado: 15.9░C | Steadman: 16.166485263679░C
[Ecowitt] Datos recibidos en puerto desconocido:
  PASSKEY: 979DFF1BC20666D72CD2FC0290AE1832
  stationtype: EasyWeatherV1.7.4
  dateutc: 2026-01-27 18:11:01
  tempinf: 59.0
  humidityin: 88
  baromrelin: 29.569
  baromabsin: 29.221
  tempf: 59.9
  humidity: 92
  winddir: 205
  winddir_avg10m: 197
  windspeedmph: 0.0
  windspdmph_avg10m: 0.9
  windgustmph: 3.4
  maxdailygust: 20.6
  rainratein: 0.000
  eventrainin: 0.039
  hourlyrainin: 0.000
  last24hrainin: 0.039
  dailyrainin: 0.039
  weeklyrainin: 0.130
  monthlyrainin: 4.917
  yearlyrainin: 32.531
  solarradiation: 0.00
  uv: 0
  soilmoisture1: 55
  soilad1: 264
  pm25_ch1: 543.0
  pm25_avg_24h_ch1: 161.8
  lightning_num: 0
  lightning_time: 1769363721
  lightning: 34
  vpd: 0.042
  wh65batt: 0
  wh25batt: 0
  soilbatt1: 1.4
  pm25batt1: 5
  wh57batt: 3
  freq: 868M
  model: HP2550A_Pro_V2.0.9
  lightning: 34
  lightning_num: 0
  lightning_time: 1769363721
INFO:     192.168.0.20:47310 - "POST /ecowitt HTTP/1.1" 200 OK
INFO:     127.0.0.1:54205 - "GET /estado HTTP/1.1" 200 OK
INFO:     127.0.0.1:54205 - "GET /api/sensores/historial?nombre=temperatura HTTP/1.1" 200 OK
INFO:     127.0.0.1:59508 - "GET /api/sensores/historial?nombre=humedad HTTP/1.1" 200 OK
C:\Users\kioko\Desktop\MeteoSerV3\main_asgi.py:1077: DeprecationWarning: datetime.datetime.utcnow() is deprecated and scheduled for removal in a future version. Use timezone-aware objects to represent datetimes in UTC: datetime.datetime.now(datetime.UTC).
  "updated_at": datetime.datetime.utcnow().isoformat(),
C:\Users\kioko\Desktop\MeteoSerV3\core\indices\environmental_indices.py:965: DeprecationWarning: datetime.datetime.utcfromtimestamp() is deprecated and scheduled for removal in a future version. Use timezone-aware objects to represent datetimes in UTC: datetime.datetime.fromtimestamp(timestamp, datetime.UTC).
  return datetime.datetime.utcfromtimestamp(float(timestamp)).replace(tzinfo=timezone.utc)
2026-01-27 19:11:12,365 [WARNING] [ST_DEBUG] t=15.000002479313746 h=91.99995400134631 v=0 rad=2.5639022485453102e-33 lat=41.536 lon=2.448 alt=30.0 dt=2026-01-27 18:11:02.936598+00:00 | HeatIndex=18.169212757112234 | Humedad=REAL
2026-01-27 19:11:12,365 [WARNING] [ST_DEBUG] \u2713 UTCI calculado: 15.9░C | Steadman: 16.166485263679░C
2026-01-27 19:11:12,413 [WARNING] [ST_DEBUG] t=15.000002479313746 h=91.99995400134631 v=0 rad=2.5639022485453102e-33 lat=41.536 lon=2.448 alt=30.0 dt=2026-01-27 18:11:02.936598+00:00 | HeatIndex=18.169212757112234 | Humedad=REAL
2026-01-27 19:11:12,413 [WARNING] [ST_DEBUG] \u2713 UTCI calculado: 15.9░C | Steadman: 16.166485263679░C
2026-01-27 19:11:12,497 [WARNING] [ST_DEBUG] t=15.000002479313746 h=91.99995400134631 v=0 rad=2.5639022485453102e-33 lat=41.536 lon=2.448 alt=30.0 dt=2026-01-27 18:11:02.936598+00:00 | HeatIndex=18.169212757112234 | Humedad=REAL
2026-01-27 19:11:12,497 [WARNING] [ST_DEBUG] \u2713 UTCI calculado: 15.9░C | Steadman: 16.166485263679░C
2026-01-27 19:11:12,561 [WARNING] [ST_DEBUG] t=15.000002479313746 h=91.99995400134631 v=0 rad=2.5639022485453102e-33 lat=41.536 lon=2.448 alt=30.0 dt=2026-01-27 18:11:02.936598+00:00 | HeatIndex=18.169212757112234 | Humedad=REAL
2026-01-27 19:11:12,561 [WARNING] [ST_DEBUG] \u2713 UTCI calculado: 15.9░C | Steadman: 16.166485263679░C
2026-01-27 19:11:12,646 [WARNING] [ST_DEBUG] t=15.000002479313746 h=91.99995400134631 v=0 rad=2.5639022485453102e-33 lat=41.536 lon=2.448 alt=30.0 dt=2026-01-27 18:02:47.110281+00:00 | HeatIndex=18.169212757112234 | Humedad=REAL
2026-01-27 19:11:12,646 [WARNING] [ST_DEBUG] \u2713 UTCI calculado: 15.9░C | Steadman: 16.166485263679░C
2026-01-27 19:11:12,708 [WARNING] [ST_DEBUG] t=15.000002479313746 h=91.99995400134631 v=0 rad=2.5639022485453102e-33 lat=41.536 lon=2.448 alt=30.0 dt=2026-01-27 18:11:02.936598+00:00 | HeatIndex=18.169212757112234 | Humedad=REAL
2026-01-27 19:11:12,708 [WARNING] [ST_DEBUG] \u2713 UTCI calculado: 15.9░C | Steadman: 16.166485263679░C
INFO:     127.0.0.1:55441 - "GET /estado HTTP/1.1" 200 OK
INFO:     127.0.0.1:55441 - "GET /api/sensores/historial?nombre=temperatura HTTP/1.1" 200 OK
INFO:     127.0.0.1:51963 - "GET /api/sensores/historial?nombre=humedad HTTP/1.1" 200 OK
2026-01-27 19:11:18,527 [WARNING] [ST_DEBUG] t=15.000002479313746 h=91.99995400134631 v=0 rad=2.5639022485453102e-33 lat=41.536 lon=2.448 alt=30.0 dt=2026-01-27 18:11:02.936598+00:00 | HeatIndex=18.169212757112234 | Humedad=REAL
2026-01-27 19:11:18,527 [WARNING] [ST_DEBUG] \u2713 UTCI calculado: 15.9░C | Steadman: 16.166485263679░C
2026-01-27 19:11:18,862 [WARNING] [ST_DEBUG] t=15.000001735519621 h=91.99996780094241 v=0 rad=2.0511217988362485e-33 lat=41.536 lon=2.448 alt=30.0 dt=2026-01-27 18:11:02.936598+00:00 | HeatIndex=18.169206173315285 | Humedad=REAL
2026-01-27 19:11:18,862 [WARNING] [ST_DEBUG] \u2713 UTCI calculado: 15.9░C | Steadman: 16.166485047799814░C
[Ecowitt] Datos recibidos en puerto desconocido:
  PASSKEY: 979DFF1BC20666D72CD2FC0290AE1832
  stationtype: EasyWeatherV1.7.4
  dateutc: 2026-01-27 18:11:17
  tempinf: 59.0
  humidityin: 88
  baromrelin: 29.575
  baromabsin: 29.227
  tempf: 59.9
  humidity: 92
  winddir: 204
  winddir_avg10m: 197
  windspeedmph: 0.0
  windspdmph_avg10m: 0.7
  windgustmph: 1.1
  maxdailygust: 20.6
  rainratein: 0.000
  eventrainin: 0.039
  hourlyrainin: 0.000
  last24hrainin: 0.039
  dailyrainin: 0.039
  weeklyrainin: 0.130
  monthlyrainin: 4.917
  yearlyrainin: 32.531
  solarradiation: 0.00
  uv: 0
  soilmoisture1: 55
  soilad1: 264
  pm25_ch1: 543.0
  pm25_avg_24h_ch1: 161.8
  lightning_num: 0
  lightning_time: 1769363721
  lightning: 34
  vpd: 0.042
  wh65batt: 0
  wh25batt: 0
  soilbatt1: 1.4
  pm25batt1: 5
  wh57batt: 3
  freq: 868M
  model: HP2550A_Pro_V2.0.9
  lightning: 34
  lightning_num: 0
  lightning_time: 1769363721
INFO:     192.168.0.20:40971 - "POST /ecowitt HTTP/1.1" 200 OK
C:\Users\kioko\Desktop\MeteoSerV3\core\indices\environmental_indices.py:965: DeprecationWarning: datetime.datetime.utcfromtimestamp() is deprecated and scheduled for removal in a future version. Use timezone-aware objects to represent datetimes in UTC: datetime.datetime.fromtimestamp(timestamp, datetime.UTC).
  return datetime.datetime.utcfromtimestamp(float(timestamp)).replace(tzinfo=timezone.utc)
2026-01-27 19:11:22,367 [WARNING] [ST_DEBUG] t=15.000001735519621 h=91.99996780094241 v=0 rad=2.0511217988362485e-33 lat=41.536 lon=2.448 alt=30.0 dt=2026-01-27 18:11:18.850328+00:00 | HeatIndex=18.169206173315285 | Humedad=REAL
2026-01-27 19:11:22,367 [WARNING] [ST_DEBUG] \u2713 UTCI calculado: 15.9░C | Steadman: 16.166485047799814░C
2026-01-27 19:11:22,454 [WARNING] [ST_DEBUG] t=15.000001735519621 h=91.99996780094241 v=0 rad=2.0511217988362485e-33 lat=41.536 lon=2.448 alt=30.0 dt=2026-01-27 18:11:18.850328+00:00 | HeatIndex=18.169206173315285 | Humedad=REAL
2026-01-27 19:11:22,457 [WARNING] [ST_DEBUG] \u2713 UTCI calculado: 15.9░C | Steadman: 16.166485047799814░C
2026-01-27 19:11:22,564 [WARNING] [ST_DEBUG] t=15.000001735519621 h=91.99996780094241 v=0 rad=2.0511217988362485e-33 lat=41.536 lon=2.448 alt=30.0 dt=2026-01-27 18:11:18.850328+00:00 | HeatIndex=18.169206173315285 | Humedad=REAL
2026-01-27 19:11:22,564 [WARNING] [ST_DEBUG] \u2713 UTCI calculado: 15.9░C | Steadman: 16.166485047799814░C
2026-01-27 19:11:22,643 [WARNING] [ST_DEBUG] t=15.000001735519621 h=91.99996780094241 v=0 rad=2.0511217988362485e-33 lat=41.536 lon=2.448 alt=30.0 dt=2026-01-27 18:11:18.850328+00:00 | HeatIndex=18.169206173315285 | Humedad=REAL
2026-01-27 19:11:22,643 [WARNING] [ST_DEBUG] \u2713 UTCI calculado: 15.9░C | Steadman: 16.166485047799814░C
2026-01-27 19:11:22,732 [WARNING] [ST_DEBUG] t=15.000001735519621 h=91.99996780094241 v=0 rad=2.0511217988362485e-33 lat=41.536 lon=2.448 alt=30.0 dt=2026-01-27 18:02:47.110281+00:00 | HeatIndex=18.169206173315285 | Humedad=REAL
2026-01-27 19:11:22,733 [WARNING] [ST_DEBUG] \u2713 UTCI calculado: 15.9░C | Steadman: 16.166485047799814░C
2026-01-27 19:11:22,790 [WARNING] [ST_DEBUG] t=15.000001735519621 h=91.99996780094241 v=0 rad=2.0511217988362485e-33 lat=41.536 lon=2.448 alt=30.0 dt=2026-01-27 18:11:18.850328+00:00 | HeatIndex=18.169206173315285 | Humedad=REAL
2026-01-27 19:11:22,790 [WARNING] [ST_DEBUG] \u2713 UTCI calculado: 15.9░C | Steadman: 16.166485047799814░C
INFO:     127.0.0.1:58020 - "GET /estado HTTP/1.1" 200 OK
INFO:     127.0.0.1:58020 - "GET /api/sensores/historial?nombre=temperatura HTTP/1.1" 200 OK
INFO:     127.0.0.1:54248 - "GET /api/sensores/historial?nombre=humedad HTTP/1.1" 200 OK
INFO:     127.0.0.1:54248 - "POST /client_time HTTP/1.1" 200 OK
C:\Users\kioko\Desktop\MeteoSerV3\core\indices\environmental_indices.py:965: DeprecationWarning: datetime.datetime.utcfromtimestamp() is deprecated and scheduled for removal in a future version. Use timezone-aware objects to represent datetimes in UTC: datetime.datetime.fromtimestamp(timestamp, datetime.UTC).
  return datetime.datetime.utcfromtimestamp(float(timestamp)).replace(tzinfo=timezone.utc)
2026-01-27 19:11:32,359 [WARNING] [ST_DEBUG] t=15.000001735519621 h=91.99996780094241 v=0 rad=2.0511217988362485e-33 lat=41.536 lon=2.448 alt=30.0 dt=2026-01-27 18:11:18.850328+00:00 | HeatIndex=18.169206173315285 | Humedad=REAL
2026-01-27 19:11:32,359 [WARNING] [ST_DEBUG] \u2713 UTCI calculado: 15.9░C | Steadman: 16.166485047799814░C
2026-01-27 19:11:32,424 [WARNING] [ST_DEBUG] t=15.000001735519621 h=91.99996780094241 v=0 rad=2.0511217988362485e-33 lat=41.536 lon=2.448 alt=30.0 dt=2026-01-27 18:11:18.850328+00:00 | HeatIndex=18.169206173315285 | Humedad=REAL
2026-01-27 19:11:32,424 [WARNING] [ST_DEBUG] \u2713 UTCI calculado: 15.9░C | Steadman: 16.166485047799814░C
2026-01-27 19:11:32,508 [WARNING] [ST_DEBUG] t=15.000001735519621 h=91.99996780094241 v=0 rad=2.0511217988362485e-33 lat=41.536 lon=2.448 alt=30.0 dt=2026-01-27 18:11:18.850328+00:00 | HeatIndex=18.169206173315285 | Humedad=REAL
2026-01-27 19:11:32,510 [WARNING] [ST_DEBUG] \u2713 UTCI calculado: 15.9░C | Steadman: 16.166485047799814░C
2026-01-27 19:11:32,588 [WARNING] [ST_DEBUG] t=15.000001735519621 h=91.99996780094241 v=0 rad=2.0511217988362485e-33 lat=41.536 lon=2.448 alt=30.0 dt=2026-01-27 18:11:18.850328+00:00 | HeatIndex=18.169206173315285 | Humedad=REAL
2026-01-27 19:11:32,589 [WARNING] [ST_DEBUG] \u2713 UTCI calculado: 15.9░C | Steadman: 16.166485047799814░C
2026-01-27 19:11:32,680 [WARNING] [ST_DEBUG] t=15.000001735519621 h=91.99996780094241 v=0 rad=2.0511217988362485e-33 lat=41.536 lon=2.448 alt=30.0 dt=2026-01-27 18:02:47.110281+00:00 | HeatIndex=18.169206173315285 | Humedad=REAL
2026-01-27 19:11:32,682 [WARNING] [ST_DEBUG] \u2713 UTCI calculado: 15.9░C | Steadman: 16.166485047799814░C
2026-01-27 19:11:32,749 [WARNING] [ST_DEBUG] t=15.000001735519621 h=91.99996780094241 v=0 rad=2.0511217988362485e-33 lat=41.536 lon=2.448 alt=30.0 dt=2026-01-27 18:11:18.850328+00:00 | HeatIndex=18.169206173315285 | Humedad=REAL
2026-01-27 19:11:32,749 [WARNING] [ST_DEBUG] \u2713 UTCI calculado: 15.9░C | Steadman: 16.166485047799814░C
INFO:     127.0.0.1:57892 - "GET /estado HTTP/1.1" 200 OK
INFO:     127.0.0.1:57892 - "GET /api/sensores/historial?nombre=temperatura HTTP/1.1" 200 OK
INFO:     127.0.0.1:53703 - "GET /api/sensores/historial?nombre=humedad HTTP/1.1" 200 OK
2026-01-27 19:11:34,673 [WARNING] [ST_DEBUG] t=15.000001735519621 h=91.99996780094241 v=0 rad=2.0511217988362485e-33 lat=41.536 lon=2.448 alt=30.0 dt=2026-01-27 18:11:18.850328+00:00 | HeatIndex=18.169206173315285 | Humedad=REAL
2026-01-27 19:11:34,674 [WARNING] [ST_DEBUG] \u2713 UTCI calculado: 15.9░C | Steadman: 16.166485047799814░C
2026-01-27 19:11:34,977 [WARNING] [ST_DEBUG] t=15.000001214863735 h=91.99997746065968 v=0.40277777777777773 rad=1.640897439068999e-33 lat=41.536 lon=2.448 alt=30.0 dt=2026-01-27 18:11:18.850328+00:00 | HeatIndex=18.16920156465582 | Humedad=REAL
2026-01-27 19:11:34,977 [WARNING] [ST_DEBUG] \u2713 UTCI calculado: 15.9░C | Steadman: 15.8845404522399░C
[Ecowitt] Datos recibidos en puerto desconocido:
  PASSKEY: 979DFF1BC20666D72CD2FC0290AE1832
  stationtype: EasyWeatherV1.7.4
  dateutc: 2026-01-27 18:11:33
  tempinf: 59.0
  humidityin: 88
  baromrelin: 29.575
  baromabsin: 29.227
  tempf: 59.9
  humidity: 92
  winddir: 216
  winddir_avg10m: 197
  windspeedmph: 0.9
  windspdmph_avg10m: 0.7
  windgustmph: 1.1
  maxdailygust: 20.6
  rainratein: 0.000
  eventrainin: 0.039
  hourlyrainin: 0.000
  last24hrainin: 0.039
  dailyrainin: 0.039
  weeklyrainin: 0.130
  monthlyrainin: 4.917
  yearlyrainin: 32.531
  solarradiation: 0.00
  uv: 0
  soilmoisture1: 55
  soilad1: 264
  pm25_ch1: 424.0
  pm25_avg_24h_ch1: 161.0
  lightning_num: 0
  lightning_time: 1769363721
  lightning: 34
  vpd: 0.042
  wh65batt: 0
  wh25batt: 0
  soilbatt1: 1.4
  pm25batt1: 5
  wh57batt: 3
  freq: 868M
  model: HP2550A_Pro_V2.0.9
  lightning: 34
  lightning_num: 0
  lightning_time: 1769363721
INFO:     192.168.0.20:41302 - "POST /ecowitt HTTP/1.1" 200 OK
C:\Users\kioko\Desktop\MeteoSerV3\main_asgi.py:1077: DeprecationWarning: datetime.datetime.utcnow() is deprecated and scheduled for removal in a future version. Use timezone-aware objects to represent datetimes in UTC: datetime.datetime.now(datetime.UTC).
  "updated_at": datetime.datetime.utcnow().isoformat(),
C:\Users\kioko\Desktop\MeteoSerV3\core\indices\environmental_indices.py:965: DeprecationWarning: datetime.datetime.utcfromtimestamp() is deprecated and scheduled for removal in a future version. Use timezone-aware objects to represent datetimes in UTC: datetime.datetime.fromtimestamp(timestamp, datetime.UTC).
  return datetime.datetime.utcfromtimestamp(float(timestamp)).replace(tzinfo=timezone.utc)
2026-01-27 19:11:42,363 [WARNING] [ST_DEBUG] t=15.000001214863735 h=91.99997746065968 v=0.40277777777777773 rad=1.640897439068999e-33 lat=41.536 lon=2.448 alt=30.0 dt=2026-01-27 18:11:34.968956+00:00 | HeatIndex=18.16920156465582 | Humedad=REAL
2026-01-27 19:11:42,363 [WARNING] [ST_DEBUG] \u2713 UTCI calculado: 15.9░C | Steadman: 15.8845404522399░C
2026-01-27 19:11:42,415 [WARNING] [ST_DEBUG] t=15.000001214863735 h=91.99997746065968 v=0.40277777777777773 rad=1.640897439068999e-33 lat=41.536 lon=2.448 alt=30.0 dt=2026-01-27 18:11:34.968956+00:00 | HeatIndex=18.16920156465582 | Humedad=REAL
2026-01-27 19:11:42,415 [WARNING] [ST_DEBUG] \u2713 UTCI calculado: 15.9░C | Steadman: 15.8845404522399░C
2026-01-27 19:11:42,503 [WARNING] [ST_DEBUG] t=15.000001214863735 h=91.99997746065968 v=0.40277777777777773 rad=1.640897439068999e-33 lat=41.536 lon=2.448 alt=30.0 dt=2026-01-27 18:11:34.968956+00:00 | HeatIndex=18.16920156465582 | Humedad=REAL
2026-01-27 19:11:42,503 [WARNING] [ST_DEBUG] \u2713 UTCI calculado: 15.9░C | Steadman: 15.8845404522399░C
2026-01-27 19:11:42,570 [WARNING] [ST_DEBUG] t=15.000001214863735 h=91.99997746065968 v=0.40277777777777773 rad=1.640897439068999e-33 lat=41.536 lon=2.448 alt=30.0 dt=2026-01-27 18:11:34.968956+00:00 | HeatIndex=18.16920156465582 | Humedad=REAL
2026-01-27 19:11:42,570 [WARNING] [ST_DEBUG] \u2713 UTCI calculado: 15.9░C | Steadman: 15.8845404522399░C
2026-01-27 19:11:42,638 [WARNING] [ST_DEBUG] t=15.000001214863735 h=91.99997746065968 v=0.40277777777777773 rad=1.640897439068999e-33 lat=41.536 lon=2.448 alt=30.0 dt=2026-01-27 18:11:34.968956+00:00 | HeatIndex=18.16920156465582 | Humedad=REAL
2026-01-27 19:11:42,638 [WARNING] [ST_DEBUG] \u2713 UTCI calculado: 15.9░C | Steadman: 15.8845404522399░C
2026-01-27 19:11:42,729 [WARNING] [ST_DEBUG] t=15.000001214863735 h=91.99997746065968 v=0.40277777777777773 rad=1.640897439068999e-33 lat=41.536 lon=2.448 alt=30.0 dt=2026-01-27 18:02:47.110281+00:00 | HeatIndex=18.16920156465582 | Humedad=REAL
2026-01-27 19:11:42,729 [WARNING] [ST_DEBUG] \u2713 UTCI calculado: 15.9░C | Steadman: 15.8845404522399░C
2026-01-27 19:11:42,795 [WARNING] [ST_DEBUG] t=15.000001214863735 h=91.99997746065968 v=0.40277777777777773 rad=1.640897439068999e-33 lat=41.536 lon=2.448 alt=30.0 dt=2026-01-27 18:11:34.968956+00:00 | HeatIndex=18.16920156465582 | Humedad=REAL
2026-01-27 19:11:42,797 [WARNING] [ST_DEBUG] \u2713 UTCI calculado: 15.9░C | Steadman: 15.8845404522399░C
INFO:     127.0.0.1:50699 - "GET /estado HTTP/1.1" 200 OK
INFO:     127.0.0.1:50699 - "GET /api/sensores/historial?nombre=temperatura HTTP/1.1" 200 OK
INFO:     127.0.0.1:63813 - "GET /api/sensores/historial?nombre=humedad HTTP/1.1" 200 OK
2026-01-27 19:11:50,616 [WARNING] [ST_DEBUG] t=15.000001214863735 h=91.99997746065968 v=0.40277777777777773 rad=1.640897439068999e-33 lat=41.536 lon=2.448 alt=30.0 dt=2026-01-27 18:11:34.968956+00:00 | HeatIndex=18.16920156465582 | Humedad=REAL
2026-01-27 19:11:50,616 [WARNING] [ST_DEBUG] \u2713 UTCI calculado: 15.9░C | Steadman: 15.8845404522399░C
2026-01-27 19:11:50,919 [WARNING] [ST_DEBUG] t=15.000000850404614 h=91.99998422246176 v=0.17777777777777778 rad=1.3127179512551992e-33 lat=41.536 lon=2.448 alt=30.0 dt=2026-01-27 18:11:34.968956+00:00 | HeatIndex=18.169198338593258 | Humedad=REAL
2026-01-27 19:11:50,919 [WARNING] [ST_DEBUG] \u2713 UTCI calculado: 15.9░C | Steadman: 16.042040346459054░C
[Ecowitt] Datos recibidos en puerto desconocido:
  PASSKEY: 979DFF1BC20666D72CD2FC0290AE1832
  stationtype: EasyWeatherV1.7.4
  dateutc: 2026-01-27 18:11:49
  tempinf: 59.0
  humidityin: 88
  baromrelin: 29.575
  baromabsin: 29.227
  tempf: 59.9
  humidity: 92
  winddir: 234
  winddir_avg10m: 197
  windspeedmph: 0.4
  windspdmph_avg10m: 0.7
  windgustmph: 1.1
  maxdailygust: 20.6
  rainratein: 0.000
  eventrainin: 0.039
  hourlyrainin: 0.000
  last24hrainin: 0.039
  dailyrainin: 0.039
  weeklyrainin: 0.130
  monthlyrainin: 4.917
  yearlyrainin: 32.531
  solarradiation: 0.00
  uv: 0
  soilmoisture1: 55
  soilad1: 264
  pm25_ch1: 424.0
  pm25_avg_24h_ch1: 161.0
  lightning_num: 0
  lightning_time: 1769363721
  lightning: 34
  vpd: 0.042
  wh65batt: 0
  wh25batt: 0
  soilbatt1: 1.4
  pm25batt1: 5
  wh57batt: 3
  freq: 868M
  model: HP2550A_Pro_V2.0.9
  lightning: 34
  lightning_num: 0
  lightning_time: 1769363721
INFO:     192.168.0.20:25873 - "POST /ecowitt HTTP/1.1" 200 OK
2026-01-27 19:11:51,480 [WARNING] unregister_all_services skipped as it does blocking i/o; use AsyncZeroconf with asyncio
C:\Users\kioko\Desktop\MeteoSerV3\core\auto\auto_sensor_discovery.py:262: DeprecationWarning: Callback API version 1 is deprecated, update to latest version
  self._mqtt_client = mqtt.Client()
[INFO] AutoSensorDiscovery: MQTT TLS habilitado (ca=C:\mosquitto\conf\certs\ca.cert.pem, mutual=False)
2026-01-27 19:11:51,505 [INFO] MQTT TLS habilitado (ca=C:\mosquitto\conf\certs\ca.cert.pem, mutual=False)
[DEBUG] AutoSensorDiscovery: mDNS BadTypeInNameException:  (service_type=_services._dns-sd._udp.local., name=_workstation._tcp.local.)
2026-01-27 19:11:51,774 [DEBUG] mDNS BadTypeInNameException:  (service_type=_services._dns-sd._udp.local., name=_workstation._tcp.local.)
[DEBUG] AutoSensorDiscovery: mDNS BadTypeInNameException:  (service_type=_services._dns-sd._udp.local., name=_amzn-wplay._tcp.local.)
2026-01-27 19:11:52,083 [DEBUG] mDNS BadTypeInNameException:  (service_type=_services._dns-sd._udp.local., name=_amzn-wplay._tcp.local.)
[DEBUG] AutoSensorDiscovery: mDNS BadTypeInNameException:  (service_type=_services._dns-sd._udp.local., name=_frameo._tcp.local.)
2026-01-27 19:11:52,083 [DEBUG] mDNS BadTypeInNameException:  (service_type=_services._dns-sd._udp.local., name=_frameo._tcp.local.)
[DEBUG] AutoSensorDiscovery: mDNS BadTypeInNameException:  (service_type=_services._dns-sd._udp.local., name=_dosvc._tcp.local.)
2026-01-27 19:11:52,083 [DEBUG] mDNS BadTypeInNameException:  (service_type=_services._dns-sd._udp.local., name=_dosvc._tcp.local.)
[DEBUG] AutoSensorDiscovery: mDNS BadTypeInNameException:  (service_type=_services._dns-sd._udp.local., name=_spotify-connect._tcp.local.)
2026-01-27 19:11:52,083 [DEBUG] mDNS BadTypeInNameException:  (service_type=_services._dns-sd._udp.local., name=_spotify-connect._tcp.local.)
[DEBUG] AutoSensorDiscovery: mDNS BadTypeInNameException:  (service_type=_services._dns-sd._udp.local., name=_FC9F5ED42C8A._tcp.local.)
2026-01-27 19:11:52,083 [DEBUG] mDNS BadTypeInNameException:  (service_type=_services._dns-sd._udp.local., name=_FC9F5ED42C8A._tcp.local.)
[DEBUG] AutoSensorDiscovery: mDNS BadTypeInNameException:  (service_type=_services._dns-sd._udp.local., name=_amzn-alexa._tcp.local.)
2026-01-27 19:11:52,083 [DEBUG] mDNS BadTypeInNameException:  (service_type=_services._dns-sd._udp.local., name=_amzn-alexa._tcp.local.)
C:\Users\kioko\Desktop\MeteoSerV3\core\indices\environmental_indices.py:965: DeprecationWarning: datetime.datetime.utcfromtimestamp() is deprecated and scheduled for removal in a future version. Use timezone-aware objects to represent datetimes in UTC: datetime.datetime.fromtimestamp(timestamp, datetime.UTC).
  return datetime.datetime.utcfromtimestamp(float(timestamp)).replace(tzinfo=timezone.utc)
2026-01-27 19:11:52,383 [WARNING] [ST_DEBUG] t=15.000000850404614 h=91.99998422246176 v=0.17777777777777778 rad=1.3127179512551992e-33 lat=41.536 lon=2.448 alt=30.0 dt=2026-01-27 18:11:50.904377+00:00 | HeatIndex=18.169198338593258 | Humedad=REAL
2026-01-27 19:11:52,383 [WARNING] [ST_DEBUG] \u2713 UTCI calculado: 15.9░C | Steadman: 16.042040346459054░C
2026-01-27 19:11:52,439 [WARNING] [ST_DEBUG] t=15.000000850404614 h=91.99998422246176 v=0.17777777777777778 rad=1.3127179512551992e-33 lat=41.536 lon=2.448 alt=30.0 dt=2026-01-27 18:11:50.904377+00:00 | HeatIndex=18.169198338593258 | Humedad=REAL
2026-01-27 19:11:52,439 [WARNING] [ST_DEBUG] \u2713 UTCI calculado: 15.9░C | Steadman: 16.042040346459054░C
2026-01-27 19:11:52,536 [WARNING] [ST_DEBUG] t=15.000000850404614 h=91.99998422246176 v=0.17777777777777778 rad=1.3127179512551992e-33 lat=41.536 lon=2.448 alt=30.0 dt=2026-01-27 18:11:50.904377+00:00 | HeatIndex=18.169198338593258 | Humedad=REAL
2026-01-27 19:11:52,536 [WARNING] [ST_DEBUG] \u2713 UTCI calculado: 15.9░C | Steadman: 16.042040346459054░C
2026-01-27 19:11:52,604 [WARNING] [ST_DEBUG] t=15.000000850404614 h=91.99998422246176 v=0.17777777777777778 rad=1.3127179512551992e-33 lat=41.536 lon=2.448 alt=30.0 dt=2026-01-27 18:11:50.904377+00:00 | HeatIndex=18.169198338593258 | Humedad=REAL
2026-01-27 19:11:52,605 [WARNING] [ST_DEBUG] \u2713 UTCI calculado: 15.9░C | Steadman: 16.042040346459054░C
2026-01-27 19:11:52,676 [WARNING] [ST_DEBUG] t=15.000000850404614 h=91.99998422246176 v=0.17777777777777778 rad=1.3127179512551992e-33 lat=41.536 lon=2.448 alt=30.0 dt=2026-01-27 18:11:50.904377+00:00 | HeatIndex=18.169198338593258 | Humedad=REAL
2026-01-27 19:11:52,676 [WARNING] [ST_DEBUG] \u2713 UTCI calculado: 15.9░C | Steadman: 16.042040346459054░C
2026-01-27 19:11:52,764 [WARNING] [ST_DEBUG] t=15.000000850404614 h=91.99998422246176 v=0.17777777777777778 rad=1.3127179512551992e-33 lat=41.536 lon=2.448 alt=30.0 dt=2026-01-27 18:02:47.110281+00:00 | HeatIndex=18.169198338593258 | Humedad=REAL
2026-01-27 19:11:52,765 [WARNING] [ST_DEBUG] \u2713 UTCI calculado: 15.9░C | Steadman: 16.042040346459054░C
2026-01-27 19:11:52,825 [WARNING] [ST_DEBUG] t=15.000000850404614 h=91.99998422246176 v=0.17777777777777778 rad=1.3127179512551992e-33 lat=41.536 lon=2.448 alt=30.0 dt=2026-01-27 18:11:50.904377+00:00 | HeatIndex=18.169198338593258 | Humedad=REAL
2026-01-27 19:11:52,826 [WARNING] [ST_DEBUG] \u2713 UTCI calculado: 15.9░C | Steadman: 16.042040346459054░C
INFO:     127.0.0.1:53338 - "GET /estado HTTP/1.1" 200 OK
INFO:     127.0.0.1:53338 - "GET /api/sensores/historial?nombre=temperatura HTTP/1.1" 200 OK
INFO:     127.0.0.1:55973 - "GET /api/sensores/historial?nombre=humedad HTTP/1.1" 200 OK
INFO:     127.0.0.1:55973 - "POST /client_time HTTP/1.1" 200 OK
C:\Users\kioko\Desktop\MeteoSerV3\core\indices\environmental_indices.py:965: DeprecationWarning: datetime.datetime.utcfromtimestamp() is deprecated and scheduled for removal in a future version. Use timezone-aware objects to represent datetimes in UTC: datetime.datetime.fromtimestamp(timestamp, datetime.UTC).
  return datetime.datetime.utcfromtimestamp(float(timestamp)).replace(tzinfo=timezone.utc)
2026-01-27 19:12:09,337 [WARNING] [ST_DEBUG] t=15.000000850404614 h=91.99998422246176 v=0.17777777777777778 rad=1.3127179512551992e-33 lat=41.536 lon=2.448 alt=30.0 dt=2026-01-27 18:11:50.904377+00:00 | HeatIndex=18.169198338593258 | Humedad=REAL
2026-01-27 19:12:09,337 [WARNING] [ST_DEBUG] \u2713 UTCI calculado: 15.9░C | Steadman: 16.042040346459054░C
2026-01-27 19:12:09,339 [WARNING] [ST_DEBUG] t=15.000000850404614 h=91.99998422246176 v=0.17777777777777778 rad=1.3127179512551992e-33 lat=41.536 lon=2.448 alt=30.0 dt=2026-01-27 18:11:50.904377+00:00 | HeatIndex=18.169198338593258 | Humedad=REAL
2026-01-27 19:12:09,339 [WARNING] [ST_DEBUG] \u2713 UTCI calculado: 15.9░C | Steadman: 16.042040346459054░C
2026-01-27 19:12:09,378 [WARNING] [ST_DEBUG] t=15.000000850404614 h=91.99998422246176 v=0.17777777777777778 rad=1.3127179512551992e-33 lat=41.536 lon=2.448 alt=30.0 dt=2026-01-27 18:11:50.904377+00:00 | HeatIndex=18.169198338593258 | Humedad=REAL
2026-01-27 19:12:09,379 [WARNING] [ST_DEBUG] \u2713 UTCI calculado: 15.9░C | Steadman: 16.042040346459054░C
2026-01-27 19:12:09,424 [WARNING] [ST_DEBUG] t=15.000000850404614 h=91.99998422246176 v=0.17777777777777778 rad=1.0501743610041594e-33 lat=41.536 lon=2.448 alt=30.0 dt=2026-01-27 18:11:50.904377+00:00 | HeatIndex=18.169198338593258 | Humedad=REAL
2026-01-27 19:12:09,424 [WARNING] [ST_DEBUG] \u2713 UTCI calculado: 15.9░C | Steadman: 16.042040346459054░C
2026-01-27 19:12:09,452 [WARNING] [ST_DEBUG] t=15.000000850404614 h=91.99998422246176 v=0.17777777777777778 rad=1.0501743610041594e-33 lat=41.536 lon=2.448 alt=30.0 dt=2026-01-27 18:11:50.904377+00:00 | HeatIndex=18.169198338593258 | Humedad=REAL
2026-01-27 19:12:09,452 [WARNING] [ST_DEBUG] \u2713 UTCI calculado: 15.9░C | Steadman: 16.042040346459054░C
2026-01-27 19:12:09,482 [WARNING] [ST_DEBUG] t=15.000000850404614 h=91.99998422246176 v=0.17777777777777778 rad=1.0501743610041594e-33 lat=41.536 lon=2.448 alt=30.0 dt=2026-01-27 18:11:50.904377+00:00 | HeatIndex=18.169198338593258 | Humedad=REAL
2026-01-27 19:12:09,483 [WARNING] [ST_DEBUG] \u2713 UTCI calculado: 15.9░C | Steadman: 16.042040346459054░C
2026-01-27 19:12:09,527 [WARNING] [ST_DEBUG] t=15.000000595283229 h=91.99998895572323 v=0.49166666666666664 rad=1.0501743610041594e-33 lat=41.536 lon=2.448 alt=30.0 dt=2026-01-27 18:02:47.110281+00:00 | HeatIndex=18.169196080349003 | Humedad=REAL
2026-01-27 19:12:09,527 [WARNING] [ST_DEBUG] \u2713 UTCI calculado: 15.9░C | Steadman: 15.82231805019023░C
2026-01-27 19:12:09,552 [WARNING] [ST_DEBUG] t=15.000000595283229 h=91.99998895572323 v=0.49166666666666664 rad=1.0501743610041594e-33 lat=41.536 lon=2.448 alt=30.0 dt=2026-01-27 18:11:50.904377+00:00 | HeatIndex=18.169196080349003 | Humedad=REAL
2026-01-27 19:12:09,552 [WARNING] [ST_DEBUG] \u2713 UTCI calculado: 15.9░C | Steadman: 15.82231805019023░C
2026-01-27 19:12:09,555 [WARNING] [ST_DEBUG] t=15.000000595283229 h=91.99998895572323 v=0.49166666666666664 rad=1.0501743610041594e-33 lat=41.536 lon=2.448 alt=30.0 dt=2026-01-27 18:11:50.904377+00:00 | HeatIndex=18.169196080349003 | Humedad=REAL
2026-01-27 19:12:09,555 [WARNING] [ST_DEBUG] \u2713 UTCI calculado: 15.9░C | Steadman: 15.82231805019023░C
[Ecowitt] Datos recibidos en puerto desconocido:
  PASSKEY: 979DFF1BC20666D72CD2FC0290AE1832
  stationtype: EasyWeatherV1.7.4
  dateutc: 2026-01-27 18:12:05
  tempinf: 59.0
  humidityin: 88
  baromrelin: 29.575
  baromabsin: 29.227
  tempf: 59.9
  humidity: 92
  winddir: 217
  winddir_avg10m: 197
  windspeedmph: 1.1
  windspdmph_avg10m: 0.7
  windgustmph: 1.1
  maxdailygust: 20.6
  rainratein: 0.000
  eventrainin: 0.039
  hourlyrainin: 0.000
  last24hrainin: 0.039
  dailyrainin: 0.039
  weeklyrainin: 0.130
  monthlyrainin: 4.917
  yearlyrainin: 32.531
  solarradiation: 0.00
  uv: 0
  soilmoisture1: 55
  soilad1: 264
  pm25_ch1: 424.0
  pm25_avg_24h_ch1: 161.0
  lightning_num: 0
  lightning_time: 1769363721
  lightning: 34
  vpd: 0.042
  wh65batt: 0
  wh25batt: 0
  soilbatt1: 1.4
  pm25batt1: 5
  wh57batt: 3
  freq: 868M
  model: HP2550A_Pro_V2.0.9
  lightning: 34
  lightning_num: 0
  lightning_time: 1769363721
INFO:     192.168.0.20:42064 - "POST /ecowitt HTTP/1.1" 200 OK
INFO:     127.0.0.1:50582 - "GET /estado HTTP/1.1" 200 OK
INFO:     127.0.0.1:50582 - "GET /api/sensores/historial?nombre=temperatura HTTP/1.1" 200 OK
INFO:     127.0.0.1:49852 - "GET /api/sensores/historial?nombre=humedad HTTP/1.1" 200 OK
C:\Users\kioko\Desktop\MeteoSerV3\main_asgi.py:1077: DeprecationWarning: datetime.datetime.utcnow() is deprecated and scheduled for removal in a future version. Use timezone-aware objects to represent datetimes in UTC: datetime.datetime.now(datetime.UTC).
  "updated_at": datetime.datetime.utcnow().isoformat(),
C:\Users\kioko\Desktop\MeteoSerV3\core\indices\environmental_indices.py:965: DeprecationWarning: datetime.datetime.utcfromtimestamp() is deprecated and scheduled for removal in a future version. Use timezone-aware objects to represent datetimes in UTC: datetime.datetime.fromtimestamp(timestamp, datetime.UTC).
  return datetime.datetime.utcfromtimestamp(float(timestamp)).replace(tzinfo=timezone.utc)
2026-01-27 19:12:12,056 [WARNING] [ST_DEBUG] t=15.000000595283229 h=91.99998895572323 v=0.49166666666666664 rad=1.0501743610041594e-33 lat=41.536 lon=2.448 alt=30.0 dt=2026-01-27 18:12:09.532400+00:00 | HeatIndex=18.169196080349003 | Humedad=REAL
2026-01-27 19:12:12,057 [WARNING] [ST_DEBUG] \u2713 UTCI calculado: 15.9░C | Steadman: 15.82231805019023░C
2026-01-27 19:12:12,087 [WARNING] [ST_DEBUG] t=15.000000595283229 h=91.99998895572323 v=0.49166666666666664 rad=1.0501743610041594e-33 lat=41.536 lon=2.448 alt=30.0 dt=2026-01-27 18:12:09.532400+00:00 | HeatIndex=18.169196080349003 | Humedad=REAL
2026-01-27 19:12:12,087 [WARNING] [ST_DEBUG] \u2713 UTCI calculado: 15.9░C | Steadman: 15.82231805019023░C
2026-01-27 19:12:12,122 [WARNING] [ST_DEBUG] t=15.000000595283229 h=91.99998895572323 v=0.49166666666666664 rad=1.0501743610041594e-33 lat=41.536 lon=2.448 alt=30.0 dt=2026-01-27 18:12:09.532400+00:00 | HeatIndex=18.169196080349003 | Humedad=REAL
2026-01-27 19:12:12,122 [WARNING] [ST_DEBUG] \u2713 UTCI calculado: 15.9░C | Steadman: 15.82231805019023░C
2026-01-27 19:12:12,145 [WARNING] [ST_DEBUG] t=15.000000595283229 h=91.99998895572323 v=0.49166666666666664 rad=1.0501743610041594e-33 lat=41.536 lon=2.448 alt=30.0 dt=2026-01-27 18:12:09.532400+00:00 | HeatIndex=18.169196080349003 | Humedad=REAL
2026-01-27 19:12:12,145 [WARNING] [ST_DEBUG] \u2713 UTCI calculado: 15.9░C | Steadman: 15.82231805019023░C
2026-01-27 19:12:12,169 [WARNING] [ST_DEBUG] t=15.000000595283229 h=91.99998895572323 v=0.49166666666666664 rad=1.0501743610041594e-33 lat=41.536 lon=2.448 alt=30.0 dt=2026-01-27 18:12:09.532400+00:00 | HeatIndex=18.169196080349003 | Humedad=REAL
2026-01-27 19:12:12,169 [WARNING] [ST_DEBUG] \u2713 UTCI calculado: 15.9░C | Steadman: 15.82231805019023░C
2026-01-27 19:12:12,210 [WARNING] [ST_DEBUG] t=15.000000595283229 h=91.99998895572323 v=0.49166666666666664 rad=1.0501743610041594e-33 lat=41.536 lon=2.448 alt=30.0 dt=2026-01-27 18:02:47.110281+00:00 | HeatIndex=18.169196080349003 | Humedad=REAL
2026-01-27 19:12:12,211 [WARNING] [ST_DEBUG] \u2713 UTCI calculado: 15.9░C | Steadman: 15.82231805019023░C
2026-01-27 19:12:12,234 [WARNING] [ST_DEBUG] t=15.000000595283229 h=91.99998895572323 v=0.49166666666666664 rad=1.0501743610041594e-33 lat=41.536 lon=2.448 alt=30.0 dt=2026-01-27 18:12:09.532400+00:00 | HeatIndex=18.169196080349003 | Humedad=REAL
2026-01-27 19:12:12,234 [WARNING] [ST_DEBUG] \u2713 UTCI calculado: 15.9░C | Steadman: 15.82231805019023░C
INFO:     127.0.0.1:49852 - "GET /estado HTTP/1.1" 200 OK
INFO:     127.0.0.1:49852 - "GET /api/sensores/historial?nombre=temperatura HTTP/1.1" 200 OK
INFO:     127.0.0.1:50582 - "GET /api/sensores/historial?nombre=humedad HTTP/1.1" 200 OK
C:\Users\kioko\Desktop\MeteoSerV3\core\indices\environmental_indices.py:965: DeprecationWarning: datetime.datetime.utcfromtimestamp() is deprecated and scheduled for removal in a future version. Use timezone-aware objects to represent datetimes in UTC: datetime.datetime.fromtimestamp(timestamp, datetime.UTC).
  return datetime.datetime.utcfromtimestamp(float(timestamp)).replace(tzinfo=timezone.utc)
2026-01-27 19:12:22,373 [WARNING] [ST_DEBUG] t=15.000000595283229 h=91.99998895572323 v=0.49166666666666664 rad=1.0501743610041594e-33 lat=41.536 lon=2.448 alt=30.0 dt=2026-01-27 18:12:09.532400+00:00 | HeatIndex=18.169196080349003 | Humedad=REAL
2026-01-27 19:12:22,373 [WARNING] [ST_DEBUG] \u2713 UTCI calculado: 15.9░C | Steadman: 15.82231805019023░C
2026-01-27 19:12:22,395 [WARNING] [ST_DEBUG] t=15.000000595283229 h=91.99998895572323 v=0.49166666666666664 rad=1.0501743610041594e-33 lat=41.536 lon=2.448 alt=30.0 dt=2026-01-27 18:12:09.532400+00:00 | HeatIndex=18.169196080349003 | Humedad=REAL
2026-01-27 19:12:22,395 [WARNING] [ST_DEBUG] \u2713 UTCI calculado: 15.9░C | Steadman: 15.82231805019023░C
2026-01-27 19:12:22,431 [WARNING] [ST_DEBUG] t=15.000000595283229 h=91.99998895572323 v=0.49166666666666664 rad=1.0501743610041594e-33 lat=41.536 lon=2.448 alt=30.0 dt=2026-01-27 18:12:09.532400+00:00 | HeatIndex=18.169196080349003 | Humedad=REAL
2026-01-27 19:12:22,431 [WARNING] [ST_DEBUG] \u2713 UTCI calculado: 15.9░C | Steadman: 15.82231805019023░C
2026-01-27 19:12:22,453 [WARNING] [ST_DEBUG] t=15.000000595283229 h=91.99998895572323 v=0.49166666666666664 rad=1.0501743610041594e-33 lat=41.536 lon=2.448 alt=30.0 dt=2026-01-27 18:12:09.532400+00:00 | HeatIndex=18.169196080349003 | Humedad=REAL
2026-01-27 19:12:22,453 [WARNING] [ST_DEBUG] \u2713 UTCI calculado: 15.9░C | Steadman: 15.82231805019023░C
2026-01-27 19:12:22,476 [WARNING] [ST_DEBUG] t=15.000000595283229 h=91.99998895572323 v=0.49166666666666664 rad=1.0501743610041594e-33 lat=41.536 lon=2.448 alt=30.0 dt=2026-01-27 18:12:09.532400+00:00 | HeatIndex=18.169196080349003 | Humedad=REAL
2026-01-27 19:12:22,476 [WARNING] [ST_DEBUG] \u2713 UTCI calculado: 15.9░C | Steadman: 15.82231805019023░C
2026-01-27 19:12:22,519 [WARNING] [ST_DEBUG] t=15.000000595283229 h=91.99998895572323 v=0.49166666666666664 rad=1.0501743610041594e-33 lat=41.536 lon=2.448 alt=30.0 dt=2026-01-27 18:02:47.110281+00:00 | HeatIndex=18.169196080349003 | Humedad=REAL
2026-01-27 19:12:22,519 [WARNING] [ST_DEBUG] \u2713 UTCI calculado: 15.9░C | Steadman: 15.82231805019023░C
2026-01-27 19:12:22,539 [WARNING] [ST_DEBUG] t=15.000000595283229 h=91.99998895572323 v=0.49166666666666664 rad=1.0501743610041594e-33 lat=41.536 lon=2.448 alt=30.0 dt=2026-01-27 18:12:09.532400+00:00 | HeatIndex=18.169196080349003 | Humedad=REAL
2026-01-27 19:12:22,539 [WARNING] [ST_DEBUG] \u2713 UTCI calculado: 15.9░C | Steadman: 15.82231805019023░C
2026-01-27 19:12:22,543 [WARNING] [ST_DEBUG] t=15.000000595283229 h=91.99998895572323 v=0.49166666666666664 rad=1.0501743610041594e-33 lat=41.536 lon=2.448 alt=30.0 dt=2026-01-27 18:12:09.532400+00:00 | HeatIndex=18.169196080349003 | Humedad=REAL
2026-01-27 19:12:22,544 [WARNING] [ST_DEBUG] \u2713 UTCI calculado: 15.9░C | Steadman: 15.82231805019023░C
2026-01-27 19:12:22,617 [WARNING] [ST_DEBUG] t=15.00000041669826 h=91.99999226900624 v=0.08888888888888889 rad=8.401394888033276e-34 lat=41.536 lon=2.448 alt=30.0 dt=2026-01-27 18:12:09.532400+00:00 | HeatIndex=18.169194499577877 | Humedad=REAL
2026-01-27 19:12:22,617 [WARNING] [ST_DEBUG] \u2713 UTCI calculado: 15.9░C | Steadman: 16.10426244280205░C
[Ecowitt] Datos recibidos en puerto desconocido:
  PASSKEY: 979DFF1BC20666D72CD2FC0290AE1832
  stationtype: EasyWeatherV1.7.4
  dateutc: 2026-01-27 18:12:21
  tempinf: 59.0
  humidityin: 88
  baromrelin: 29.569
  baromabsin: 29.221
  tempf: 59.9
  humidity: 92
  winddir: 225
  winddir_avg10m: 197
  windspeedmph: 0.2
  windspdmph_avg10m: 0.7
  windgustmph: 1.1
  maxdailygust: 20.6
  rainratein: 0.000
  eventrainin: 0.039
  hourlyrainin: 0.000
  last24hrainin: 0.039
  dailyrainin: 0.039
  weeklyrainin: 0.130
  monthlyrainin: 4.917
  yearlyrainin: 32.531
  solarradiation: 0.00
  uv: 0
  soilmoisture1: 55
  soilad1: 264
  pm25_ch1: 424.0
  pm25_avg_24h_ch1: 161.0
  lightning_num: 0
  lightning_time: 1769363721
  lightning: 34
  vpd: 0.042
  wh65batt: 0
  wh25batt: 0
  soilbatt1: 1.4
  pm25batt1: 5
  wh57batt: 3
  freq: 868M
  model: HP2550A_Pro_V2.0.9
  lightning: 34
  lightning_num: 0
  lightning_time: 1769363721
INFO:     192.168.0.20:31131 - "POST /ecowitt HTTP/1.1" 200 OK
INFO:     127.0.0.1:49750 - "GET /estado HTTP/1.1" 200 OK
INFO:     127.0.0.1:49750 - "GET /api/sensores/historial?nombre=temperatura HTTP/1.1" 200 OK
INFO:     127.0.0.1:51272 - "GET /api/sensores/historial?nombre=humedad HTTP/1.1" 200 OK
INFO:     127.0.0.1:51272 - "POST /client_time HTTP/1.1" 200 OK
C:\Users\kioko\Desktop\MeteoSerV3\core\indices\environmental_indices.py:965: DeprecationWarning: datetime.datetime.utcfromtimestamp() is deprecated and scheduled for removal in a future version. Use timezone-aware objects to represent datetimes in UTC: datetime.datetime.fromtimestamp(timestamp, datetime.UTC).
  return datetime.datetime.utcfromtimestamp(float(timestamp)).replace(tzinfo=timezone.utc)
2026-01-27 19:12:32,365 [WARNING] [ST_DEBUG] t=15.00000041669826 h=91.99999226900624 v=0.08888888888888889 rad=8.401394888033276e-34 lat=41.536 lon=2.448 alt=30.0 dt=2026-01-27 18:12:22.614193+00:00 | HeatIndex=18.169194499577877 | Humedad=REAL
2026-01-27 19:12:32,365 [WARNING] [ST_DEBUG] \u2713 UTCI calculado: 15.9░C | Steadman: 16.10426244280205░C
2026-01-27 19:12:32,391 [WARNING] [ST_DEBUG] t=15.00000041669826 h=91.99999226900624 v=0.08888888888888889 rad=8.401394888033276e-34 lat=41.536 lon=2.448 alt=30.0 dt=2026-01-27 18:12:22.614193+00:00 | HeatIndex=18.169194499577877 | Humedad=REAL
2026-01-27 19:12:32,391 [WARNING] [ST_DEBUG] \u2713 UTCI calculado: 15.9░C | Steadman: 16.10426244280205░C
2026-01-27 19:12:32,430 [WARNING] [ST_DEBUG] t=15.00000041669826 h=91.99999226900624 v=0.08888888888888889 rad=8.401394888033276e-34 lat=41.536 lon=2.448 alt=30.0 dt=2026-01-27 18:12:22.614193+00:00 | HeatIndex=18.169194499577877 | Humedad=REAL
2026-01-27 19:12:32,430 [WARNING] [ST_DEBUG] \u2713 UTCI calculado: 15.9░C | Steadman: 16.10426244280205░C
2026-01-27 19:12:32,453 [WARNING] [ST_DEBUG] t=15.00000041669826 h=91.99999226900624 v=0.08888888888888889 rad=8.401394888033276e-34 lat=41.536 lon=2.448 alt=30.0 dt=2026-01-27 18:12:22.614193+00:00 | HeatIndex=18.169194499577877 | Humedad=REAL
2026-01-27 19:12:32,453 [WARNING] [ST_DEBUG] \u2713 UTCI calculado: 15.9░C | Steadman: 16.10426244280205░C
2026-01-27 19:12:32,477 [WARNING] [ST_DEBUG] t=15.00000041669826 h=91.99999226900624 v=0.08888888888888889 rad=8.401394888033276e-34 lat=41.536 lon=2.448 alt=30.0 dt=2026-01-27 18:12:22.614193+00:00 | HeatIndex=18.169194499577877 | Humedad=REAL
2026-01-27 19:12:32,478 [WARNING] [ST_DEBUG] \u2713 UTCI calculado: 15.9░C | Steadman: 16.10426244280205░C
2026-01-27 19:12:32,520 [WARNING] [ST_DEBUG] t=15.00000041669826 h=91.99999226900624 v=0.08888888888888889 rad=8.401394888033276e-34 lat=41.536 lon=2.448 alt=30.0 dt=2026-01-27 18:02:47.110281+00:00 | HeatIndex=18.169194499577877 | Humedad=REAL
2026-01-27 19:12:32,520 [WARNING] [ST_DEBUG] \u2713 UTCI calculado: 15.9░C | Steadman: 16.10426244280205░C
2026-01-27 19:12:32,540 [WARNING] [ST_DEBUG] t=15.00000041669826 h=91.99999226900624 v=0.08888888888888889 rad=8.401394888033276e-34 lat=41.536 lon=2.448 alt=30.0 dt=2026-01-27 18:12:22.614193+00:00 | HeatIndex=18.169194499577877 | Humedad=REAL
2026-01-27 19:12:32,540 [WARNING] [ST_DEBUG] \u2713 UTCI calculado: 15.9░C | Steadman: 16.10426244280205░C
INFO:     127.0.0.1:56820 - "GET /estado HTTP/1.1" 200 OK
INFO:     127.0.0.1:56820 - "GET /api/sensores/historial?nombre=temperatura HTTP/1.1" 200 OK
INFO:     127.0.0.1:56820 - "GET /api/sensores/historial?nombre=humedad HTTP/1.1" 200 OK
2026-01-27 19:12:38,695 [WARNING] [ST_DEBUG] t=15.00000041669826 h=91.99999226900624 v=0.08888888888888889 rad=8.401394888033276e-34 lat=41.536 lon=2.448 alt=30.0 dt=2026-01-27 18:12:22.614193+00:00 | HeatIndex=18.169194499577877 | Humedad=REAL
2026-01-27 19:12:38,696 [WARNING] [ST_DEBUG] \u2713 UTCI calculado: 15.9░C | Steadman: 16.10426244280205░C
2026-01-27 19:12:38,793 [WARNING] [ST_DEBUG] t=15.000000291688782 h=91.99999458830436 v=0.17777777777777778 rad=6.721115910426621e-34 lat=41.536 lon=2.448 alt=30.0 dt=2026-01-27 18:12:22.614193+00:00 | HeatIndex=18.169193393038007 | Humedad=REAL
2026-01-27 19:12:38,794 [WARNING] [ST_DEBUG] \u2713 UTCI calculado: 15.9░C | Steadman: 16.042040184296987░C
[Ecowitt] Datos recibidos en puerto desconocido:
  PASSKEY: 979DFF1BC20666D72CD2FC0290AE1832
  stationtype: EasyWeatherV1.7.4
  dateutc: 2026-01-27 18:12:37
  tempinf: 59.0
  humidityin: 88
  baromrelin: 29.569
  baromabsin: 29.221
  tempf: 59.9
  humidity: 92
  winddir: 218
  winddir_avg10m: 197
  windspeedmph: 0.4
  windspdmph_avg10m: 0.7
  windgustmph: 1.1
  maxdailygust: 20.6
  rainratein: 0.000
  eventrainin: 0.039
  hourlyrainin: 0.000
  last24hrainin: 0.039
  dailyrainin: 0.039
  weeklyrainin: 0.130
  monthlyrainin: 4.917
  yearlyrainin: 32.531
  solarradiation: 0.00
  uv: 0
  soilmoisture1: 55
  soilad1: 264
  pm25_ch1: 451.0
  pm25_avg_24h_ch1: 161.2
  lightning_num: 0
  lightning_time: 1769363721
  lightning: 34
  vpd: 0.042
  wh65batt: 0
  wh25batt: 0
  soilbatt1: 1.4
  pm25batt1: 5
  wh57batt: 3
  freq: 868M
  model: HP2550A_Pro_V2.0.9
  lightning: 34
  lightning_num: 0
  lightning_time: 1769363721
INFO:     192.168.0.20:7422 - "POST /ecowitt HTTP/1.1" 200 OK
C:\Users\kioko\Desktop\MeteoSerV3\main_asgi.py:1077: DeprecationWarning: datetime.datetime.utcnow() is deprecated and scheduled for removal in a future version. Use timezone-aware objects to represent datetimes in UTC: datetime.datetime.now(datetime.UTC).
  "updated_at": datetime.datetime.utcnow().isoformat(),
C:\Users\kioko\Desktop\MeteoSerV3\core\indices\environmental_indices.py:965: DeprecationWarning: datetime.datetime.utcfromtimestamp() is deprecated and scheduled for removal in a future version. Use timezone-aware objects to represent datetimes in UTC: datetime.datetime.fromtimestamp(timestamp, datetime.UTC).
  return datetime.datetime.utcfromtimestamp(float(timestamp)).replace(tzinfo=timezone.utc)
2026-01-27 19:12:42,047 [WARNING] [ST_DEBUG] t=15.000000291688782 h=91.99999458830436 v=0.17777777777777778 rad=6.721115910426621e-34 lat=41.536 lon=2.448 alt=30.0 dt=2026-01-27 18:12:38.787318+00:00 | HeatIndex=18.169193393038007 | Humedad=REAL
2026-01-27 19:12:42,048 [WARNING] [ST_DEBUG] \u2713 UTCI calculado: 15.9░C | Steadman: 16.042040184296987░C
2026-01-27 19:12:42,069 [WARNING] [ST_DEBUG] t=15.000000291688782 h=91.99999458830436 v=0.17777777777777778 rad=6.721115910426621e-34 lat=41.536 lon=2.448 alt=30.0 dt=2026-01-27 18:12:38.787318+00:00 | HeatIndex=18.169193393038007 | Humedad=REAL
2026-01-27 19:12:42,069 [WARNING] [ST_DEBUG] \u2713 UTCI calculado: 15.9░C | Steadman: 16.042040184296987░C
2026-01-27 19:12:42,107 [WARNING] [ST_DEBUG] t=15.000000291688782 h=91.99999458830436 v=0.17777777777777778 rad=6.721115910426621e-34 lat=41.536 lon=2.448 alt=30.0 dt=2026-01-27 18:12:38.787318+00:00 | HeatIndex=18.169193393038007 | Humedad=REAL
2026-01-27 19:12:42,107 [WARNING] [ST_DEBUG] \u2713 UTCI calculado: 15.9░C | Steadman: 16.042040184296987░C
2026-01-27 19:12:42,133 [WARNING] [ST_DEBUG] t=15.000000291688782 h=91.99999458830436 v=0.17777777777777778 rad=6.721115910426621e-34 lat=41.536 lon=2.448 alt=30.0 dt=2026-01-27 18:12:38.787318+00:00 | HeatIndex=18.169193393038007 | Humedad=REAL
2026-01-27 19:12:42,133 [WARNING] [ST_DEBUG] \u2713 UTCI calculado: 15.9░C | Steadman: 16.042040184296987░C
2026-01-27 19:12:42,157 [WARNING] [ST_DEBUG] t=15.000000291688782 h=91.99999458830436 v=0.17777777777777778 rad=6.721115910426621e-34 lat=41.536 lon=2.448 alt=30.0 dt=2026-01-27 18:12:38.787318+00:00 | HeatIndex=18.169193393038007 | Humedad=REAL
2026-01-27 19:12:42,157 [WARNING] [ST_DEBUG] \u2713 UTCI calculado: 15.9░C | Steadman: 16.042040184296987░C
2026-01-27 19:12:42,202 [WARNING] [ST_DEBUG] t=15.000000291688782 h=91.99999458830436 v=0.17777777777777778 rad=6.721115910426621e-34 lat=41.536 lon=2.448 alt=30.0 dt=2026-01-27 18:02:47.110281+00:00 | HeatIndex=18.169193393038007 | Humedad=REAL
2026-01-27 19:12:42,202 [WARNING] [ST_DEBUG] \u2713 UTCI calculado: 15.9░C | Steadman: 16.042040184296987░C
2026-01-27 19:12:42,222 [WARNING] [ST_DEBUG] t=15.000000291688782 h=91.99999458830436 v=0.17777777777777778 rad=6.721115910426621e-34 lat=41.536 lon=2.448 alt=30.0 dt=2026-01-27 18:12:38.787318+00:00 | HeatIndex=18.169193393038007 | Humedad=REAL
2026-01-27 19:12:42,222 [WARNING] [ST_DEBUG] \u2713 UTCI calculado: 15.9░C | Steadman: 16.042040184296987░C
INFO:     127.0.0.1:59416 - "GET /estado HTTP/1.1" 200 OK
INFO:     127.0.0.1:59416 - "GET /api/sensores/historial?nombre=temperatura HTTP/1.1" 200 OK
INFO:     127.0.0.1:52795 - "GET /api/sensores/historial?nombre=humedad HTTP/1.1" 200 OK
2026-01-27 19:12:51,524 [WARNING] unregister_all_services skipped as it does blocking i/o; use AsyncZeroconf with asyncio
C:\Users\kioko\Desktop\MeteoSerV3\core\auto\auto_sensor_discovery.py:262: DeprecationWarning: Callback API version 1 is deprecated, update to latest version
  self._mqtt_client = mqtt.Client()
[INFO] AutoSensorDiscovery: MQTT TLS habilitado (ca=C:\mosquitto\conf\certs\ca.cert.pem, mutual=False)
2026-01-27 19:12:51,545 [INFO] MQTT TLS habilitado (ca=C:\mosquitto\conf\certs\ca.cert.pem, mutual=False)
[DEBUG] AutoSensorDiscovery: mDNS BadTypeInNameException:  (service_type=_services._dns-sd._udp.local., name=_workstation._tcp.local.)
2026-01-27 19:12:51,678 [DEBUG] mDNS BadTypeInNameException:  (service_type=_services._dns-sd._udp.local., name=_workstation._tcp.local.)
[DEBUG] AutoSensorDiscovery: mDNS BadTypeInNameException:  (service_type=_services._dns-sd._udp.local., name=_amzn-wplay._tcp.local.)
2026-01-27 19:12:51,985 [DEBUG] mDNS BadTypeInNameException:  (service_type=_services._dns-sd._udp.local., name=_amzn-wplay._tcp.local.)
[DEBUG] AutoSensorDiscovery: mDNS BadTypeInNameException:  (service_type=_services._dns-sd._udp.local., name=_frameo._tcp.local.)
2026-01-27 19:12:51,985 [DEBUG] mDNS BadTypeInNameException:  (service_type=_services._dns-sd._udp.local., name=_frameo._tcp.local.)
[DEBUG] AutoSensorDiscovery: mDNS BadTypeInNameException:  (service_type=_services._dns-sd._udp.local., name=_dosvc._tcp.local.)
2026-01-27 19:12:51,985 [DEBUG] mDNS BadTypeInNameException:  (service_type=_services._dns-sd._udp.local., name=_dosvc._tcp.local.)
[DEBUG] AutoSensorDiscovery: mDNS BadTypeInNameException:  (service_type=_services._dns-sd._udp.local., name=_spotify-connect._tcp.local.)
2026-01-27 19:12:51,985 [DEBUG] mDNS BadTypeInNameException:  (service_type=_services._dns-sd._udp.local., name=_spotify-connect._tcp.local.)
[DEBUG] AutoSensorDiscovery: mDNS BadTypeInNameException:  (service_type=_services._dns-sd._udp.local., name=_FC9F5ED42C8A._tcp.local.)
2026-01-27 19:12:51,985 [DEBUG] mDNS BadTypeInNameException:  (service_type=_services._dns-sd._udp.local., name=_FC9F5ED42C8A._tcp.local.)
[DEBUG] AutoSensorDiscovery: mDNS BadTypeInNameException:  (service_type=_services._dns-sd._udp.local., name=_amzn-alexa._tcp.local.)
2026-01-27 19:12:51,986 [DEBUG] mDNS BadTypeInNameException:  (service_type=_services._dns-sd._udp.local., name=_amzn-alexa._tcp.local.)
C:\Users\kioko\Desktop\MeteoSerV3\core\indices\environmental_indices.py:965: DeprecationWarning: datetime.datetime.utcfromtimestamp() is deprecated and scheduled for removal in a future version. Use timezone-aware objects to represent datetimes in UTC: datetime.datetime.fromtimestamp(timestamp, datetime.UTC).
  return datetime.datetime.utcfromtimestamp(float(timestamp)).replace(tzinfo=timezone.utc)
2026-01-27 19:12:53,157 [WARNING] [ST_DEBUG] t=15.000000291688782 h=91.99999458830436 v=0.17777777777777778 rad=6.721115910426621e-34 lat=41.536 lon=2.448 alt=30.0 dt=2026-01-27 18:12:38.787318+00:00 | HeatIndex=18.169193393038007 | Humedad=REAL
2026-01-27 19:12:53,157 [WARNING] [ST_DEBUG] \u2713 UTCI calculado: 15.9░C | Steadman: 16.042040184296987░C
2026-01-27 19:12:53,196 [WARNING] [ST_DEBUG] t=15.000000291688782 h=91.99999458830436 v=0.17777777777777778 rad=6.721115910426621e-34 lat=41.536 lon=2.448 alt=30.0 dt=2026-01-27 18:12:38.787318+00:00 | HeatIndex=18.169193393038007 | Humedad=REAL
2026-01-27 19:12:53,196 [WARNING] [ST_DEBUG] \u2713 UTCI calculado: 15.9░C | Steadman: 16.042040184296987░C
2026-01-27 19:12:53,235 [WARNING] [ST_DEBUG] t=15.000000291688782 h=91.99999458830436 v=0.17777777777777778 rad=6.721115910426621e-34 lat=41.536 lon=2.448 alt=30.0 dt=2026-01-27 18:12:38.787318+00:00 | HeatIndex=18.169193393038007 | Humedad=REAL
2026-01-27 19:12:53,235 [WARNING] [ST_DEBUG] \u2713 UTCI calculado: 15.9░C | Steadman: 16.042040184296987░C
2026-01-27 19:12:53,273 [WARNING] [ST_DEBUG] t=15.000000291688782 h=91.99999458830436 v=0.17777777777777778 rad=6.721115910426621e-34 lat=41.536 lon=2.448 alt=30.0 dt=2026-01-27 18:12:38.787318+00:00 | HeatIndex=18.169193393038007 | Humedad=REAL
2026-01-27 19:12:53,273 [WARNING] [ST_DEBUG] \u2713 UTCI calculado: 15.9░C | Steadman: 16.042040184296987░C
2026-01-27 19:12:53,299 [WARNING] [ST_DEBUG] t=15.000000291688782 h=91.99999458830436 v=0.17777777777777778 rad=6.721115910426621e-34 lat=41.536 lon=2.448 alt=30.0 dt=2026-01-27 18:12:38.787318+00:00 | HeatIndex=18.169193393038007 | Humedad=REAL
2026-01-27 19:12:53,299 [WARNING] [ST_DEBUG] \u2713 UTCI calculado: 15.9░C | Steadman: 16.042040184296987░C
2026-01-27 19:12:53,342 [WARNING] [ST_DEBUG] t=15.000000291688782 h=91.99999458830436 v=0.17777777777777778 rad=6.721115910426621e-34 lat=41.536 lon=2.448 alt=30.0 dt=2026-01-27 18:02:47.110281+00:00 | HeatIndex=18.169193393038007 | Humedad=REAL
2026-01-27 19:12:53,342 [WARNING] [ST_DEBUG] \u2713 UTCI calculado: 15.9░C | Steadman: 16.042040184296987░C
2026-01-27 19:12:53,364 [WARNING] [ST_DEBUG] t=15.000000291688782 h=91.99999458830436 v=0.17777777777777778 rad=6.721115910426621e-34 lat=41.536 lon=2.448 alt=30.0 dt=2026-01-27 18:12:38.787318+00:00 | HeatIndex=18.169193393038007 | Humedad=REAL
2026-01-27 19:12:53,364 [WARNING] [ST_DEBUG] \u2713 UTCI calculado: 15.9░C | Steadman: 16.042040184296987░C
INFO:     127.0.0.1:65356 - "GET /estado HTTP/1.1" 200 OK
INFO:     127.0.0.1:65356 - "GET /api/sensores/historial?nombre=temperatura HTTP/1.1" 200 OK
INFO:     127.0.0.1:60979 - "GET /api/sensores/historial?nombre=humedad HTTP/1.1" 200 OK
INFO:     127.0.0.1:60979 - "POST /client_time HTTP/1.1" 200 OK
2026-01-27 19:12:54,933 [WARNING] [ST_DEBUG] t=15.000000291688782 h=91.99999458830436 v=0.17777777777777778 rad=6.721115910426621e-34 lat=41.536 lon=2.448 alt=30.0 dt=2026-01-27 18:12:54.871000+00:00 | HeatIndex=18.169193393038007 | Humedad=REAL
2026-01-27 19:12:54,933 [WARNING] [ST_DEBUG] \u2713 UTCI calculado: 15.9░C | Steadman: 16.042040184296987░C
2026-01-27 19:12:55,043 [WARNING] [ST_DEBUG] t=15.000000204182147 h=91.99999621181304 v=0.08888888888888889 rad=5.376892728341297e-34 lat=41.536 lon=2.448 alt=30.0 dt=2026-01-27 18:12:54.871000+00:00 | HeatIndex=18.169192618460023 | Humedad=REAL
2026-01-27 19:12:55,043 [WARNING] [ST_DEBUG] \u2713 UTCI calculado: 15.9░C | Steadman: 16.104262381121224░C
[Ecowitt] Datos recibidos en puerto desconocido:
  PASSKEY: 979DFF1BC20666D72CD2FC0290AE1832
  stationtype: EasyWeatherV1.7.4
  dateutc: 2026-01-27 18:12:53
  tempinf: 59.0
  humidityin: 88
  baromrelin: 29.569
  baromabsin: 29.221
  tempf: 59.9
  humidity: 92
  winddir: 232
  winddir_avg10m: 197
  windspeedmph: 0.2
  windspdmph_avg10m: 0.7
  windgustmph: 1.1
  maxdailygust: 20.6
  rainratein: 0.000
  eventrainin: 0.039
  hourlyrainin: 0.000
  last24hrainin: 0.039
  dailyrainin: 0.039
  weeklyrainin: 0.130
  monthlyrainin: 4.917
  yearlyrainin: 32.531
  solarradiation: 0.00
  uv: 0
  soilmoisture1: 55
  soilad1: 264
  pm25_ch1: 451.0
  pm25_avg_24h_ch1: 161.2
  lightning_num: 0
  lightning_time: 1769363721
  lightning: 34
  vpd: 0.042
  wh65batt: 0
  wh25batt: 0
  soilbatt1: 1.4
  pm25batt1: 5
  wh57batt: 3
  freq: 868M
  model: HP2550A_Pro_V2.0.9
  lightning: 34
  lightning_num: 0
  lightning_time: 1769363721
INFO:     192.168.0.20:4757 - "POST /ecowitt HTTP/1.1" 200 OK
C:\Users\kioko\Desktop\MeteoSerV3\core\indices\environmental_indices.py:965: DeprecationWarning: datetime.datetime.utcfromtimestamp() is deprecated and scheduled for removal in a future version. Use timezone-aware objects to represent datetimes in UTC: datetime.datetime.fromtimestamp(timestamp, datetime.UTC).
  return datetime.datetime.utcfromtimestamp(float(timestamp)).replace(tzinfo=timezone.utc)
2026-01-27 19:13:03,144 [WARNING] [ST_DEBUG] t=15.000000204182147 h=91.99999621181304 v=0.08888888888888889 rad=5.376892728341297e-34 lat=41.536 lon=2.448 alt=30.0 dt=2026-01-27 18:12:55.039110+00:00 | HeatIndex=18.169192618460023 | Humedad=REAL
2026-01-27 19:13:03,144 [WARNING] [ST_DEBUG] \u2713 UTCI calculado: 15.9░C | Steadman: 16.104262381121224░C
2026-01-27 19:13:03,165 [WARNING] [ST_DEBUG] t=15.000000204182147 h=91.99999621181304 v=0.08888888888888889 rad=5.376892728341297e-34 lat=41.536 lon=2.448 alt=30.0 dt=2026-01-27 18:12:55.039110+00:00 | HeatIndex=18.169192618460023 | Humedad=REAL
2026-01-27 19:13:03,165 [WARNING] [ST_DEBUG] \u2713 UTCI calculado: 15.9░C | Steadman: 16.104262381121224░C
2026-01-27 19:13:03,201 [WARNING] [ST_DEBUG] t=15.000000204182147 h=91.99999621181304 v=0.08888888888888889 rad=5.376892728341297e-34 lat=41.536 lon=2.448 alt=30.0 dt=2026-01-27 18:12:55.039110+00:00 | HeatIndex=18.169192618460023 | Humedad=REAL
2026-01-27 19:13:03,201 [WARNING] [ST_DEBUG] \u2713 UTCI calculado: 15.9░C | Steadman: 16.104262381121224░C
2026-01-27 19:13:03,224 [WARNING] [ST_DEBUG] t=15.000000204182147 h=91.99999621181304 v=0.08888888888888889 rad=5.376892728341297e-34 lat=41.536 lon=2.448 alt=30.0 dt=2026-01-27 18:12:55.039110+00:00 | HeatIndex=18.169192618460023 | Humedad=REAL
2026-01-27 19:13:03,224 [WARNING] [ST_DEBUG] \u2713 UTCI calculado: 15.9░C | Steadman: 16.104262381121224░C
2026-01-27 19:13:03,247 [WARNING] [ST_DEBUG] t=15.000000204182147 h=91.99999621181304 v=0.08888888888888889 rad=5.376892728341297e-34 lat=41.536 lon=2.448 alt=30.0 dt=2026-01-27 18:12:55.039110+00:00 | HeatIndex=18.169192618460023 | Humedad=REAL
2026-01-27 19:13:03,247 [WARNING] [ST_DEBUG] \u2713 UTCI calculado: 15.9░C | Steadman: 16.104262381121224░C
2026-01-27 19:13:03,286 [WARNING] [ST_DEBUG] t=15.000000204182147 h=91.99999621181304 v=0.08888888888888889 rad=5.376892728341297e-34 lat=41.536 lon=2.448 alt=30.0 dt=2026-01-27 18:02:47.110281+00:00 | HeatIndex=18.169192618460023 | Humedad=REAL
2026-01-27 19:13:03,286 [WARNING] [ST_DEBUG] \u2713 UTCI calculado: 15.9░C | Steadman: 16.104262381121224░C
2026-01-27 19:13:03,305 [WARNING] [ST_DEBUG] t=15.000000204182147 h=91.99999621181304 v=0.08888888888888889 rad=5.376892728341297e-34 lat=41.536 lon=2.448 alt=30.0 dt=2026-01-27 18:12:55.039110+00:00 | HeatIndex=18.169192618460023 | Humedad=REAL
2026-01-27 19:13:03,305 [WARNING] [ST_DEBUG] \u2713 UTCI calculado: 15.9░C | Steadman: 16.104262381121224░C
INFO:     127.0.0.1:53696 - "GET /estado HTTP/1.1" 200 OK
INFO:     127.0.0.1:53696 - "GET /api/sensores/historial?nombre=temperatura HTTP/1.1" 200 OK
INFO:     127.0.0.1:53696 - "GET /api/sensores/historial?nombre=humedad HTTP/1.1" 200 OK
C:\Users\kioko\Desktop\MeteoSerV3\main_asgi.py:1077: DeprecationWarning: datetime.datetime.utcnow() is deprecated and scheduled for removal in a future version. Use timezone-aware objects to represent datetimes in UTC: datetime.datetime.now(datetime.UTC).
  "updated_at": datetime.datetime.utcnow().isoformat(),
2026-01-27 19:13:10,596 [WARNING] [ST_DEBUG] t=15.000000204182147 h=91.99999621181304 v=0.08888888888888889 rad=5.376892728341297e-34 lat=41.536 lon=2.448 alt=30.0 dt=2026-01-27 18:12:55.039110+00:00 | HeatIndex=18.169192618460023 | Humedad=REAL
2026-01-27 19:13:10,596 [WARNING] [ST_DEBUG] \u2713 UTCI calculado: 15.9░C | Steadman: 16.104262381121224░C
2026-01-27 19:13:10,674 [WARNING] [ST_DEBUG] t=15.000000142927503 h=91.99999734826912 v=0.40277777777777773 rad=4.3015141826730375e-34 lat=41.536 lon=2.448 alt=30.0 dt=2026-01-27 18:12:55.039110+00:00 | HeatIndex=18.1691920762553 | Humedad=REAL
2026-01-27 19:13:10,674 [WARNING] [ST_DEBUG] \u2713 UTCI calculado: 15.9░C | Steadman: 15.884540141120407░C
[Ecowitt] Datos recibidos en puerto desconocido:
  PASSKEY: 979DFF1BC20666D72CD2FC0290AE1832
  stationtype: EasyWeatherV1.7.4
  dateutc: 2026-01-27 18:13:09
  tempinf: 59.0
  humidityin: 88
  baromrelin: 29.569
  baromabsin: 29.221
  tempf: 59.9
  humidity: 92
  winddir: 186
  winddir_avg10m: 197
  windspeedmph: 0.9
  windspdmph_avg10m: 0.4
  windgustmph: 1.1
  maxdailygust: 20.6
  rainratein: 0.000
  eventrainin: 0.039
  hourlyrainin: 0.000
  last24hrainin: 0.039
  dailyrainin: 0.039
  weeklyrainin: 0.130
  monthlyrainin: 4.917
  yearlyrainin: 32.531
  solarradiation: 0.00
  uv: 0
  soilmoisture1: 55
  soilad1: 264
  pm25_ch1: 451.0
  pm25_avg_24h_ch1: 161.2
  lightning_num: 0
  lightning_time: 1769363721
  lightning: 34
  vpd: 0.042
  wh65batt: 0
  wh25batt: 0
  soilbatt1: 1.4
  pm25batt1: 5
  wh57batt: 3
  freq: 868M
  model: HP2550A_Pro_V2.0.9
  lightning: 34
  lightning_num: 0
  lightning_time: 1769363721
INFO:     192.168.0.20:42764 - "POST /ecowitt HTTP/1.1" 200 OK
C:\Users\kioko\Desktop\MeteoSerV3\core\indices\environmental_indices.py:965: DeprecationWarning: datetime.datetime.utcfromtimestamp() is deprecated and scheduled for removal in a future version. Use timezone-aware objects to represent datetimes in UTC: datetime.datetime.fromtimestamp(timestamp, datetime.UTC).
  return datetime.datetime.utcfromtimestamp(float(timestamp)).replace(tzinfo=timezone.utc)
2026-01-27 19:13:12,828 [WARNING] [ST_DEBUG] t=15.000000142927503 h=91.99999734826912 v=0.40277777777777773 rad=4.3015141826730375e-34 lat=41.536 lon=2.448 alt=30.0 dt=2026-01-27 18:13:10.671086+00:00 | HeatIndex=18.1691920762553 | Humedad=REAL
2026-01-27 19:13:12,828 [WARNING] [ST_DEBUG] \u2713 UTCI calculado: 15.9░C | Steadman: 15.884540141120407░C
2026-01-27 19:13:12,849 [WARNING] [ST_DEBUG] t=15.000000142927503 h=91.99999734826912 v=0.40277777777777773 rad=4.3015141826730375e-34 lat=41.536 lon=2.448 alt=30.0 dt=2026-01-27 18:13:10.671086+00:00 | HeatIndex=18.1691920762553 | Humedad=REAL
2026-01-27 19:13:12,849 [WARNING] [ST_DEBUG] \u2713 UTCI calculado: 15.9░C | Steadman: 15.884540141120407░C
2026-01-27 19:13:12,884 [WARNING] [ST_DEBUG] t=15.000000142927503 h=91.99999734826912 v=0.40277777777777773 rad=4.3015141826730375e-34 lat=41.536 lon=2.448 alt=30.0 dt=2026-01-27 18:13:10.671086+00:00 | HeatIndex=18.1691920762553 | Humedad=REAL
2026-01-27 19:13:12,884 [WARNING] [ST_DEBUG] \u2713 UTCI calculado: 15.9░C | Steadman: 15.884540141120407░C
2026-01-27 19:13:12,906 [WARNING] [ST_DEBUG] t=15.000000142927503 h=91.99999734826912 v=0.40277777777777773 rad=4.3015141826730375e-34 lat=41.536 lon=2.448 alt=30.0 dt=2026-01-27 18:13:10.671086+00:00 | HeatIndex=18.1691920762553 | Humedad=REAL
2026-01-27 19:13:12,906 [WARNING] [ST_DEBUG] \u2713 UTCI calculado: 15.9░C | Steadman: 15.884540141120407░C
2026-01-27 19:13:12,931 [WARNING] [ST_DEBUG] t=15.000000142927503 h=91.99999734826912 v=0.40277777777777773 rad=4.3015141826730375e-34 lat=41.536 lon=2.448 alt=30.0 dt=2026-01-27 18:13:10.671086+00:00 | HeatIndex=18.1691920762553 | Humedad=REAL
2026-01-27 19:13:12,931 [WARNING] [ST_DEBUG] \u2713 UTCI calculado: 15.9░C | Steadman: 15.884540141120407░C
2026-01-27 19:13:12,980 [WARNING] [ST_DEBUG] t=15.000000142927503 h=91.99999734826912 v=0.40277777777777773 rad=4.3015141826730375e-34 lat=41.536 lon=2.448 alt=30.0 dt=2026-01-27 18:02:47.110281+00:00 | HeatIndex=18.1691920762553 | Humedad=REAL
2026-01-27 19:13:12,980 [WARNING] [ST_DEBUG] \u2713 UTCI calculado: 15.9░C | Steadman: 15.884540141120407░C
2026-01-27 19:13:13,000 [WARNING] [ST_DEBUG] t=15.000000142927503 h=91.99999734826912 v=0.40277777777777773 rad=4.3015141826730375e-34 lat=41.536 lon=2.448 alt=30.0 dt=2026-01-27 18:13:10.671086+00:00 | HeatIndex=18.1691920762553 | Humedad=REAL
2026-01-27 19:13:13,001 [WARNING] [ST_DEBUG] \u2713 UTCI calculado: 15.9░C | Steadman: 15.884540141120407░C
INFO:     127.0.0.1:57193 - "GET /estado HTTP/1.1" 200 OK
INFO:     127.0.0.1:57193 - "GET /api/sensores/historial?nombre=temperatura HTTP/1.1" 200 OK
INFO:     127.0.0.1:54222 - "GET /api/sensores/historial?nombre=humedad HTTP/1.1" 200 OK
INFO:     Shutting down
